Variant ID,P/N,Product Code Type,Model,Capacity,Sale Mode,RRP,Standard Discount,SF+ Discount,Trade Up Discount,Student Discount,Net Price,Coupon,Gift,Start Date,End Date,Temporal Status,Source File,Source Sheet,Source Row,Source Column Mapping,Match Method,Validation Status,Error Codes
RET-อัพเดท-R4-SF_PLUS,-,STANDARD_SM,Galaxy S26 Ultra,1TB,SF_PLUS,66900.0,0,5000.0,0,0,61900.0,01,-,2026-08-28,2026-09-06,ACTIVE,Aug_ 2026 Promotion Retail_Shop Samsung .xlsx,อัพเดท 28 Aug - 6 Sep ล่าสุด,4,"{""rrp"": ""D"", ""discount"": ""E"", ""coupon"": ""F"", ""netPrice"": ""D-E""}",MODEL_CAPACITY,WARNING,-
RET-อัพเดท-R4-SPECIAL-STD,-,STANDARD_SM,Galaxy S26 Ultra,1TB,STANDARD_PAYMENT,66900.0,9000.0,0,0,0,57900.0,01,-,2026-08-28,2026-09-06,ACTIVE,Aug_ 2026 Promotion Retail_Shop Samsung .xlsx,อัพเดท 28 Aug - 6 Sep ล่าสุด,4,"{""rrp"": ""D"", ""standardDiscount"": ""K"", ""netPrice"": ""L""}",MODEL_CAPACITY,WARNING,-
RET-อัพเดท-R4-TRADEUP,-,STANDARD_SM,Galaxy S26 Ultra,1TB,TRADE_UP,66900.0,5000.0,0,5000.0,0,56900.0,T-UP-CO-S,-,2026-08-28,2026-09-06,ACTIVE,Aug_ 2026 Promotion Retail_Shop Samsung .xlsx,อัพเดท 28 Aug - 6 Sep ล่าสุด,4,"{""rrp"": ""D"", ""tradeUpDiscount"": ""H"", ""tradeUpPaymentCode"": ""I"", ""tradeUpNetPrice"": ""J""}",MODEL_CAPACITY,WARNING,-
RET-อัพเดท-R5-SF_PLUS,-,STANDARD_SM,Galaxy S26 Ultra,512GB,SF_PLUS,54900.0,0,5000.0,0,0,49900.0,01,-,2026-08-28,2026-09-06,ACTIVE,Aug_ 2026 Promotion Retail_Shop Samsung .xlsx,อัพเดท 28 Aug - 6 Sep ล่าสุด,5,"{""rrp"": ""D"", ""discount"": ""E"", ""coupon"": ""F"", ""netPrice"": ""D-E""}",MODEL_CAPACITY,WARNING,-
RET-อัพเดท-R5-SPECIAL-STD,-,STANDARD_SM,Galaxy S26 Ultra,512GB,STANDARD_PAYMENT,54900.0,9000.0,0,0,0,45900.0,01,-,2026-08-28,2026-09-06,ACTIVE,Aug_ 2026 Promotion Retail_Shop Samsung .xlsx,อัพเดท 28 Aug - 6 Sep ล่าสุด,5,"{""rrp"": ""D"", ""standardDiscount"": ""K"", ""netPrice"": ""L""}",MODEL_CAPACITY,WARNING,-
RET-อัพเดท-R5-TRADEUP,-,STANDARD_SM,Galaxy S26 Ultra,512GB,TRADE_UP,54900.0,5000.0,0,5000.0,0,44900.0,T-UP-CO-S,-,2026-08-28,2026-09-06,ACTIVE,Aug_ 2026 Promotion Retail_Shop Samsung .xlsx,อัพเดท 28 Aug - 6 Sep ล่าสุด,5,"{""rrp"": ""D"", ""tradeUpDiscount"": ""H"", ""tradeUpPaymentCode"": ""I"", ""tradeUpNetPrice"": ""J""}",MODEL_CAPACITY,WARNING,-
RET-อัพเดท-R5-STUDENT,-,STANDARD_SM,Galaxy S26 Ultra,512GB,STUDENT,54900.0,0,0,0,8235,46665,Studentcrd,-,2026-08-28,2026-09-06,ACTIVE,Aug_ 2026 Promotion Retail_Shop Samsung .xlsx,อัพเดท 28 Aug - 6 Sep ล่าสุด,5,"{""rrp"": ""D"", ""studentRate"": ""G"", ""studentNet"": ""round(D*(1-G))""}",MODEL_CAPACITY,WARNING,-
RET-อัพเดท-R6-SF_PLUS,-,STANDARD_SM,Galaxy S26 Ultra,256GB,SF_PLUS,46900.0,0,5000.0,0,0,41900.0,01,-,2026-08-28,2026-09-06,ACTIVE,Aug_ 2026 Promotion Retail_Shop Samsung .xlsx,อัพเดท 28 Aug - 6 Sep ล่าสุด,6,"{""rrp"": ""D"", ""discount"": ""E"", ""coupon"": ""F"", ""netPrice"": ""D-E""}",MODEL_CAPACITY,WARNING,-
RET-อัพเดท-R6-SPECIAL-STD,-,STANDARD_SM,Galaxy S26 Ultra,256GB,STANDARD_PAYMENT,46900.0,9000.0,0,0,0,37900.0,01,-,2026-08-28,2026-09-06,ACTIVE,Aug_ 2026 Promotion Retail_Shop Samsung .xlsx,อัพเดท 28 Aug - 6 Sep ล่าสุด,6,"{""rrp"": ""D"", ""standardDiscount"": ""K"", ""netPrice"": ""L""}",MODEL_CAPACITY,WARNING,-
RET-อัพเดท-R6-TRADEUP,-,STANDARD_SM,Galaxy S26 Ultra,256GB,TRADE_UP,46900.0,5000.0,0,2000.0,0,39900.0,T-UP-CO-S,-,2026-08-28,2026-09-06,ACTIVE,Aug_ 2026 Promotion Retail_Shop Samsung .xlsx,อัพเดท 28 Aug - 6 Sep ล่าสุด,6,"{""rrp"": ""D"", ""tradeUpDiscount"": ""H"", ""tradeUpPaymentCode"": ""I"", ""tradeUpNetPrice"": ""J""}",MODEL_CAPACITY,WARNING,-
RET-อัพเดท-R6-STUDENT,-,STANDARD_SM,Galaxy S26 Ultra,256GB,STUDENT,46900.0,0,0,0,7035,39865,Studentcrd,-,2026-08-28,2026-09-06,ACTIVE,Aug_ 2026 Promotion Retail_Shop Samsung .xlsx,อัพเดท 28 Aug - 6 Sep ล่าสุด,6,"{""rrp"": ""D"", ""studentRate"": ""G"", ""studentNet"": ""round(D*(1-G))""}",MODEL_CAPACITY,WARNING,-
RET-อัพเดท-R7-SF_PLUS,-,STANDARD_SM,Galaxy S26+,512GB,SF_PLUS,48900.0,0,12000.0,0,0,36900.0,01,-,2026-08-28,2026-09-06,ACTIVE,Aug_ 2026 Promotion Retail_Shop Samsung .xlsx,อัพเดท 28 Aug - 6 Sep ล่าสุด,7,"{""rrp"": ""D"", ""discount"": ""E"", ""coupon"": ""F"", ""netPrice"": ""D-E""}",MODEL_CAPACITY,WARNING,-
RET-อัพเดท-R8-SF_PLUS,-,STANDARD_SM,Galaxy S26+,256GB,SF_PLUS,40900.0,0,10000.0,0,0,30900.0,01,-,2026-08-28,2026-09-06,ACTIVE,Aug_ 2026 Promotion Retail_Shop Samsung .xlsx,อัพเดท 28 Aug - 6 Sep ล่าสุด,8,"{""rrp"": ""D"", ""discount"": ""E"", ""coupon"": ""F"", ""netPrice"": ""D-E""}",MODEL_CAPACITY,WARNING,-
RET-อัพเดท-R9-SF_PLUS,-,STANDARD_SM,Galaxy S26,512GB,SF_PLUS,41900.0,0,12000.0,0,0,29900.0,01,-,2026-08-28,2026-09-06,ACTIVE,Aug_ 2026 Promotion Retail_Shop Samsung .xlsx,อัพเดท 28 Aug - 6 Sep ล่าสุด,9,"{""rrp"": ""D"", ""discount"": ""E"", ""coupon"": ""F"", ""netPrice"": ""D-E""}",MODEL_CAPACITY,WARNING,-
RET-อัพเดท-R10-SF_PLUS,-,STANDARD_SM,Galaxy S26,256GB,SF_PLUS,33900.0,0,6000.0,0,0,27900.0,01,-,2026-08-28,2026-09-06,ACTIVE,Aug_ 2026 Promotion Retail_Shop Samsung .xlsx,อัพเดท 28 Aug - 6 Sep ล่าสุด,10,"{""rrp"": ""D"", ""discount"": ""E"", ""coupon"": ""F"", ""netPrice"": ""D-E""}",MODEL_CAPACITY,WARNING,-
RET-อัพเดท-R11-SF_PLUS,-,PASS_F,Galaxy S25 Ultra,256GB,SF_PLUS,42900.0,0,12000.0,0,0,30900.0,01,-,2026-08-28,2026-09-06,ACTIVE,Aug_ 2026 Promotion Retail_Shop Samsung .xlsx,อัพเดท 28 Aug - 6 Sep ล่าสุด,11,"{""rrp"": ""D"", ""discount"": ""E"", ""coupon"": ""F"", ""netPrice"": ""D-E""}",MODEL_CAPACITY,WARNING,-
RET-อัพเดท-R12-SF_PLUS,-,STANDARD_SM,Galaxy S26 FE  NEW,256GB,SF_PLUS,28900.0,0,4000.0,0,0,24900.0,01,-,2026-08-28,2026-09-06,ACTIVE,Aug_ 2026 Promotion Retail_Shop Samsung .xlsx,อัพเดท 28 Aug - 6 Sep ล่าสุด,12,"{""rrp"": ""D"", ""discount"": ""E"", ""coupon"": ""F"", ""netPrice"": ""D-E""}",MODEL_CAPACITY,WARNING,-
RET-อัพเดท-R14-SF_PLUS,-,STANDARD_SM,"Galaxy S25 FE
(ร่วม SF+)",256GB,SF_PLUS,26900.0,0,3000.0,0,0,23900.0,01,-,2026-08-28,2026-09-06,ACTIVE,Aug_ 2026 Promotion Retail_Shop Samsung .xlsx,อัพเดท 28 Aug - 6 Sep ล่าสุด,14,"{""rrp"": ""D"", ""discount"": ""E"", ""coupon"": ""F"", ""netPrice"": ""D-E""}",MODEL_CAPACITY,WARNING,-
RET-อัพเดท-R14-STUDENT,-,STANDARD_SM,"Galaxy S25 FE
(ร่วม SF+)",256GB,STUDENT,26900.0,0,0,0,4035,22865,Studentcrd,-,2026-08-28,2026-09-06,ACTIVE,Aug_ 2026 Promotion Retail_Shop Samsung .xlsx,อัพเดท 28 Aug - 6 Sep ล่าสุด,14,"{""rrp"": ""D"", ""studentRate"": ""G"", ""studentNet"": ""round(D*(1-G))""}",MODEL_CAPACITY,WARNING,-
RET-อัพเดท-R15-SF_PLUS,-,STANDARD_SM,"Galaxy S25 FE
(ร่วม SF+)",128GB,SF_PLUS,22900.0,0,3000.0,0,0,19900.0,01,-,2026-08-28,2026-09-06,ACTIVE,Aug_ 2026 Promotion Retail_Shop Samsung .xlsx,อัพเดท 28 Aug - 6 Sep ล่าสุด,15,"{""rrp"": ""D"", ""discount"": ""E"", ""coupon"": ""F"", ""netPrice"": ""D-E""}",MODEL_CAPACITY,WARNING,-
RET-อัพเดท-R15-STUDENT,-,STANDARD_SM,"Galaxy S25 FE
(ร่วม SF+)",128GB,STUDENT,22900.0,0,0,0,3435,19465,Studentcrd,-,2026-08-28,2026-09-06,ACTIVE,Aug_ 2026 Promotion Retail_Shop Samsung .xlsx,อัพเดท 28 Aug - 6 Sep ล่าสุด,15,"{""rrp"": ""D"", ""studentRate"": ""G"", ""studentNet"": ""round(D*(1-G))""}",MODEL_CAPACITY,WARNING,-
RET-อัพเดท-R16-STANDARD_PAYMENT,-,STANDARD_SM,"Galaxy S25 FE
(ไม่ร่วม SF+)",256GB,STANDARD_PAYMENT,26900.0,6000.0,0,0,0,20900.0,02,-,2026-08-28,2026-09-06,ACTIVE,Aug_ 2026 Promotion Retail_Shop Samsung .xlsx,อัพเดท 28 Aug - 6 Sep ล่าสุด,16,"{""rrp"": ""D"", ""discount"": ""E"", ""coupon"": ""F"", ""netPrice"": ""D-E""}",MODEL_CAPACITY,WARNING,-
RET-อัพเดท-R17-STANDARD_PAYMENT,-,STANDARD_SM,"Galaxy S25 FE
(ไม่ร่วม SF+)",128GB,STANDARD_PAYMENT,22900.0,5000.0,0,0,0,17900.0,02,-,2026-08-28,2026-09-06,ACTIVE,Aug_ 2026 Promotion Retail_Shop Samsung .xlsx,อัพเดท 28 Aug - 6 Sep ล่าสุด,17,"{""rrp"": ""D"", ""discount"": ""E"", ""coupon"": ""F"", ""netPrice"": ""D-E""}",MODEL_CAPACITY,WARNING,-
RET-อัพเดท-R18-TRADEUP,-,STANDARD_SM,Galaxy Z Fold8 Ultra,1TB,TRADE_UP,93900.0,0,0,7000.0,0,86900.0,T-UP-CO-S,-,2026-08-28,2026-09-06,ACTIVE,Aug_ 2026 Promotion Retail_Shop Samsung .xlsx,อัพเดท 28 Aug - 6 Sep ล่าสุด,18,"{""rrp"": ""D"", ""tradeUpDiscount"": ""H"", ""tradeUpPaymentCode"": ""I"", ""tradeUpNetPrice"": ""J""}",MODEL_CAPACITY,WARNING,-
RET-อัพเดท-R19-TRADEUP,-,STANDARD_SM,Galaxy Z Fold8 Ultra,512GB,TRADE_UP,77900.0,0,0,5000.0,0,72900.0,T-UP-CO-S,-,2026-08-28,2026-09-06,ACTIVE,Aug_ 2026 Promotion Retail_Shop Samsung .xlsx,อัพเดท 28 Aug - 6 Sep ล่าสุด,19,"{""rrp"": ""D"", ""tradeUpDiscount"": ""H"", ""tradeUpPaymentCode"": ""I"", ""tradeUpNetPrice"": ""J""}",MODEL_CAPACITY,WARNING,-
RET-อัพเดท-R20-TRADEUP,-,STANDARD_SM,Galaxy Z Fold8 Ultra,256GB,TRADE_UP,69900.0,0,0,5000.0,0,64900.0,T-UP-CO-S,-,2026-08-28,2026-09-06,ACTIVE,Aug_ 2026 Promotion Retail_Shop Samsung .xlsx,อัพเดท 28 Aug - 6 Sep ล่าสุด,20,"{""rrp"": ""D"", ""tradeUpDiscount"": ""H"", ""tradeUpPaymentCode"": ""I"", ""tradeUpNetPrice"": ""J""}",MODEL_CAPACITY,WARNING,-
RET-อัพเดท-R21-TRADEUP,-,STANDARD_SM,Galaxy Z Fold8,1TB,TRADE_UP,85900.0,0,0,7000.0,0,78900.0,T-UP-CO-S,-,2026-08-28,2026-09-06,ACTIVE,Aug_ 2026 Promotion Retail_Shop Samsung .xlsx,อัพเดท 28 Aug - 6 Sep ล่าสุด,21,"{""rrp"": ""D"", ""tradeUpDiscount"": ""H"", ""tradeUpPaymentCode"": ""I"", ""tradeUpNetPrice"": ""J""}",MODEL_CAPACITY,WARNING,-
RET-อัพเดท-R22-TRADEUP,-,STANDARD_SM,Galaxy Z Fold8,512GB,TRADE_UP,69900.0,0,0,5000.0,0,64900.0,T-UP-CO-S,-,2026-08-28,2026-09-06,ACTIVE,Aug_ 2026 Promotion Retail_Shop Samsung .xlsx,อัพเดท 28 Aug - 6 Sep ล่าสุด,22,"{""rrp"": ""D"", ""tradeUpDiscount"": ""H"", ""tradeUpPaymentCode"": ""I"", ""tradeUpNetPrice"": ""J""}",MODEL_CAPACITY,WARNING,-
RET-อัพเดท-R23-TRADEUP,-,STANDARD_SM,Galaxy Z Fold8,256GB,TRADE_UP,61900.0,0,0,5000.0,0,56900.0,T-UP-CO-S,-,2026-08-28,2026-09-06,ACTIVE,Aug_ 2026 Promotion Retail_Shop Samsung .xlsx,อัพเดท 28 Aug - 6 Sep ล่าสุด,23,"{""rrp"": ""D"", ""tradeUpDiscount"": ""H"", ""tradeUpPaymentCode"": ""I"", ""tradeUpNetPrice"": ""J""}",MODEL_CAPACITY,WARNING,-
RET-อัพเดท-R24-SF_PLUS,-,STANDARD_SM,Galaxy Z Flip8,512GB,SF_PLUS,50900.0,0,5000.0,0,0,45900.0,01,-,2026-08-28,2026-09-06,ACTIVE,Aug_ 2026 Promotion Retail_Shop Samsung .xlsx,อัพเดท 28 Aug - 6 Sep ล่าสุด,24,"{""rrp"": ""D"", ""discount"": ""E"", ""coupon"": ""F"", ""netPrice"": ""D-E""}",MODEL_CAPACITY,WARNING,-
RET-อัพเดท-R25-SF_PLUS,-,STANDARD_SM,Galaxy Z Flip8,256GB,SF_PLUS,42900.0,0,5000.0,0,0,37900.0,01,-,2026-08-28,2026-09-06,ACTIVE,Aug_ 2026 Promotion Retail_Shop Samsung .xlsx,อัพเดท 28 Aug - 6 Sep ล่าสุด,25,"{""rrp"": ""D"", ""discount"": ""E"", ""coupon"": ""F"", ""netPrice"": ""D-E""}",MODEL_CAPACITY,WARNING,-
RET-อัพเดท-R26-SF_PLUS,-,STANDARD_SM,Galaxy Z Fold 7,1TB,SF_PLUS,87900.0,0,18000.0,0,0,69900.0,01,-,2026-08-28,2026-09-06,ACTIVE,Aug_ 2026 Promotion Retail_Shop Samsung .xlsx,อัพเดท 28 Aug - 6 Sep ล่าสุด,26,"{""rrp"": ""D"", ""discount"": ""E"", ""coupon"": ""F"", ""netPrice"": ""D-E""}",MODEL_CAPACITY,WARNING,-
RET-อัพเดท-R27-SF_PLUS,-,STANDARD_SM,Galaxy Z Fold 7,512GB,SF_PLUS,75900.0,0,18000.0,0,0,57900.0,01,-,2026-08-28,2026-09-06,ACTIVE,Aug_ 2026 Promotion Retail_Shop Samsung .xlsx,อัพเดท 28 Aug - 6 Sep ล่าสุด,27,"{""rrp"": ""D"", ""discount"": ""E"", ""coupon"": ""F"", ""netPrice"": ""D-E""}",MODEL_CAPACITY,WARNING,-
RET-อัพเดท-R28-SF_PLUS,-,STANDARD_SM,Galaxy Z Fold 7,256GB,SF_PLUS,67900.0,0,18000.0,0,0,49900.0,01,-,2026-08-28,2026-09-06,ACTIVE,Aug_ 2026 Promotion Retail_Shop Samsung .xlsx,อัพเดท 28 Aug - 6 Sep ล่าสุด,28,"{""rrp"": ""D"", ""discount"": ""E"", ""coupon"": ""F"", ""netPrice"": ""D-E""}",MODEL_CAPACITY,WARNING,-
RET-อัพเดท-R29-SF_PLUS,-,STANDARD_SM,Galaxy Z Flip7,512GB,SF_PLUS,48900.0,0,11000.0,0,0,37900.0,01,-,2026-08-28,2026-09-06,ACTIVE,Aug_ 2026 Promotion Retail_Shop Samsung .xlsx,อัพเดท 28 Aug - 6 Sep ล่าสุด,29,"{""rrp"": ""D"", ""discount"": ""E"", ""coupon"": ""F"", ""netPrice"": ""D-E""}",MODEL_CAPACITY,WARNING,-
RET-อัพเดท-R30-SF_PLUS,-,STANDARD_SM,Galaxy Z Flip7,256GB,SF_PLUS,40900.0,0,11000.0,0,0,29900.0,01,-,2026-08-28,2026-09-06,ACTIVE,Aug_ 2026 Promotion Retail_Shop Samsung .xlsx,อัพเดท 28 Aug - 6 Sep ล่าสุด,30,"{""rrp"": ""D"", ""discount"": ""E"", ""coupon"": ""F"", ""netPrice"": ""D-E""}",MODEL_CAPACITY,WARNING,-
RET-อัพเดท-R31-STUDENT,-,STANDARD_SM,Galaxy A57 5G,12/512GB,STUDENT,20999.0,0,0,0,2520,18479,Studentcrd,-,2026-08-28,2026-09-06,ACTIVE,Aug_ 2026 Promotion Retail_Shop Samsung .xlsx,อัพเดท 28 Aug - 6 Sep ล่าสุด,31,"{""rrp"": ""D"", ""studentRate"": ""G"", ""studentNet"": ""round(D*(1-G))""}",MODEL_CAPACITY,WARNING,-
RET-อัพเดท-R32-STUDENT,-,STANDARD_SM,Galaxy A57 5G,12/256GB,STUDENT,17999.0,0,0,0,2520,15479,Studentcrd,-,2026-08-28,2026-09-06,ACTIVE,Aug_ 2026 Promotion Retail_Shop Samsung .xlsx,อัพเดท 28 Aug - 6 Sep ล่าสุด,32,"{""rrp"": ""D"", ""studentRate"": ""G"", ""studentNet"": ""round(D*(1-G))""}",MODEL_CAPACITY,WARNING,-
RET-อัพเดท-R33-STUDENT,-,STANDARD_SM,Galaxy A57 5G,8/256GB,STUDENT,16999.0,0,0,0,2550,14449,Studentcrd,-,2026-08-28,2026-09-06,ACTIVE,Aug_ 2026 Promotion Retail_Shop Samsung .xlsx,อัพเดท 28 Aug - 6 Sep ล่าสุด,33,"{""rrp"": ""D"", ""studentRate"": ""G"", ""studentNet"": ""round(D*(1-G))""}",MODEL_CAPACITY,WARNING,-
RET-อัพเดท-R34-STANDARD_PAYMENT,-,STANDARD_SM,"Galaxy A57 5G 
(ไม่สามารถใช้ร่วมกับ SF+ ได้)",12/512GB,STANDARD_PAYMENT,20999.0,3000.0,0,0,0,17999.0,01,-,2026-08-28,2026-09-06,ACTIVE,Aug_ 2026 Promotion Retail_Shop Samsung .xlsx,อัพเดท 28 Aug - 6 Sep ล่าสุด,34,"{""rrp"": ""D"", ""discount"": ""E"", ""coupon"": ""F"", ""netPrice"": ""D-E""}",MODEL_CAPACITY,WARNING,-
RET-อัพเดท-R34-STUDENT,-,STANDARD_SM,"Galaxy A57 5G 
(ไม่สามารถใช้ร่วมกับ SF+ ได้)",12/512GB,STUDENT,20999.0,0,0,0,2520,18479,Studentcrd,-,2026-08-28,2026-09-06,ACTIVE,Aug_ 2026 Promotion Retail_Shop Samsung .xlsx,อัพเดท 28 Aug - 6 Sep ล่าสุด,34,"{""rrp"": ""D"", ""studentRate"": ""G"", ""studentNet"": ""round(D*(1-G))""}",MODEL_CAPACITY,WARNING,-
RET-อัพเดท-R35-STANDARD_PAYMENT,-,STANDARD_SM,"Galaxy A57 5G 
(ไม่สามารถใช้ร่วมกับ SF+ ได้)",12/256GB,STANDARD_PAYMENT,17999.0,2000.0,0,0,0,15999.0,01,-,2026-08-28,2026-09-06,ACTIVE,Aug_ 2026 Promotion Retail_Shop Samsung .xlsx,อัพเดท 28 Aug - 6 Sep ล่าสุด,35,"{""rrp"": ""D"", ""discount"": ""E"", ""coupon"": ""F"", ""netPrice"": ""D-E""}",MODEL_CAPACITY,WARNING,-
RET-อัพเดท-R35-STUDENT,-,STANDARD_SM,"Galaxy A57 5G 
(ไม่สามารถใช้ร่วมกับ SF+ ได้)",12/256GB,STUDENT,17999.0,0,0,0,2520,15479,Studentcrd,-,2026-08-28,2026-09-06,ACTIVE,Aug_ 2026 Promotion Retail_Shop Samsung .xlsx,อัพเดท 28 Aug - 6 Sep ล่าสุด,35,"{""rrp"": ""D"", ""studentRate"": ""G"", ""studentNet"": ""round(D*(1-G))""}",MODEL_CAPACITY,WARNING,-
RET-อัพเดท-R36-STANDARD_PAYMENT,-,STANDARD_SM,"Galaxy A57 5G 
(ไม่สามารถใช้ร่วมกับ SF+ ได้)",8/256GB,STANDARD_PAYMENT,16999.0,2000.0,0,0,0,14999.0,01,-,2026-08-28,2026-09-06,ACTIVE,Aug_ 2026 Promotion Retail_Shop Samsung .xlsx,อัพเดท 28 Aug - 6 Sep ล่าสุด,36,"{""rrp"": ""D"", ""discount"": ""E"", ""coupon"": ""F"", ""netPrice"": ""D-E""}",MODEL_CAPACITY,WARNING,-
RET-อัพเดท-R36-STUDENT,-,STANDARD_SM,"Galaxy A57 5G 
(ไม่สามารถใช้ร่วมกับ SF+ ได้)",8/256GB,STUDENT,16999.0,0,0,0,2550,14449,Studentcrd,-,2026-08-28,2026-09-06,ACTIVE,Aug_ 2026 Promotion Retail_Shop Samsung .xlsx,อัพเดท 28 Aug - 6 Sep ล่าสุด,36,"{""rrp"": ""D"", ""studentRate"": ""G"", ""studentNet"": ""round(D*(1-G))""}",MODEL_CAPACITY,WARNING,-
RET-อัพเดท-R37-STUDENT,-,STANDARD_SM,"Galaxy A37 5G
(ตั้งแต่ 17 สิงหาคม - 6 กันยายน 69)",8/256GB,STUDENT,13999.0,0,0,0,560,13439,Studentcrd,-,2026-08-28,2026-09-06,ACTIVE,Aug_ 2026 Promotion Retail_Shop Samsung .xlsx,อัพเดท 28 Aug - 6 Sep ล่าสุด,37,"{""rrp"": ""D"", ""studentRate"": ""G"", ""studentNet"": ""round(D*(1-G))""}",MODEL_CAPACITY,WARNING,-
RET-อัพเดท-R38-SF_PLUS,-,STANDARD_SM,"Galaxy A27 5G
(ตั้งแต่ 17 สิงหาคม - 6 กันยายน 69)",8/128GB,SF_PLUS,10999.0,0,1000.0,0,0,9999.0,01,-,2026-08-28,2026-09-06,ACTIVE,Aug_ 2026 Promotion Retail_Shop Samsung .xlsx,อัพเดท 28 Aug - 6 Sep ล่าสุด,38,"{""rrp"": ""D"", ""discount"": ""E"", ""coupon"": ""F"", ""netPrice"": ""D-E""}",MODEL_CAPACITY,WARNING,-
RET-อัพเดท-R39-SF_PLUS,-,STANDARD_SM,"Galaxy A17 5G
(ตั้งแต่ 17 สิงหาคม - 6 กันยายน 69)",8/256GB,SF_PLUS,10599.0,0,1600.0,0,0,8999.0,02,-,2026-08-28,2026-09-06,ACTIVE,Aug_ 2026 Promotion Retail_Shop Samsung .xlsx,อัพเดท 28 Aug - 6 Sep ล่าสุด,39,"{""rrp"": ""D"", ""discount"": ""E"", ""coupon"": ""F"", ""netPrice"": ""D-E""}",MODEL_CAPACITY,WARNING,-
RET-อัพเดท-R39-SPECIAL-STD,-,STANDARD_SM,"Galaxy A17 5G
(ตั้งแต่ 17 สิงหาคม - 6 กันยายน 69)",8/256GB,STANDARD_PAYMENT,10599.0,1600.0,0,0,0,8999.0,01,-,2026-08-28,2026-09-06,ACTIVE,Aug_ 2026 Promotion Retail_Shop Samsung .xlsx,อัพเดท 28 Aug - 6 Sep ล่าสุด,39,"{""rrp"": ""D"", ""standardDiscount"": ""K"", ""netPrice"": ""L""}",MODEL_CAPACITY,WARNING,-
RET-อัพเดท-R39-STUDENT,-,STANDARD_SM,"Galaxy A17 5G
(ตั้งแต่ 17 สิงหาคม - 6 กันยายน 69)",8/256GB,STUDENT,10599.0,0,0,0,1060,9539,Studentcrd,-,2026-08-28,2026-09-06,ACTIVE,Aug_ 2026 Promotion Retail_Shop Samsung .xlsx,อัพเดท 28 Aug - 6 Sep ล่าสุด,39,"{""rrp"": ""D"", ""studentRate"": ""G"", ""studentNet"": ""round(D*(1-G))""}",MODEL_CAPACITY,WARNING,-
RET-อัพเดท-R40-SF_PLUS,-,STANDARD_SM,"Galaxy A17 5G
(ตั้งแต่ 17 สิงหาคม - 6 กันยายน 69)",8/128GB,SF_PLUS,8999.0,0,1500.0,0,0,7499.0,01,-,2026-08-28,2026-09-06,ACTIVE,Aug_ 2026 Promotion Retail_Shop Samsung .xlsx,อัพเดท 28 Aug - 6 Sep ล่าสุด,40,"{""rrp"": ""D"", ""discount"": ""E"", ""coupon"": ""F"", ""netPrice"": ""D-E""}",MODEL_CAPACITY,WARNING,-
RET-อัพเดท-R41-SF_PLUS,-,STANDARD_SM,"Galaxy A17 LTE
(ตั้งแต่ 17 สิงหาคม - 6 กันยายน 69)",8/128GB,SF_PLUS,7999.0,0,1000.0,0,0,6999.0,01,-,2026-08-28,2026-09-06,ACTIVE,Aug_ 2026 Promotion Retail_Shop Samsung .xlsx,อัพเดท 28 Aug - 6 Sep ล่าสุด,41,"{""rrp"": ""D"", ""discount"": ""E"", ""coupon"": ""F"", ""netPrice"": ""D-E""}",MODEL_CAPACITY,WARNING,-
RET-อัพเดท-R42-STUDENT,-,STANDARD_SM,"Galaxy A07 5G
(SF+ campaign)",6/128GB,STUDENT,6999.0,0,0,0,700,6299,Studentcrd,-,2026-08-28,2026-09-06,ACTIVE,Aug_ 2026 Promotion Retail_Shop Samsung .xlsx,อัพเดท 28 Aug - 6 Sep ล่าสุด,42,"{""rrp"": ""D"", ""studentRate"": ""G"", ""studentNet"": ""round(D*(1-G))""}",MODEL_CAPACITY,WARNING,-
RET-อัพเดท-R43-STANDARD_PAYMENT,-,STANDARD_SM,"Galaxy A07 5G
(ไม่ร่วม SF+)",6/128GB,STANDARD_PAYMENT,6999.0,500.0,0,0,0,6499.0,01,-,2026-08-28,2026-09-06,ACTIVE,Aug_ 2026 Promotion Retail_Shop Samsung .xlsx,อัพเดท 28 Aug - 6 Sep ล่าสุด,43,"{""rrp"": ""D"", ""discount"": ""E"", ""coupon"": ""F"", ""netPrice"": ""D-E""}",MODEL_CAPACITY,WARNING,-
RET-อัพเดท-R43-STUDENT,-,STANDARD_SM,"Galaxy A07 5G
(ไม่ร่วม SF+)",6/128GB,STUDENT,6999.0,0,0,0,700,6299,Studentcrd,-,2026-08-28,2026-09-06,ACTIVE,Aug_ 2026 Promotion Retail_Shop Samsung .xlsx,อัพเดท 28 Aug - 6 Sep ล่าสุด,43,"{""rrp"": ""D"", ""studentRate"": ""G"", ""studentNet"": ""round(D*(1-G))""}",MODEL_CAPACITY,WARNING,-
RET-อัพเดท-R44-SF_PLUS,-,STANDARD_SM,"Galaxy A07 LTE
(ตั้งแต่ 17 สิงหาคม - 6 กันยายน 69)",6/128GB,SF_PLUS,5999.0,0,1000.0,0,0,4999.0,01,-,2026-08-28,2026-09-06,ACTIVE,Aug_ 2026 Promotion Retail_Shop Samsung .xlsx,อัพเดท 28 Aug - 6 Sep ล่าสุด,44,"{""rrp"": ""D"", ""discount"": ""E"", ""coupon"": ""F"", ""netPrice"": ""D-E""}",MODEL_CAPACITY,WARNING,-
RET-อัพเดท-R45-SF_PLUS,-,STANDARD_SM,"Galaxy A07 LTE
(ตั้งแต่ 17 สิงหาคม - 6 กันยายน 69)",4/128GB,SF_PLUS,5299.0,0,1000.0,0,0,4299.0,01,-,2026-08-28,2026-09-06,ACTIVE,Aug_ 2026 Promotion Retail_Shop Samsung .xlsx,อัพเดท 28 Aug - 6 Sep ล่าสุด,45,"{""rrp"": ""D"", ""discount"": ""E"", ""coupon"": ""F"", ""netPrice"": ""D-E""}",MODEL_CAPACITY,WARNING,-
RET-อัพเดท-R46-SF_PLUS,-,STANDARD_SM,"Galaxy A07 LTE
(ตั้งแต่ 17 สิงหาคม - 6 กันยายน 69)",4/64GB,SF_PLUS,4599.0,0,800.0,0,0,3799.0,01,-,2026-08-28,2026-09-06,ACTIVE,Aug_ 2026 Promotion Retail_Shop Samsung .xlsx,อัพเดท 28 Aug - 6 Sep ล่าสุด,46,"{""rrp"": ""D"", ""discount"": ""E"", ""coupon"": ""F"", ""netPrice"": ""D-E""}",MODEL_CAPACITY,WARNING,-
RET-19 -27-R4-SF_PLUS,-,STANDARD_SM,Galaxy S26 Ultra,1TB,SF_PLUS,66900.0,0,5000.0,0,0,61900.0,01,-,2026-08-19,2026-08-27,EXPIRED,Aug_ 2026 Promotion Retail_Shop Samsung .xlsx,19 -27  Aug,4,"{""rrp"": ""D"", ""discount"": ""E"", ""coupon"": ""F"", ""netPrice"": ""D-E""}",MODEL_CAPACITY,WARNING,-
RET-19 -27-R4-SPECIAL-STD,-,STANDARD_SM,Galaxy S26 Ultra,1TB,STANDARD_PAYMENT,66900.0,9000.0,0,0,0,57900.0,01,-,2026-08-19,2026-08-27,EXPIRED,Aug_ 2026 Promotion Retail_Shop Samsung .xlsx,19 -27  Aug,4,"{""rrp"": ""D"", ""standardDiscount"": ""K"", ""netPrice"": ""L""}",MODEL_CAPACITY,WARNING,-
RET-19 -27-R4-TRADEUP,-,STANDARD_SM,Galaxy S26 Ultra,1TB,TRADE_UP,66900.0,5000.0,0,5000.0,0,56900.0,T-UP-CO-S,-,2026-08-19,2026-08-27,EXPIRED,Aug_ 2026 Promotion Retail_Shop Samsung .xlsx,19 -27  Aug,4,"{""rrp"": ""D"", ""tradeUpDiscount"": ""H"", ""tradeUpPaymentCode"": ""I"", ""tradeUpNetPrice"": ""J""}",MODEL_CAPACITY,WARNING,-
RET-19 -27-R5-SF_PLUS,-,STANDARD_SM,Galaxy S26 Ultra,512GB,SF_PLUS,54900.0,0,5000.0,0,0,49900.0,01,-,2026-08-19,2026-08-27,EXPIRED,Aug_ 2026 Promotion Retail_Shop Samsung .xlsx,19 -27  Aug,5,"{""rrp"": ""D"", ""discount"": ""E"", ""coupon"": ""F"", ""netPrice"": ""D-E""}",MODEL_CAPACITY,WARNING,-
RET-19 -27-R5-SPECIAL-STD,-,STANDARD_SM,Galaxy S26 Ultra,512GB,STANDARD_PAYMENT,54900.0,9000.0,0,0,0,45900.0,01,-,2026-08-19,2026-08-27,EXPIRED,Aug_ 2026 Promotion Retail_Shop Samsung .xlsx,19 -27  Aug,5,"{""rrp"": ""D"", ""standardDiscount"": ""K"", ""netPrice"": ""L""}",MODEL_CAPACITY,WARNING,-
RET-19 -27-R5-TRADEUP,-,STANDARD_SM,Galaxy S26 Ultra,512GB,TRADE_UP,54900.0,5000.0,0,5000.0,0,44900.0,T-UP-CO-S,-,2026-08-19,2026-08-27,EXPIRED,Aug_ 2026 Promotion Retail_Shop Samsung .xlsx,19 -27  Aug,5,"{""rrp"": ""D"", ""tradeUpDiscount"": ""H"", ""tradeUpPaymentCode"": ""I"", ""tradeUpNetPrice"": ""J""}",MODEL_CAPACITY,WARNING,-
RET-19 -27-R5-STUDENT,-,STANDARD_SM,Galaxy S26 Ultra,512GB,STUDENT,54900.0,0,0,0,8235,46665,Studentcrd,-,2026-08-19,2026-08-27,EXPIRED,Aug_ 2026 Promotion Retail_Shop Samsung .xlsx,19 -27  Aug,5,"{""rrp"": ""D"", ""studentRate"": ""G"", ""studentNet"": ""round(D*(1-G))""}",MODEL_CAPACITY,WARNING,-
RET-19 -27-R6-SF_PLUS,-,STANDARD_SM,Galaxy S26 Ultra,256GB,SF_PLUS,46900.0,0,5000.0,0,0,41900.0,01,-,2026-08-19,2026-08-27,EXPIRED,Aug_ 2026 Promotion Retail_Shop Samsung .xlsx,19 -27  Aug,6,"{""rrp"": ""D"", ""discount"": ""E"", ""coupon"": ""F"", ""netPrice"": ""D-E""}",MODEL_CAPACITY,WARNING,-
RET-19 -27-R6-SPECIAL-STD,-,STANDARD_SM,Galaxy S26 Ultra,256GB,STANDARD_PAYMENT,46900.0,9000.0,0,0,0,37900.0,01,-,2026-08-19,2026-08-27,EXPIRED,Aug_ 2026 Promotion Retail_Shop Samsung .xlsx,19 -27  Aug,6,"{""rrp"": ""D"", ""standardDiscount"": ""K"", ""netPrice"": ""L""}",MODEL_CAPACITY,WARNING,-
RET-19 -27-R6-TRADEUP,-,STANDARD_SM,Galaxy S26 Ultra,256GB,TRADE_UP,46900.0,5000.0,0,2000.0,0,39900.0,T-UP-CO-S,-,2026-08-19,2026-08-27,EXPIRED,Aug_ 2026 Promotion Retail_Shop Samsung .xlsx,19 -27  Aug,6,"{""rrp"": ""D"", ""tradeUpDiscount"": ""H"", ""tradeUpPaymentCode"": ""I"", ""tradeUpNetPrice"": ""J""}",MODEL_CAPACITY,WARNING,-
RET-19 -27-R6-STUDENT,-,STANDARD_SM,Galaxy S26 Ultra,256GB,STUDENT,46900.0,0,0,0,7035,39865,Studentcrd,-,2026-08-19,2026-08-27,EXPIRED,Aug_ 2026 Promotion Retail_Shop Samsung .xlsx,19 -27  Aug,6,"{""rrp"": ""D"", ""studentRate"": ""G"", ""studentNet"": ""round(D*(1-G))""}",MODEL_CAPACITY,WARNING,-
RET-19 -27-R7-SF_PLUS,-,STANDARD_SM,Galaxy S26+,512GB,SF_PLUS,48900.0,0,12000.0,0,0,36900.0,01,-,2026-08-19,2026-08-27,EXPIRED,Aug_ 2026 Promotion Retail_Shop Samsung .xlsx,19 -27  Aug,7,"{""rrp"": ""D"", ""discount"": ""E"", ""coupon"": ""F"", ""netPrice"": ""D-E""}",MODEL_CAPACITY,WARNING,-
RET-19 -27-R8-SF_PLUS,-,STANDARD_SM,Galaxy S26+,256GB,SF_PLUS,40900.0,0,10000.0,0,0,30900.0,01,-,2026-08-19,2026-08-27,EXPIRED,Aug_ 2026 Promotion Retail_Shop Samsung .xlsx,19 -27  Aug,8,"{""rrp"": ""D"", ""discount"": ""E"", ""coupon"": ""F"", ""netPrice"": ""D-E""}",MODEL_CAPACITY,WARNING,-
RET-19 -27-R9-SF_PLUS,-,STANDARD_SM,Galaxy S26,512GB,SF_PLUS,41900.0,0,12000.0,0,0,29900.0,01,-,2026-08-19,2026-08-27,EXPIRED,Aug_ 2026 Promotion Retail_Shop Samsung .xlsx,19 -27  Aug,9,"{""rrp"": ""D"", ""discount"": ""E"", ""coupon"": ""F"", ""netPrice"": ""D-E""}",MODEL_CAPACITY,WARNING,-
RET-19 -27-R10-SF_PLUS,-,STANDARD_SM,Galaxy S26,256GB,SF_PLUS,33900.0,0,6000.0,0,0,27900.0,01,-,2026-08-19,2026-08-27,EXPIRED,Aug_ 2026 Promotion Retail_Shop Samsung .xlsx,19 -27  Aug,10,"{""rrp"": ""D"", ""discount"": ""E"", ""coupon"": ""F"", ""netPrice"": ""D-E""}",MODEL_CAPACITY,WARNING,-
RET-19 -27-R11-SF_PLUS,-,PASS_F,Galaxy S25 Ultra,256GB,SF_PLUS,42900.0,0,12000.0,0,0,30900.0,01,-,2026-08-19,2026-08-27,EXPIRED,Aug_ 2026 Promotion Retail_Shop Samsung .xlsx,19 -27  Aug,11,"{""rrp"": ""D"", ""discount"": ""E"", ""coupon"": ""F"", ""netPrice"": ""D-E""}",MODEL_CAPACITY,WARNING,-
RET-19 -27-R12-SF_PLUS,-,STANDARD_SM,"Galaxy S25 FE
(ร่วม SF+)",256GB,SF_PLUS,26900.0,0,3000.0,0,0,23900.0,01,-,2026-08-19,2026-08-27,EXPIRED,Aug_ 2026 Promotion Retail_Shop Samsung .xlsx,19 -27  Aug,12,"{""rrp"": ""D"", ""discount"": ""E"", ""coupon"": ""F"", ""netPrice"": ""D-E""}",MODEL_CAPACITY,WARNING,-
RET-19 -27-R12-STUDENT,-,STANDARD_SM,"Galaxy S25 FE
(ร่วม SF+)",256GB,STUDENT,26900.0,0,0,0,4035,22865,Studentcrd,-,2026-08-19,2026-08-27,EXPIRED,Aug_ 2026 Promotion Retail_Shop Samsung .xlsx,19 -27  Aug,12,"{""rrp"": ""D"", ""studentRate"": ""G"", ""studentNet"": ""round(D*(1-G))""}",MODEL_CAPACITY,WARNING,-
RET-19 -27-R13-SF_PLUS,-,STANDARD_SM,"Galaxy S25 FE
(ร่วม SF+)",128GB,SF_PLUS,22900.0,0,3000.0,0,0,19900.0,01,-,2026-08-19,2026-08-27,EXPIRED,Aug_ 2026 Promotion Retail_Shop Samsung .xlsx,19 -27  Aug,13,"{""rrp"": ""D"", ""discount"": ""E"", ""coupon"": ""F"", ""netPrice"": ""D-E""}",MODEL_CAPACITY,WARNING,-
RET-19 -27-R13-STUDENT,-,STANDARD_SM,"Galaxy S25 FE
(ร่วม SF+)",128GB,STUDENT,22900.0,0,0,0,3435,19465,Studentcrd,-,2026-08-19,2026-08-27,EXPIRED,Aug_ 2026 Promotion Retail_Shop Samsung .xlsx,19 -27  Aug,13,"{""rrp"": ""D"", ""studentRate"": ""G"", ""studentNet"": ""round(D*(1-G))""}",MODEL_CAPACITY,WARNING,-
RET-19 -27-R14-STANDARD_PAYMENT,-,STANDARD_SM,"Galaxy S25 FE
(ไม่ร่วม SF+)",256GB,STANDARD_PAYMENT,26900.0,6000.0,0,0,0,20900.0,02,-,2026-08-19,2026-08-27,EXPIRED,Aug_ 2026 Promotion Retail_Shop Samsung .xlsx,19 -27  Aug,14,"{""rrp"": ""D"", ""discount"": ""E"", ""coupon"": ""F"", ""netPrice"": ""D-E""}",MODEL_CAPACITY,WARNING,-
RET-19 -27-R15-STANDARD_PAYMENT,-,STANDARD_SM,"Galaxy S25 FE
(ไม่ร่วม SF+)",128GB,STANDARD_PAYMENT,22900.0,5000.0,0,0,0,17900.0,02,-,2026-08-19,2026-08-27,EXPIRED,Aug_ 2026 Promotion Retail_Shop Samsung .xlsx,19 -27  Aug,15,"{""rrp"": ""D"", ""discount"": ""E"", ""coupon"": ""F"", ""netPrice"": ""D-E""}",MODEL_CAPACITY,WARNING,-
RET-19 -27-R16-TRADEUP,-,STANDARD_SM,Galaxy Z Fold8 Ultra,1TB,TRADE_UP,93900.0,0,0,7000.0,0,86900.0,T-UP-CO-S,-,2026-08-19,2026-08-27,EXPIRED,Aug_ 2026 Promotion Retail_Shop Samsung .xlsx,19 -27  Aug,16,"{""rrp"": ""D"", ""tradeUpDiscount"": ""H"", ""tradeUpPaymentCode"": ""I"", ""tradeUpNetPrice"": ""J""}",MODEL_CAPACITY,WARNING,-
RET-19 -27-R17-TRADEUP,-,STANDARD_SM,Galaxy Z Fold8 Ultra,512GB,TRADE_UP,77900.0,0,0,5000.0,0,72900.0,T-UP-CO-S,-,2026-08-19,2026-08-27,EXPIRED,Aug_ 2026 Promotion Retail_Shop Samsung .xlsx,19 -27  Aug,17,"{""rrp"": ""D"", ""tradeUpDiscount"": ""H"", ""tradeUpPaymentCode"": ""I"", ""tradeUpNetPrice"": ""J""}",MODEL_CAPACITY,WARNING,-
RET-19 -27-R18-TRADEUP,-,STANDARD_SM,Galaxy Z Fold8 Ultra,256GB,TRADE_UP,69900.0,0,0,5000.0,0,64900.0,T-UP-CO-S,-,2026-08-19,2026-08-27,EXPIRED,Aug_ 2026 Promotion Retail_Shop Samsung .xlsx,19 -27  Aug,18,"{""rrp"": ""D"", ""tradeUpDiscount"": ""H"", ""tradeUpPaymentCode"": ""I"", ""tradeUpNetPrice"": ""J""}",MODEL_CAPACITY,WARNING,-
RET-19 -27-R19-TRADEUP,-,STANDARD_SM,Galaxy Z Fold8,1TB,TRADE_UP,85900.0,0,0,7000.0,0,78900.0,T-UP-CO-S,-,2026-08-19,2026-08-27,EXPIRED,Aug_ 2026 Promotion Retail_Shop Samsung .xlsx,19 -27  Aug,19,"{""rrp"": ""D"", ""tradeUpDiscount"": ""H"", ""tradeUpPaymentCode"": ""I"", ""tradeUpNetPrice"": ""J""}",MODEL_CAPACITY,WARNING,-
RET-19 -27-R20-TRADEUP,-,STANDARD_SM,Galaxy Z Fold8,512GB,TRADE_UP,69900.0,0,0,5000.0,0,64900.0,T-UP-CO-S,-,2026-08-19,2026-08-27,EXPIRED,Aug_ 2026 Promotion Retail_Shop Samsung .xlsx,19 -27  Aug,20,"{""rrp"": ""D"", ""tradeUpDiscount"": ""H"", ""tradeUpPaymentCode"": ""I"", ""tradeUpNetPrice"": ""J""}",MODEL_CAPACITY,WARNING,-
RET-19 -27-R21-TRADEUP,-,STANDARD_SM,Galaxy Z Fold8,256GB,TRADE_UP,61900.0,0,0,5000.0,0,56900.0,T-UP-CO-S,-,2026-08-19,2026-08-27,EXPIRED,Aug_ 2026 Promotion Retail_Shop Samsung .xlsx,19 -27  Aug,21,"{""rrp"": ""D"", ""tradeUpDiscount"": ""H"", ""tradeUpPaymentCode"": ""I"", ""tradeUpNetPrice"": ""J""}",MODEL_CAPACITY,WARNING,-
RET-19 -27-R22-SF_PLUS,-,STANDARD_SM,Galaxy Z Flip8,512GB,SF_PLUS,50900.0,0,5000.0,0,0,45900.0,01,-,2026-08-19,2026-08-27,EXPIRED,Aug_ 2026 Promotion Retail_Shop Samsung .xlsx,19 -27  Aug,22,"{""rrp"": ""D"", ""discount"": ""E"", ""coupon"": ""F"", ""netPrice"": ""D-E""}",MODEL_CAPACITY,WARNING,-
RET-19 -27-R23-SF_PLUS,-,STANDARD_SM,Galaxy Z Flip8,256GB,SF_PLUS,42900.0,0,5000.0,0,0,37900.0,01,-,2026-08-19,2026-08-27,EXPIRED,Aug_ 2026 Promotion Retail_Shop Samsung .xlsx,19 -27  Aug,23,"{""rrp"": ""D"", ""discount"": ""E"", ""coupon"": ""F"", ""netPrice"": ""D-E""}",MODEL_CAPACITY,WARNING,-
RET-19 -27-R24-SF_PLUS,-,STANDARD_SM,Galaxy Z Fold 7,1TB,SF_PLUS,87900.0,0,18000.0,0,0,69900.0,01,-,2026-08-19,2026-08-27,EXPIRED,Aug_ 2026 Promotion Retail_Shop Samsung .xlsx,19 -27  Aug,24,"{""rrp"": ""D"", ""discount"": ""E"", ""coupon"": ""F"", ""netPrice"": ""D-E""}",MODEL_CAPACITY,WARNING,-
RET-19 -27-R25-SF_PLUS,-,STANDARD_SM,Galaxy Z Fold 7,512GB,SF_PLUS,75900.0,0,18000.0,0,0,57900.0,01,-,2026-08-19,2026-08-27,EXPIRED,Aug_ 2026 Promotion Retail_Shop Samsung .xlsx,19 -27  Aug,25,"{""rrp"": ""D"", ""discount"": ""E"", ""coupon"": ""F"", ""netPrice"": ""D-E""}",MODEL_CAPACITY,WARNING,-
RET-19 -27-R26-SF_PLUS,-,STANDARD_SM,Galaxy Z Fold 7,256GB,SF_PLUS,67900.0,0,18000.0,0,0,49900.0,01,-,2026-08-19,2026-08-27,EXPIRED,Aug_ 2026 Promotion Retail_Shop Samsung .xlsx,19 -27  Aug,26,"{""rrp"": ""D"", ""discount"": ""E"", ""coupon"": ""F"", ""netPrice"": ""D-E""}",MODEL_CAPACITY,WARNING,-
RET-19 -27-R27-SF_PLUS,-,STANDARD_SM,Galaxy Z Flip7,512GB,SF_PLUS,48900.0,0,11000.0,0,0,37900.0,01,-,2026-08-19,2026-08-27,EXPIRED,Aug_ 2026 Promotion Retail_Shop Samsung .xlsx,19 -27  Aug,27,"{""rrp"": ""D"", ""discount"": ""E"", ""coupon"": ""F"", ""netPrice"": ""D-E""}",MODEL_CAPACITY,WARNING,-
RET-19 -27-R28-SF_PLUS,-,STANDARD_SM,Galaxy Z Flip7,256GB,SF_PLUS,40900.0,0,11000.0,0,0,29900.0,01,-,2026-08-19,2026-08-27,EXPIRED,Aug_ 2026 Promotion Retail_Shop Samsung .xlsx,19 -27  Aug,28,"{""rrp"": ""D"", ""discount"": ""E"", ""coupon"": ""F"", ""netPrice"": ""D-E""}",MODEL_CAPACITY,WARNING,-
RET-19 -27-R29-STUDENT,-,STANDARD_SM,Galaxy A57 5G,12/512GB,STUDENT,20999.0,0,0,0,2520,18479,Studentcrd,-,2026-08-19,2026-08-27,EXPIRED,Aug_ 2026 Promotion Retail_Shop Samsung .xlsx,19 -27  Aug,29,"{""rrp"": ""D"", ""studentRate"": ""G"", ""studentNet"": ""round(D*(1-G))""}",MODEL_CAPACITY,WARNING,-
RET-19 -27-R30-STUDENT,-,STANDARD_SM,Galaxy A57 5G,12/256GB,STUDENT,17999.0,0,0,0,2520,15479,Studentcrd,-,2026-08-19,2026-08-27,EXPIRED,Aug_ 2026 Promotion Retail_Shop Samsung .xlsx,19 -27  Aug,30,"{""rrp"": ""D"", ""studentRate"": ""G"", ""studentNet"": ""round(D*(1-G))""}",MODEL_CAPACITY,WARNING,-
RET-19 -27-R31-STUDENT,-,STANDARD_SM,Galaxy A57 5G,8/256GB,STUDENT,16999.0,0,0,0,2550,14449,Studentcrd,-,2026-08-19,2026-08-27,EXPIRED,Aug_ 2026 Promotion Retail_Shop Samsung .xlsx,19 -27  Aug,31,"{""rrp"": ""D"", ""studentRate"": ""G"", ""studentNet"": ""round(D*(1-G))""}",MODEL_CAPACITY,WARNING,-
RET-19 -27-R32-STANDARD_PAYMENT,-,STANDARD_SM,"Galaxy A57 5G 
(ไม่สามารถใช้ร่วมกับ SF+ ได้)",12/512GB,STANDARD_PAYMENT,20999.0,2000.0,0,0,0,18999.0,01,-,2026-08-19,2026-08-27,EXPIRED,Aug_ 2026 Promotion Retail_Shop Samsung .xlsx,19 -27  Aug,32,"{""rrp"": ""D"", ""discount"": ""E"", ""coupon"": ""F"", ""netPrice"": ""D-E""}",MODEL_CAPACITY,WARNING,-
RET-19 -27-R32-STUDENT,-,STANDARD_SM,"Galaxy A57 5G 
(ไม่สามารถใช้ร่วมกับ SF+ ได้)",12/512GB,STUDENT,20999.0,0,0,0,2520,18479,Studentcrd,-,2026-08-19,2026-08-27,EXPIRED,Aug_ 2026 Promotion Retail_Shop Samsung .xlsx,19 -27  Aug,32,"{""rrp"": ""D"", ""studentRate"": ""G"", ""studentNet"": ""round(D*(1-G))""}",MODEL_CAPACITY,WARNING,-
RET-19 -27-R33-STANDARD_PAYMENT,-,STANDARD_SM,"Galaxy A57 5G 
(ไม่สามารถใช้ร่วมกับ SF+ ได้)",12/256GB,STANDARD_PAYMENT,17999.0,2000.0,0,0,0,15999.0,01,-,2026-08-19,2026-08-27,EXPIRED,Aug_ 2026 Promotion Retail_Shop Samsung .xlsx,19 -27  Aug,33,"{""rrp"": ""D"", ""discount"": ""E"", ""coupon"": ""F"", ""netPrice"": ""D-E""}",MODEL_CAPACITY,WARNING,-
RET-19 -27-R33-STUDENT,-,STANDARD_SM,"Galaxy A57 5G 
(ไม่สามารถใช้ร่วมกับ SF+ ได้)",12/256GB,STUDENT,17999.0,0,0,0,2520,15479,Studentcrd,-,2026-08-19,2026-08-27,EXPIRED,Aug_ 2026 Promotion Retail_Shop Samsung .xlsx,19 -27  Aug,33,"{""rrp"": ""D"", ""studentRate"": ""G"", ""studentNet"": ""round(D*(1-G))""}",MODEL_CAPACITY,WARNING,-
RET-19 -27-R34-STANDARD_PAYMENT,-,STANDARD_SM,"Galaxy A57 5G 
(ไม่สามารถใช้ร่วมกับ SF+ ได้)",8/256GB,STANDARD_PAYMENT,16999.0,2000.0,0,0,0,14999.0,01,-,2026-08-19,2026-08-27,EXPIRED,Aug_ 2026 Promotion Retail_Shop Samsung .xlsx,19 -27  Aug,34,"{""rrp"": ""D"", ""discount"": ""E"", ""coupon"": ""F"", ""netPrice"": ""D-E""}",MODEL_CAPACITY,WARNING,-
RET-19 -27-R34-STUDENT,-,STANDARD_SM,"Galaxy A57 5G 
(ไม่สามารถใช้ร่วมกับ SF+ ได้)",8/256GB,STUDENT,16999.0,0,0,0,2550,14449,Studentcrd,-,2026-08-19,2026-08-27,EXPIRED,Aug_ 2026 Promotion Retail_Shop Samsung .xlsx,19 -27  Aug,34,"{""rrp"": ""D"", ""studentRate"": ""G"", ""studentNet"": ""round(D*(1-G))""}",MODEL_CAPACITY,WARNING,-
RET-19 -27-R35-STUDENT,-,STANDARD_SM,"Galaxy A37 5G
(ตั้งแต่ 17 สิงหาคม - 6 กันยายน 69)",8/256GB,STUDENT,13999.0,0,0,0,560,13439,Studentcrd,-,2026-08-19,2026-08-27,EXPIRED,Aug_ 2026 Promotion Retail_Shop Samsung .xlsx,19 -27  Aug,35,"{""rrp"": ""D"", ""studentRate"": ""G"", ""studentNet"": ""round(D*(1-G))""}",MODEL_CAPACITY,WARNING,-
RET-19 -27-R36-SF_PLUS,-,STANDARD_SM,"Galaxy A27 5G
(ตั้งแต่ 17 สิงหาคม - 6 กันยายน 69)",8/128GB,SF_PLUS,10999.0,0,1000.0,0,0,9999.0,01,-,2026-08-19,2026-08-27,EXPIRED,Aug_ 2026 Promotion Retail_Shop Samsung .xlsx,19 -27  Aug,36,"{""rrp"": ""D"", ""discount"": ""E"", ""coupon"": ""F"", ""netPrice"": ""D-E""}",MODEL_CAPACITY,WARNING,-
RET-19 -27-R37-SF_PLUS,-,STANDARD_SM,"Galaxy A17 5G
(ตั้งแต่ 17 สิงหาคม - 6 กันยายน 69)",8/256GB,SF_PLUS,10599.0,0,1600.0,0,0,8999.0,02,-,2026-08-19,2026-08-27,EXPIRED,Aug_ 2026 Promotion Retail_Shop Samsung .xlsx,19 -27  Aug,37,"{""rrp"": ""D"", ""discount"": ""E"", ""coupon"": ""F"", ""netPrice"": ""D-E""}",MODEL_CAPACITY,WARNING,-
RET-19 -27-R37-SPECIAL-STD,-,STANDARD_SM,"Galaxy A17 5G
(ตั้งแต่ 17 สิงหาคม - 6 กันยายน 69)",8/256GB,STANDARD_PAYMENT,10599.0,1600.0,0,0,0,8999.0,01,-,2026-08-19,2026-08-27,EXPIRED,Aug_ 2026 Promotion Retail_Shop Samsung .xlsx,19 -27  Aug,37,"{""rrp"": ""D"", ""standardDiscount"": ""K"", ""netPrice"": ""L""}",MODEL_CAPACITY,WARNING,-
RET-19 -27-R37-STUDENT,-,STANDARD_SM,"Galaxy A17 5G
(ตั้งแต่ 17 สิงหาคม - 6 กันยายน 69)",8/256GB,STUDENT,10599.0,0,0,0,1060,9539,Studentcrd,-,2026-08-19,2026-08-27,EXPIRED,Aug_ 2026 Promotion Retail_Shop Samsung .xlsx,19 -27  Aug,37,"{""rrp"": ""D"", ""studentRate"": ""G"", ""studentNet"": ""round(D*(1-G))""}",MODEL_CAPACITY,WARNING,-
RET-19 -27-R38-SF_PLUS,-,STANDARD_SM,"Galaxy A17 5G
(ตั้งแต่ 17 สิงหาคม - 6 กันยายน 69)",8/128GB,SF_PLUS,8999.0,0,1500.0,0,0,7499.0,01,-,2026-08-19,2026-08-27,EXPIRED,Aug_ 2026 Promotion Retail_Shop Samsung .xlsx,19 -27  Aug,38,"{""rrp"": ""D"", ""discount"": ""E"", ""coupon"": ""F"", ""netPrice"": ""D-E""}",MODEL_CAPACITY,WARNING,-
RET-19 -27-R39-SF_PLUS,-,STANDARD_SM,"Galaxy A17 LTE
(ตั้งแต่ 17 สิงหาคม - 6 กันยายน 69)",8/128GB,SF_PLUS,7999.0,0,1000.0,0,0,6999.0,01,-,2026-08-19,2026-08-27,EXPIRED,Aug_ 2026 Promotion Retail_Shop Samsung .xlsx,19 -27  Aug,39,"{""rrp"": ""D"", ""discount"": ""E"", ""coupon"": ""F"", ""netPrice"": ""D-E""}",MODEL_CAPACITY,WARNING,-
RET-19 -27-R40-STUDENT,-,STANDARD_SM,"Galaxy A07 5G
(SF+ campaign)",6/128GB,STUDENT,6999.0,0,0,0,700,6299,Studentcrd,-,2026-08-19,2026-08-27,EXPIRED,Aug_ 2026 Promotion Retail_Shop Samsung .xlsx,19 -27  Aug,40,"{""rrp"": ""D"", ""studentRate"": ""G"", ""studentNet"": ""round(D*(1-G))""}",MODEL_CAPACITY,WARNING,-
RET-19 -27-R41-STANDARD_PAYMENT,-,STANDARD_SM,"Galaxy A07 5G
(ไม่ร่วม SF+)",6/128GB,STANDARD_PAYMENT,6999.0,500.0,0,0,0,6499.0,01,-,2026-08-19,2026-08-27,EXPIRED,Aug_ 2026 Promotion Retail_Shop Samsung .xlsx,19 -27  Aug,41,"{""rrp"": ""D"", ""discount"": ""E"", ""coupon"": ""F"", ""netPrice"": ""D-E""}",MODEL_CAPACITY,WARNING,-
RET-19 -27-R41-STUDENT,-,STANDARD_SM,"Galaxy A07 5G
(ไม่ร่วม SF+)",6/128GB,STUDENT,6999.0,0,0,0,700,6299,Studentcrd,-,2026-08-19,2026-08-27,EXPIRED,Aug_ 2026 Promotion Retail_Shop Samsung .xlsx,19 -27  Aug,41,"{""rrp"": ""D"", ""studentRate"": ""G"", ""studentNet"": ""round(D*(1-G))""}",MODEL_CAPACITY,WARNING,-
RET-19 -27-R42-SF_PLUS,-,STANDARD_SM,"Galaxy A07 LTE
(ตั้งแต่ 17 สิงหาคม - 6 กันยายน 69)",6/128GB,SF_PLUS,5999.0,0,1000.0,0,0,4999.0,01,-,2026-08-19,2026-08-27,EXPIRED,Aug_ 2026 Promotion Retail_Shop Samsung .xlsx,19 -27  Aug,42,"{""rrp"": ""D"", ""discount"": ""E"", ""coupon"": ""F"", ""netPrice"": ""D-E""}",MODEL_CAPACITY,WARNING,-
RET-19 -27-R43-SF_PLUS,-,STANDARD_SM,"Galaxy A07 LTE
(ตั้งแต่ 17 สิงหาคม - 6 กันยายน 69)",4/128GB,SF_PLUS,5299.0,0,1000.0,0,0,4299.0,01,-,2026-08-19,2026-08-27,EXPIRED,Aug_ 2026 Promotion Retail_Shop Samsung .xlsx,19 -27  Aug,43,"{""rrp"": ""D"", ""discount"": ""E"", ""coupon"": ""F"", ""netPrice"": ""D-E""}",MODEL_CAPACITY,WARNING,-
RET-19 -27-R44-SF_PLUS,-,STANDARD_SM,"Galaxy A07 LTE
(ตั้งแต่ 17 สิงหาคม - 6 กันยายน 69)",4/64GB,SF_PLUS,4599.0,0,800.0,0,0,3799.0,01,-,2026-08-19,2026-08-27,EXPIRED,Aug_ 2026 Promotion Retail_Shop Samsung .xlsx,19 -27  Aug,44,"{""rrp"": ""D"", ""discount"": ""E"", ""coupon"": ""F"", ""netPrice"": ""D-E""}",MODEL_CAPACITY,WARNING,-
RET- 17-18-R4-SF_PLUS,-,STANDARD_SM,Galaxy S26 Ultra,1TB,SF_PLUS,66900.0,0,5000.0,0,0,61900.0,01,-,2026-08-17,2026-08-18,EXPIRED,Aug_ 2026 Promotion Retail_Shop Samsung .xlsx, 17-18  Aug,4,"{""rrp"": ""D"", ""discount"": ""E"", ""coupon"": ""F"", ""netPrice"": ""D-E""}",MODEL_CAPACITY,WARNING,-
RET- 17-18-R4-SPECIAL-STD,-,STANDARD_SM,Galaxy S26 Ultra,1TB,STANDARD_PAYMENT,66900.0,8000.0,0,0,0,58900.0,01,-,2026-08-17,2026-08-18,EXPIRED,Aug_ 2026 Promotion Retail_Shop Samsung .xlsx, 17-18  Aug,4,"{""rrp"": ""D"", ""standardDiscount"": ""K"", ""netPrice"": ""L""}",MODEL_CAPACITY,WARNING,-
RET- 17-18-R4-TRADEUP,-,STANDARD_SM,Galaxy S26 Ultra,1TB,TRADE_UP,66900.0,5000.0,0,5000.0,0,56900.0,T-UP-CO-S,-,2026-08-17,2026-08-18,EXPIRED,Aug_ 2026 Promotion Retail_Shop Samsung .xlsx, 17-18  Aug,4,"{""rrp"": ""D"", ""tradeUpDiscount"": ""H"", ""tradeUpPaymentCode"": ""I"", ""tradeUpNetPrice"": ""J""}",MODEL_CAPACITY,WARNING,-
RET- 17-18-R5-SF_PLUS,-,STANDARD_SM,Galaxy S26 Ultra,512GB,SF_PLUS,54900.0,0,5000.0,0,0,49900.0,01,-,2026-08-17,2026-08-18,EXPIRED,Aug_ 2026 Promotion Retail_Shop Samsung .xlsx, 17-18  Aug,5,"{""rrp"": ""D"", ""discount"": ""E"", ""coupon"": ""F"", ""netPrice"": ""D-E""}",MODEL_CAPACITY,WARNING,-
RET- 17-18-R5-SPECIAL-STD,-,STANDARD_SM,Galaxy S26 Ultra,512GB,STANDARD_PAYMENT,54900.0,8000.0,0,0,0,46900.0,01,-,2026-08-17,2026-08-18,EXPIRED,Aug_ 2026 Promotion Retail_Shop Samsung .xlsx, 17-18  Aug,5,"{""rrp"": ""D"", ""standardDiscount"": ""K"", ""netPrice"": ""L""}",MODEL_CAPACITY,WARNING,-
RET- 17-18-R5-TRADEUP,-,STANDARD_SM,Galaxy S26 Ultra,512GB,TRADE_UP,54900.0,5000.0,0,5000.0,0,44900.0,T-UP-CO-S,-,2026-08-17,2026-08-18,EXPIRED,Aug_ 2026 Promotion Retail_Shop Samsung .xlsx, 17-18  Aug,5,"{""rrp"": ""D"", ""tradeUpDiscount"": ""H"", ""tradeUpPaymentCode"": ""I"", ""tradeUpNetPrice"": ""J""}",MODEL_CAPACITY,WARNING,-
RET- 17-18-R5-STUDENT,-,STANDARD_SM,Galaxy S26 Ultra,512GB,STUDENT,54900.0,0,0,0,8235,46665,Studentcrd,-,2026-08-17,2026-08-18,EXPIRED,Aug_ 2026 Promotion Retail_Shop Samsung .xlsx, 17-18  Aug,5,"{""rrp"": ""D"", ""studentRate"": ""G"", ""studentNet"": ""round(D*(1-G))""}",MODEL_CAPACITY,WARNING,-
RET- 17-18-R6-SF_PLUS,-,STANDARD_SM,Galaxy S26 Ultra,256GB,SF_PLUS,46900.0,0,5000.0,0,0,41900.0,01,-,2026-08-17,2026-08-18,EXPIRED,Aug_ 2026 Promotion Retail_Shop Samsung .xlsx, 17-18  Aug,6,"{""rrp"": ""D"", ""discount"": ""E"", ""coupon"": ""F"", ""netPrice"": ""D-E""}",MODEL_CAPACITY,WARNING,-
RET- 17-18-R6-SPECIAL-STD,-,STANDARD_SM,Galaxy S26 Ultra,256GB,STANDARD_PAYMENT,46900.0,7000.0,0,0,0,39900.0,01,-,2026-08-17,2026-08-18,EXPIRED,Aug_ 2026 Promotion Retail_Shop Samsung .xlsx, 17-18  Aug,6,"{""rrp"": ""D"", ""standardDiscount"": ""K"", ""netPrice"": ""L""}",MODEL_CAPACITY,WARNING,-
RET- 17-18-R6-TRADEUP,-,STANDARD_SM,Galaxy S26 Ultra,256GB,TRADE_UP,46900.0,5000.0,0,2000.0,0,39900.0,T-UP-CO-S,-,2026-08-17,2026-08-18,EXPIRED,Aug_ 2026 Promotion Retail_Shop Samsung .xlsx, 17-18  Aug,6,"{""rrp"": ""D"", ""tradeUpDiscount"": ""H"", ""tradeUpPaymentCode"": ""I"", ""tradeUpNetPrice"": ""J""}",MODEL_CAPACITY,WARNING,-
RET- 17-18-R6-STUDENT,-,STANDARD_SM,Galaxy S26 Ultra,256GB,STUDENT,46900.0,0,0,0,7035,39865,Studentcrd,-,2026-08-17,2026-08-18,EXPIRED,Aug_ 2026 Promotion Retail_Shop Samsung .xlsx, 17-18  Aug,6,"{""rrp"": ""D"", ""studentRate"": ""G"", ""studentNet"": ""round(D*(1-G))""}",MODEL_CAPACITY,WARNING,-
RET- 17-18-R7-SF_PLUS,-,STANDARD_SM,Galaxy S26+,512GB,SF_PLUS,48900.0,0,12000.0,0,0,36900.0,01,-,2026-08-17,2026-08-18,EXPIRED,Aug_ 2026 Promotion Retail_Shop Samsung .xlsx, 17-18  Aug,7,"{""rrp"": ""D"", ""discount"": ""E"", ""coupon"": ""F"", ""netPrice"": ""D-E""}",MODEL_CAPACITY,WARNING,-
RET- 17-18-R8-SF_PLUS,-,STANDARD_SM,Galaxy S26+,256GB,SF_PLUS,40900.0,0,10000.0,0,0,30900.0,01,-,2026-08-17,2026-08-18,EXPIRED,Aug_ 2026 Promotion Retail_Shop Samsung .xlsx, 17-18  Aug,8,"{""rrp"": ""D"", ""discount"": ""E"", ""coupon"": ""F"", ""netPrice"": ""D-E""}",MODEL_CAPACITY,WARNING,-
RET- 17-18-R9-SF_PLUS,-,STANDARD_SM,Galaxy S26,512GB,SF_PLUS,41900.0,0,12000.0,0,0,29900.0,01,-,2026-08-17,2026-08-18,EXPIRED,Aug_ 2026 Promotion Retail_Shop Samsung .xlsx, 17-18  Aug,9,"{""rrp"": ""D"", ""discount"": ""E"", ""coupon"": ""F"", ""netPrice"": ""D-E""}",MODEL_CAPACITY,WARNING,-
RET- 17-18-R10-SF_PLUS,-,STANDARD_SM,Galaxy S26,256GB,SF_PLUS,33900.0,0,6000.0,0,0,27900.0,01,-,2026-08-17,2026-08-18,EXPIRED,Aug_ 2026 Promotion Retail_Shop Samsung .xlsx, 17-18  Aug,10,"{""rrp"": ""D"", ""discount"": ""E"", ""coupon"": ""F"", ""netPrice"": ""D-E""}",MODEL_CAPACITY,WARNING,-
RET- 17-18-R11-SF_PLUS,-,PASS_F,Galaxy S25 Ultra,256GB,SF_PLUS,42900.0,0,12000.0,0,0,30900.0,01,-,2026-08-17,2026-08-18,EXPIRED,Aug_ 2026 Promotion Retail_Shop Samsung .xlsx, 17-18  Aug,11,"{""rrp"": ""D"", ""discount"": ""E"", ""coupon"": ""F"", ""netPrice"": ""D-E""}",MODEL_CAPACITY,WARNING,-
RET- 17-18-R12-SF_PLUS,-,STANDARD_SM,"Galaxy S25 FE
(ร่วม SF+)",256GB,SF_PLUS,26900.0,0,3000.0,0,0,23900.0,01,-,2026-08-17,2026-08-18,EXPIRED,Aug_ 2026 Promotion Retail_Shop Samsung .xlsx, 17-18  Aug,12,"{""rrp"": ""D"", ""discount"": ""E"", ""coupon"": ""F"", ""netPrice"": ""D-E""}",MODEL_CAPACITY,WARNING,-
RET- 17-18-R12-STUDENT,-,STANDARD_SM,"Galaxy S25 FE
(ร่วม SF+)",256GB,STUDENT,26900.0,0,0,0,4035,22865,Studentcrd,-,2026-08-17,2026-08-18,EXPIRED,Aug_ 2026 Promotion Retail_Shop Samsung .xlsx, 17-18  Aug,12,"{""rrp"": ""D"", ""studentRate"": ""G"", ""studentNet"": ""round(D*(1-G))""}",MODEL_CAPACITY,WARNING,-
RET- 17-18-R13-SF_PLUS,-,STANDARD_SM,"Galaxy S25 FE
(ร่วม SF+)",128GB,SF_PLUS,22900.0,0,3000.0,0,0,19900.0,01,-,2026-08-17,2026-08-18,EXPIRED,Aug_ 2026 Promotion Retail_Shop Samsung .xlsx, 17-18  Aug,13,"{""rrp"": ""D"", ""discount"": ""E"", ""coupon"": ""F"", ""netPrice"": ""D-E""}",MODEL_CAPACITY,WARNING,-
RET- 17-18-R13-STUDENT,-,STANDARD_SM,"Galaxy S25 FE
(ร่วม SF+)",128GB,STUDENT,22900.0,0,0,0,3435,19465,Studentcrd,-,2026-08-17,2026-08-18,EXPIRED,Aug_ 2026 Promotion Retail_Shop Samsung .xlsx, 17-18  Aug,13,"{""rrp"": ""D"", ""studentRate"": ""G"", ""studentNet"": ""round(D*(1-G))""}",MODEL_CAPACITY,WARNING,-
RET- 17-18-R14-STANDARD_PAYMENT,-,STANDARD_SM,"Galaxy S25 FE
(ไม่ร่วม SF+)",256GB,STANDARD_PAYMENT,26900.0,6000.0,0,0,0,20900.0,02,-,2026-08-17,2026-08-18,EXPIRED,Aug_ 2026 Promotion Retail_Shop Samsung .xlsx, 17-18  Aug,14,"{""rrp"": ""D"", ""discount"": ""E"", ""coupon"": ""F"", ""netPrice"": ""D-E""}",MODEL_CAPACITY,WARNING,-
RET- 17-18-R15-STANDARD_PAYMENT,-,STANDARD_SM,"Galaxy S25 FE
(ไม่ร่วม SF+)",128GB,STANDARD_PAYMENT,22900.0,5000.0,0,0,0,17900.0,02,-,2026-08-17,2026-08-18,EXPIRED,Aug_ 2026 Promotion Retail_Shop Samsung .xlsx, 17-18  Aug,15,"{""rrp"": ""D"", ""discount"": ""E"", ""coupon"": ""F"", ""netPrice"": ""D-E""}",MODEL_CAPACITY,WARNING,-
RET- 17-18-R16-TRADEUP,-,STANDARD_SM,Galaxy Z Fold8 Ultra,1TB,TRADE_UP,93900.0,0,0,7000.0,0,86900.0,T-UP-CO-S,-,2026-08-17,2026-08-18,EXPIRED,Aug_ 2026 Promotion Retail_Shop Samsung .xlsx, 17-18  Aug,16,"{""rrp"": ""D"", ""tradeUpDiscount"": ""H"", ""tradeUpPaymentCode"": ""I"", ""tradeUpNetPrice"": ""J""}",MODEL_CAPACITY,WARNING,-
RET- 17-18-R17-TRADEUP,-,STANDARD_SM,Galaxy Z Fold8 Ultra,512GB,TRADE_UP,77900.0,0,0,5000.0,0,72900.0,T-UP-CO-S,-,2026-08-17,2026-08-18,EXPIRED,Aug_ 2026 Promotion Retail_Shop Samsung .xlsx, 17-18  Aug,17,"{""rrp"": ""D"", ""tradeUpDiscount"": ""H"", ""tradeUpPaymentCode"": ""I"", ""tradeUpNetPrice"": ""J""}",MODEL_CAPACITY,WARNING,-
RET- 17-18-R18-TRADEUP,-,STANDARD_SM,Galaxy Z Fold8 Ultra,256GB,TRADE_UP,69900.0,0,0,5000.0,0,64900.0,T-UP-CO-S,-,2026-08-17,2026-08-18,EXPIRED,Aug_ 2026 Promotion Retail_Shop Samsung .xlsx, 17-18  Aug,18,"{""rrp"": ""D"", ""tradeUpDiscount"": ""H"", ""tradeUpPaymentCode"": ""I"", ""tradeUpNetPrice"": ""J""}",MODEL_CAPACITY,WARNING,-
RET- 17-18-R19-TRADEUP,-,STANDARD_SM,Galaxy Z Fold8,1TB,TRADE_UP,85900.0,0,0,7000.0,0,78900.0,T-UP-CO-S,-,2026-08-17,2026-08-18,EXPIRED,Aug_ 2026 Promotion Retail_Shop Samsung .xlsx, 17-18  Aug,19,"{""rrp"": ""D"", ""tradeUpDiscount"": ""H"", ""tradeUpPaymentCode"": ""I"", ""tradeUpNetPrice"": ""J""}",MODEL_CAPACITY,WARNING,-
RET- 17-18-R20-TRADEUP,-,STANDARD_SM,Galaxy Z Fold8,512GB,TRADE_UP,69900.0,0,0,5000.0,0,64900.0,T-UP-CO-S,-,2026-08-17,2026-08-18,EXPIRED,Aug_ 2026 Promotion Retail_Shop Samsung .xlsx, 17-18  Aug,20,"{""rrp"": ""D"", ""tradeUpDiscount"": ""H"", ""tradeUpPaymentCode"": ""I"", ""tradeUpNetPrice"": ""J""}",MODEL_CAPACITY,WARNING,-
RET- 17-18-R21-TRADEUP,-,STANDARD_SM,Galaxy Z Fold8,256GB,TRADE_UP,61900.0,0,0,5000.0,0,56900.0,T-UP-CO-S,-,2026-08-17,2026-08-18,EXPIRED,Aug_ 2026 Promotion Retail_Shop Samsung .xlsx, 17-18  Aug,21,"{""rrp"": ""D"", ""tradeUpDiscount"": ""H"", ""tradeUpPaymentCode"": ""I"", ""tradeUpNetPrice"": ""J""}",MODEL_CAPACITY,WARNING,-
RET- 17-18-R22-SF_PLUS,-,STANDARD_SM,Galaxy Z Flip8,512GB,SF_PLUS,50900.0,0,5000.0,0,0,45900.0,01,-,2026-08-17,2026-08-18,EXPIRED,Aug_ 2026 Promotion Retail_Shop Samsung .xlsx, 17-18  Aug,22,"{""rrp"": ""D"", ""discount"": ""E"", ""coupon"": ""F"", ""netPrice"": ""D-E""}",MODEL_CAPACITY,WARNING,-
RET- 17-18-R23-SF_PLUS,-,STANDARD_SM,Galaxy Z Flip8,256GB,SF_PLUS,42900.0,0,5000.0,0,0,37900.0,01,-,2026-08-17,2026-08-18,EXPIRED,Aug_ 2026 Promotion Retail_Shop Samsung .xlsx, 17-18  Aug,23,"{""rrp"": ""D"", ""discount"": ""E"", ""coupon"": ""F"", ""netPrice"": ""D-E""}",MODEL_CAPACITY,WARNING,-
RET- 17-18-R24-SF_PLUS,-,STANDARD_SM,Galaxy Z Fold 7,1TB,SF_PLUS,87900.0,0,18000.0,0,0,69900.0,01,-,2026-08-17,2026-08-18,EXPIRED,Aug_ 2026 Promotion Retail_Shop Samsung .xlsx, 17-18  Aug,24,"{""rrp"": ""D"", ""discount"": ""E"", ""coupon"": ""F"", ""netPrice"": ""D-E""}",MODEL_CAPACITY,WARNING,-
RET- 17-18-R25-SF_PLUS,-,STANDARD_SM,Galaxy Z Fold 7,512GB,SF_PLUS,75900.0,0,18000.0,0,0,57900.0,01,-,2026-08-17,2026-08-18,EXPIRED,Aug_ 2026 Promotion Retail_Shop Samsung .xlsx, 17-18  Aug,25,"{""rrp"": ""D"", ""discount"": ""E"", ""coupon"": ""F"", ""netPrice"": ""D-E""}",MODEL_CAPACITY,WARNING,-
RET- 17-18-R26-SF_PLUS,-,STANDARD_SM,Galaxy Z Fold 7,256GB,SF_PLUS,67900.0,0,18000.0,0,0,49900.0,01,-,2026-08-17,2026-08-18,EXPIRED,Aug_ 2026 Promotion Retail_Shop Samsung .xlsx, 17-18  Aug,26,"{""rrp"": ""D"", ""discount"": ""E"", ""coupon"": ""F"", ""netPrice"": ""D-E""}",MODEL_CAPACITY,WARNING,-
RET- 17-18-R27-SF_PLUS,-,STANDARD_SM,Galaxy Z Flip7,512GB,SF_PLUS,48900.0,0,11000.0,0,0,37900.0,01,-,2026-08-17,2026-08-18,EXPIRED,Aug_ 2026 Promotion Retail_Shop Samsung .xlsx, 17-18  Aug,27,"{""rrp"": ""D"", ""discount"": ""E"", ""coupon"": ""F"", ""netPrice"": ""D-E""}",MODEL_CAPACITY,WARNING,-
RET- 17-18-R28-SF_PLUS,-,STANDARD_SM,Galaxy Z Flip7,256GB,SF_PLUS,40900.0,0,11000.0,0,0,29900.0,01,-,2026-08-17,2026-08-18,EXPIRED,Aug_ 2026 Promotion Retail_Shop Samsung .xlsx, 17-18  Aug,28,"{""rrp"": ""D"", ""discount"": ""E"", ""coupon"": ""F"", ""netPrice"": ""D-E""}",MODEL_CAPACITY,WARNING,-
RET- 17-18-R29-STUDENT,-,STANDARD_SM,Galaxy A57 5G,12/512GB,STUDENT,20999.0,0,0,0,2520,18479,Studentcrd,-,2026-08-17,2026-08-18,EXPIRED,Aug_ 2026 Promotion Retail_Shop Samsung .xlsx, 17-18  Aug,29,"{""rrp"": ""D"", ""studentRate"": ""G"", ""studentNet"": ""round(D*(1-G))""}",MODEL_CAPACITY,WARNING,-
RET- 17-18-R30-STUDENT,-,STANDARD_SM,Galaxy A57 5G,12/256GB,STUDENT,17999.0,0,0,0,2520,15479,Studentcrd,-,2026-08-17,2026-08-18,EXPIRED,Aug_ 2026 Promotion Retail_Shop Samsung .xlsx, 17-18  Aug,30,"{""rrp"": ""D"", ""studentRate"": ""G"", ""studentNet"": ""round(D*(1-G))""}",MODEL_CAPACITY,WARNING,-
RET- 17-18-R31-STUDENT,-,STANDARD_SM,Galaxy A57 5G,8/256GB,STUDENT,16999.0,0,0,0,2550,14449,Studentcrd,-,2026-08-17,2026-08-18,EXPIRED,Aug_ 2026 Promotion Retail_Shop Samsung .xlsx, 17-18  Aug,31,"{""rrp"": ""D"", ""studentRate"": ""G"", ""studentNet"": ""round(D*(1-G))""}",MODEL_CAPACITY,WARNING,-
RET- 17-18-R32-STANDARD_PAYMENT,-,STANDARD_SM,"Galaxy A57 5G 
(ไม่สามารถใช้ร่วมกับ SF+ ได้)",12/512GB,STANDARD_PAYMENT,20999.0,2000.0,0,0,0,18999.0,01,-,2026-08-17,2026-08-18,EXPIRED,Aug_ 2026 Promotion Retail_Shop Samsung .xlsx, 17-18  Aug,32,"{""rrp"": ""D"", ""discount"": ""E"", ""coupon"": ""F"", ""netPrice"": ""D-E""}",MODEL_CAPACITY,WARNING,-
RET- 17-18-R32-STUDENT,-,STANDARD_SM,"Galaxy A57 5G 
(ไม่สามารถใช้ร่วมกับ SF+ ได้)",12/512GB,STUDENT,20999.0,0,0,0,2520,18479,Studentcrd,-,2026-08-17,2026-08-18,EXPIRED,Aug_ 2026 Promotion Retail_Shop Samsung .xlsx, 17-18  Aug,32,"{""rrp"": ""D"", ""studentRate"": ""G"", ""studentNet"": ""round(D*(1-G))""}",MODEL_CAPACITY,WARNING,-
RET- 17-18-R33-STANDARD_PAYMENT,-,STANDARD_SM,"Galaxy A57 5G 
(ไม่สามารถใช้ร่วมกับ SF+ ได้)",12/256GB,STANDARD_PAYMENT,17999.0,2000.0,0,0,0,15999.0,01,-,2026-08-17,2026-08-18,EXPIRED,Aug_ 2026 Promotion Retail_Shop Samsung .xlsx, 17-18  Aug,33,"{""rrp"": ""D"", ""discount"": ""E"", ""coupon"": ""F"", ""netPrice"": ""D-E""}",MODEL_CAPACITY,WARNING,-
RET- 17-18-R33-STUDENT,-,STANDARD_SM,"Galaxy A57 5G 
(ไม่สามารถใช้ร่วมกับ SF+ ได้)",12/256GB,STUDENT,17999.0,0,0,0,2520,15479,Studentcrd,-,2026-08-17,2026-08-18,EXPIRED,Aug_ 2026 Promotion Retail_Shop Samsung .xlsx, 17-18  Aug,33,"{""rrp"": ""D"", ""studentRate"": ""G"", ""studentNet"": ""round(D*(1-G))""}",MODEL_CAPACITY,WARNING,-
RET- 17-18-R34-STANDARD_PAYMENT,-,STANDARD_SM,"Galaxy A57 5G 
(ไม่สามารถใช้ร่วมกับ SF+ ได้)",8/256GB,STANDARD_PAYMENT,16999.0,2000.0,0,0,0,14999.0,01,-,2026-08-17,2026-08-18,EXPIRED,Aug_ 2026 Promotion Retail_Shop Samsung .xlsx, 17-18  Aug,34,"{""rrp"": ""D"", ""discount"": ""E"", ""coupon"": ""F"", ""netPrice"": ""D-E""}",MODEL_CAPACITY,WARNING,-
RET- 17-18-R34-STUDENT,-,STANDARD_SM,"Galaxy A57 5G 
(ไม่สามารถใช้ร่วมกับ SF+ ได้)",8/256GB,STUDENT,16999.0,0,0,0,2550,14449,Studentcrd,-,2026-08-17,2026-08-18,EXPIRED,Aug_ 2026 Promotion Retail_Shop Samsung .xlsx, 17-18  Aug,34,"{""rrp"": ""D"", ""studentRate"": ""G"", ""studentNet"": ""round(D*(1-G))""}",MODEL_CAPACITY,WARNING,-
RET- 17-18-R35-STUDENT,-,STANDARD_SM,"Galaxy A37 5G
(ตั้งแต่ 17 สิงหาคม - 6 กันยายน 69)",8/256GB,STUDENT,13999.0,0,0,0,560,13439,Studentcrd,-,2026-08-17,2026-08-18,EXPIRED,Aug_ 2026 Promotion Retail_Shop Samsung .xlsx, 17-18  Aug,35,"{""rrp"": ""D"", ""studentRate"": ""G"", ""studentNet"": ""round(D*(1-G))""}",MODEL_CAPACITY,WARNING,-
RET- 17-18-R36-SF_PLUS,-,STANDARD_SM,"Galaxy A27 5G
(ตั้งแต่ 17 สิงหาคม - 6 กันยายน 69)",8/128GB,SF_PLUS,10999.0,0,1000.0,0,0,9999.0,01,-,2026-08-17,2026-08-18,EXPIRED,Aug_ 2026 Promotion Retail_Shop Samsung .xlsx, 17-18  Aug,36,"{""rrp"": ""D"", ""discount"": ""E"", ""coupon"": ""F"", ""netPrice"": ""D-E""}",MODEL_CAPACITY,WARNING,-
RET- 17-18-R37-SF_PLUS,-,STANDARD_SM,"Galaxy A17 5G
(ตั้งแต่ 17 สิงหาคม - 6 กันยายน 69)",8/256GB,SF_PLUS,10599.0,0,600.0,0,0,9999.0,01,-,2026-08-17,2026-08-18,EXPIRED,Aug_ 2026 Promotion Retail_Shop Samsung .xlsx, 17-18  Aug,37,"{""rrp"": ""D"", ""discount"": ""E"", ""coupon"": ""F"", ""netPrice"": ""D-E""}",MODEL_CAPACITY,WARNING,-
RET- 17-18-R37-SPECIAL-STD,-,STANDARD_SM,"Galaxy A17 5G
(ตั้งแต่ 17 สิงหาคม - 6 กันยายน 69)",8/256GB,STANDARD_PAYMENT,10599.0,1600.0,0,0,0,8999.0,01,-,2026-08-17,2026-08-18,EXPIRED,Aug_ 2026 Promotion Retail_Shop Samsung .xlsx, 17-18  Aug,37,"{""rrp"": ""D"", ""standardDiscount"": ""K"", ""netPrice"": ""L""}",MODEL_CAPACITY,WARNING,-
RET- 17-18-R37-STUDENT,-,STANDARD_SM,"Galaxy A17 5G
(ตั้งแต่ 17 สิงหาคม - 6 กันยายน 69)",8/256GB,STUDENT,10599.0,0,0,0,1060,9539,Studentcrd,-,2026-08-17,2026-08-18,EXPIRED,Aug_ 2026 Promotion Retail_Shop Samsung .xlsx, 17-18  Aug,37,"{""rrp"": ""D"", ""studentRate"": ""G"", ""studentNet"": ""round(D*(1-G))""}",MODEL_CAPACITY,WARNING,-
RET- 17-18-R38-SF_PLUS,-,STANDARD_SM,"Galaxy A17 5G
(ตั้งแต่ 17 สิงหาคม - 6 กันยายน 69)",8/128GB,SF_PLUS,8999.0,0,1500.0,0,0,7499.0,01,-,2026-08-17,2026-08-18,EXPIRED,Aug_ 2026 Promotion Retail_Shop Samsung .xlsx, 17-18  Aug,38,"{""rrp"": ""D"", ""discount"": ""E"", ""coupon"": ""F"", ""netPrice"": ""D-E""}",MODEL_CAPACITY,WARNING,-
RET- 17-18-R39-SF_PLUS,-,STANDARD_SM,"Galaxy A17 LTE
(ตั้งแต่ 17 สิงหาคม - 6 กันยายน 69)",8/128GB,SF_PLUS,7999.0,0,1000.0,0,0,6999.0,01,-,2026-08-17,2026-08-18,EXPIRED,Aug_ 2026 Promotion Retail_Shop Samsung .xlsx, 17-18  Aug,39,"{""rrp"": ""D"", ""discount"": ""E"", ""coupon"": ""F"", ""netPrice"": ""D-E""}",MODEL_CAPACITY,WARNING,-
RET- 17-18-R40-STUDENT,-,STANDARD_SM,"Galaxy A07 5G
(SF+ campaign)",6/128GB,STUDENT,6999.0,0,0,0,700,6299,Studentcrd,-,2026-08-17,2026-08-18,EXPIRED,Aug_ 2026 Promotion Retail_Shop Samsung .xlsx, 17-18  Aug,40,"{""rrp"": ""D"", ""studentRate"": ""G"", ""studentNet"": ""round(D*(1-G))""}",MODEL_CAPACITY,WARNING,-
RET- 17-18-R41-STANDARD_PAYMENT,-,STANDARD_SM,"Galaxy A07 5G
(ไม่ร่วม SF+)",6/128GB,STANDARD_PAYMENT,6999.0,500.0,0,0,0,6499.0,01,-,2026-08-17,2026-08-18,EXPIRED,Aug_ 2026 Promotion Retail_Shop Samsung .xlsx, 17-18  Aug,41,"{""rrp"": ""D"", ""discount"": ""E"", ""coupon"": ""F"", ""netPrice"": ""D-E""}",MODEL_CAPACITY,WARNING,-
RET- 17-18-R41-STUDENT,-,STANDARD_SM,"Galaxy A07 5G
(ไม่ร่วม SF+)",6/128GB,STUDENT,6999.0,0,0,0,700,6299,Studentcrd,-,2026-08-17,2026-08-18,EXPIRED,Aug_ 2026 Promotion Retail_Shop Samsung .xlsx, 17-18  Aug,41,"{""rrp"": ""D"", ""studentRate"": ""G"", ""studentNet"": ""round(D*(1-G))""}",MODEL_CAPACITY,WARNING,-
RET- 17-18-R42-SF_PLUS,-,STANDARD_SM,"Galaxy A07 LTE
(ตั้งแต่ 17 สิงหาคม - 6 กันยายน 69)",6/128GB,SF_PLUS,5999.0,0,1000.0,0,0,4999.0,01,-,2026-08-17,2026-08-18,EXPIRED,Aug_ 2026 Promotion Retail_Shop Samsung .xlsx, 17-18  Aug,42,"{""rrp"": ""D"", ""discount"": ""E"", ""coupon"": ""F"", ""netPrice"": ""D-E""}",MODEL_CAPACITY,WARNING,-
RET- 17-18-R43-SF_PLUS,-,STANDARD_SM,"Galaxy A07 LTE
(ตั้งแต่ 17 สิงหาคม - 6 กันยายน 69)",4/128GB,SF_PLUS,5299.0,0,1000.0,0,0,4299.0,01,-,2026-08-17,2026-08-18,EXPIRED,Aug_ 2026 Promotion Retail_Shop Samsung .xlsx, 17-18  Aug,43,"{""rrp"": ""D"", ""discount"": ""E"", ""coupon"": ""F"", ""netPrice"": ""D-E""}",MODEL_CAPACITY,WARNING,-
RET- 17-18-R44-SF_PLUS,-,STANDARD_SM,"Galaxy A07 LTE
(ตั้งแต่ 17 สิงหาคม - 6 กันยายน 69)",4/64GB,SF_PLUS,4599.0,0,800.0,0,0,3799.0,01,-,2026-08-17,2026-08-18,EXPIRED,Aug_ 2026 Promotion Retail_Shop Samsung .xlsx, 17-18  Aug,44,"{""rrp"": ""D"", ""discount"": ""E"", ""coupon"": ""F"", ""netPrice"": ""D-E""}",MODEL_CAPACITY,WARNING,-
RET- 14 Au-R4-SF_PLUS,-,STANDARD_SM,Galaxy S26 Ultra,1TB,SF_PLUS,66900.0,0,5000.0,0,0,61900.0,01,-,2026-08-14,2026-08-16,EXPIRED,Aug_ 2026 Promotion Retail_Shop Samsung .xlsx, 14 Aug -16 Aug,4,"{""rrp"": ""D"", ""discount"": ""E"", ""coupon"": ""F"", ""netPrice"": ""D-E""}",MODEL_CAPACITY,WARNING,-
RET- 14 Au-R4-SPECIAL-STD,-,STANDARD_SM,Galaxy S26 Ultra,1TB,STANDARD_PAYMENT,66900.0,8000.0,0,0,0,58900.0,01,-,2026-08-14,2026-08-16,EXPIRED,Aug_ 2026 Promotion Retail_Shop Samsung .xlsx, 14 Aug -16 Aug,4,"{""rrp"": ""D"", ""standardDiscount"": ""K"", ""netPrice"": ""L""}",MODEL_CAPACITY,WARNING,-
RET- 14 Au-R4-TRADEUP,-,STANDARD_SM,Galaxy S26 Ultra,1TB,TRADE_UP,66900.0,5000.0,0,5000.0,0,56900.0,T-UP-CO-S,-,2026-08-14,2026-08-16,EXPIRED,Aug_ 2026 Promotion Retail_Shop Samsung .xlsx, 14 Aug -16 Aug,4,"{""rrp"": ""D"", ""tradeUpDiscount"": ""H"", ""tradeUpPaymentCode"": ""I"", ""tradeUpNetPrice"": ""J""}",MODEL_CAPACITY,WARNING,-
RET- 14 Au-R5-SF_PLUS,-,STANDARD_SM,Galaxy S26 Ultra,512GB,SF_PLUS,54900.0,0,5000.0,0,0,49900.0,01,-,2026-08-14,2026-08-16,EXPIRED,Aug_ 2026 Promotion Retail_Shop Samsung .xlsx, 14 Aug -16 Aug,5,"{""rrp"": ""D"", ""discount"": ""E"", ""coupon"": ""F"", ""netPrice"": ""D-E""}",MODEL_CAPACITY,WARNING,-
RET- 14 Au-R5-SPECIAL-STD,-,STANDARD_SM,Galaxy S26 Ultra,512GB,STANDARD_PAYMENT,54900.0,8000.0,0,0,0,46900.0,01,-,2026-08-14,2026-08-16,EXPIRED,Aug_ 2026 Promotion Retail_Shop Samsung .xlsx, 14 Aug -16 Aug,5,"{""rrp"": ""D"", ""standardDiscount"": ""K"", ""netPrice"": ""L""}",MODEL_CAPACITY,WARNING,-
RET- 14 Au-R5-TRADEUP,-,STANDARD_SM,Galaxy S26 Ultra,512GB,TRADE_UP,54900.0,5000.0,0,5000.0,0,44900.0,T-UP-CO-S,-,2026-08-14,2026-08-16,EXPIRED,Aug_ 2026 Promotion Retail_Shop Samsung .xlsx, 14 Aug -16 Aug,5,"{""rrp"": ""D"", ""tradeUpDiscount"": ""H"", ""tradeUpPaymentCode"": ""I"", ""tradeUpNetPrice"": ""J""}",MODEL_CAPACITY,WARNING,-
RET- 14 Au-R5-STUDENT,-,STANDARD_SM,Galaxy S26 Ultra,512GB,STUDENT,54900.0,0,0,0,8235,46665,Studentcrd,-,2026-08-14,2026-08-16,EXPIRED,Aug_ 2026 Promotion Retail_Shop Samsung .xlsx, 14 Aug -16 Aug,5,"{""rrp"": ""D"", ""studentRate"": ""G"", ""studentNet"": ""round(D*(1-G))""}",MODEL_CAPACITY,WARNING,-
RET- 14 Au-R6-SF_PLUS,-,STANDARD_SM,Galaxy S26 Ultra,256GB,SF_PLUS,46900.0,0,5000.0,0,0,41900.0,01,-,2026-08-14,2026-08-16,EXPIRED,Aug_ 2026 Promotion Retail_Shop Samsung .xlsx, 14 Aug -16 Aug,6,"{""rrp"": ""D"", ""discount"": ""E"", ""coupon"": ""F"", ""netPrice"": ""D-E""}",MODEL_CAPACITY,WARNING,-
RET- 14 Au-R6-SPECIAL-STD,-,STANDARD_SM,Galaxy S26 Ultra,256GB,STANDARD_PAYMENT,46900.0,7000.0,0,0,0,39900.0,01,-,2026-08-14,2026-08-16,EXPIRED,Aug_ 2026 Promotion Retail_Shop Samsung .xlsx, 14 Aug -16 Aug,6,"{""rrp"": ""D"", ""standardDiscount"": ""K"", ""netPrice"": ""L""}",MODEL_CAPACITY,WARNING,-
RET- 14 Au-R6-TRADEUP,-,STANDARD_SM,Galaxy S26 Ultra,256GB,TRADE_UP,46900.0,5000.0,0,2000.0,0,39900.0,T-UP-CO-S,-,2026-08-14,2026-08-16,EXPIRED,Aug_ 2026 Promotion Retail_Shop Samsung .xlsx, 14 Aug -16 Aug,6,"{""rrp"": ""D"", ""tradeUpDiscount"": ""H"", ""tradeUpPaymentCode"": ""I"", ""tradeUpNetPrice"": ""J""}",MODEL_CAPACITY,WARNING,-
RET- 14 Au-R6-STUDENT,-,STANDARD_SM,Galaxy S26 Ultra,256GB,STUDENT,46900.0,0,0,0,7035,39865,Studentcrd,-,2026-08-14,2026-08-16,EXPIRED,Aug_ 2026 Promotion Retail_Shop Samsung .xlsx, 14 Aug -16 Aug,6,"{""rrp"": ""D"", ""studentRate"": ""G"", ""studentNet"": ""round(D*(1-G))""}",MODEL_CAPACITY,WARNING,-
RET- 14 Au-R7-SF_PLUS,-,STANDARD_SM,Galaxy S26+,512GB,SF_PLUS,48900.0,0,12000.0,0,0,36900.0,01,-,2026-08-14,2026-08-16,EXPIRED,Aug_ 2026 Promotion Retail_Shop Samsung .xlsx, 14 Aug -16 Aug,7,"{""rrp"": ""D"", ""discount"": ""E"", ""coupon"": ""F"", ""netPrice"": ""D-E""}",MODEL_CAPACITY,WARNING,-
RET- 14 Au-R8-SF_PLUS,-,STANDARD_SM,Galaxy S26+,256GB,SF_PLUS,40900.0,0,10000.0,0,0,30900.0,01,-,2026-08-14,2026-08-16,EXPIRED,Aug_ 2026 Promotion Retail_Shop Samsung .xlsx, 14 Aug -16 Aug,8,"{""rrp"": ""D"", ""discount"": ""E"", ""coupon"": ""F"", ""netPrice"": ""D-E""}",MODEL_CAPACITY,WARNING,-
RET- 14 Au-R9-SF_PLUS,-,STANDARD_SM,Galaxy S26,512GB,SF_PLUS,41900.0,0,12000.0,0,0,29900.0,01,-,2026-08-14,2026-08-16,EXPIRED,Aug_ 2026 Promotion Retail_Shop Samsung .xlsx, 14 Aug -16 Aug,9,"{""rrp"": ""D"", ""discount"": ""E"", ""coupon"": ""F"", ""netPrice"": ""D-E""}",MODEL_CAPACITY,WARNING,-
RET- 14 Au-R10-SF_PLUS,-,STANDARD_SM,Galaxy S26,256GB,SF_PLUS,33900.0,0,6000.0,0,0,27900.0,01,-,2026-08-14,2026-08-16,EXPIRED,Aug_ 2026 Promotion Retail_Shop Samsung .xlsx, 14 Aug -16 Aug,10,"{""rrp"": ""D"", ""discount"": ""E"", ""coupon"": ""F"", ""netPrice"": ""D-E""}",MODEL_CAPACITY,WARNING,-
RET- 14 Au-R11-SF_PLUS,-,PASS_F,Galaxy S25 Ultra,256GB,SF_PLUS,42900.0,0,12000.0,0,0,30900.0,01,-,2026-08-14,2026-08-16,EXPIRED,Aug_ 2026 Promotion Retail_Shop Samsung .xlsx, 14 Aug -16 Aug,11,"{""rrp"": ""D"", ""discount"": ""E"", ""coupon"": ""F"", ""netPrice"": ""D-E""}",MODEL_CAPACITY,WARNING,-
RET- 14 Au-R12-SF_PLUS,-,STANDARD_SM,"Galaxy S25 FE
(ร่วม SF+)",256GB,SF_PLUS,26900.0,0,3000.0,0,0,23900.0,01,-,2026-08-14,2026-08-16,EXPIRED,Aug_ 2026 Promotion Retail_Shop Samsung .xlsx, 14 Aug -16 Aug,12,"{""rrp"": ""D"", ""discount"": ""E"", ""coupon"": ""F"", ""netPrice"": ""D-E""}",MODEL_CAPACITY,WARNING,-
RET- 14 Au-R12-STUDENT,-,STANDARD_SM,"Galaxy S25 FE
(ร่วม SF+)",256GB,STUDENT,26900.0,0,0,0,4035,22865,Studentcrd,-,2026-08-14,2026-08-16,EXPIRED,Aug_ 2026 Promotion Retail_Shop Samsung .xlsx, 14 Aug -16 Aug,12,"{""rrp"": ""D"", ""studentRate"": ""G"", ""studentNet"": ""round(D*(1-G))""}",MODEL_CAPACITY,WARNING,-
RET- 14 Au-R13-SF_PLUS,-,STANDARD_SM,"Galaxy S25 FE
(ร่วม SF+)",128GB,SF_PLUS,22900.0,0,3000.0,0,0,19900.0,01,-,2026-08-14,2026-08-16,EXPIRED,Aug_ 2026 Promotion Retail_Shop Samsung .xlsx, 14 Aug -16 Aug,13,"{""rrp"": ""D"", ""discount"": ""E"", ""coupon"": ""F"", ""netPrice"": ""D-E""}",MODEL_CAPACITY,WARNING,-
RET- 14 Au-R13-STUDENT,-,STANDARD_SM,"Galaxy S25 FE
(ร่วม SF+)",128GB,STUDENT,22900.0,0,0,0,3435,19465,Studentcrd,-,2026-08-14,2026-08-16,EXPIRED,Aug_ 2026 Promotion Retail_Shop Samsung .xlsx, 14 Aug -16 Aug,13,"{""rrp"": ""D"", ""studentRate"": ""G"", ""studentNet"": ""round(D*(1-G))""}",MODEL_CAPACITY,WARNING,-
RET- 14 Au-R14-STANDARD_PAYMENT,-,STANDARD_SM,"Galaxy S25 FE
(ไม่ร่วม SF+)",256GB,STANDARD_PAYMENT,26900.0,6000.0,0,0,0,20900.0,02,-,2026-08-14,2026-08-16,EXPIRED,Aug_ 2026 Promotion Retail_Shop Samsung .xlsx, 14 Aug -16 Aug,14,"{""rrp"": ""D"", ""discount"": ""E"", ""coupon"": ""F"", ""netPrice"": ""D-E""}",MODEL_CAPACITY,WARNING,-
RET- 14 Au-R15-STANDARD_PAYMENT,-,STANDARD_SM,"Galaxy S25 FE
(ไม่ร่วม SF+)",128GB,STANDARD_PAYMENT,22900.0,5000.0,0,0,0,17900.0,02,-,2026-08-14,2026-08-16,EXPIRED,Aug_ 2026 Promotion Retail_Shop Samsung .xlsx, 14 Aug -16 Aug,15,"{""rrp"": ""D"", ""discount"": ""E"", ""coupon"": ""F"", ""netPrice"": ""D-E""}",MODEL_CAPACITY,WARNING,-
RET- 14 Au-R16-TRADEUP,-,STANDARD_SM,Galaxy Z Fold8 Ultra,1TB,TRADE_UP,93900.0,0,0,7000.0,0,86900.0,T-UP-CO-S,-,2026-08-14,2026-08-16,EXPIRED,Aug_ 2026 Promotion Retail_Shop Samsung .xlsx, 14 Aug -16 Aug,16,"{""rrp"": ""D"", ""tradeUpDiscount"": ""H"", ""tradeUpPaymentCode"": ""I"", ""tradeUpNetPrice"": ""J""}",MODEL_CAPACITY,WARNING,-
RET- 14 Au-R17-TRADEUP,-,STANDARD_SM,Galaxy Z Fold8 Ultra,512GB,TRADE_UP,77900.0,0,0,5000.0,0,72900.0,T-UP-CO-S,-,2026-08-14,2026-08-16,EXPIRED,Aug_ 2026 Promotion Retail_Shop Samsung .xlsx, 14 Aug -16 Aug,17,"{""rrp"": ""D"", ""tradeUpDiscount"": ""H"", ""tradeUpPaymentCode"": ""I"", ""tradeUpNetPrice"": ""J""}",MODEL_CAPACITY,WARNING,-
RET- 14 Au-R18-TRADEUP,-,STANDARD_SM,Galaxy Z Fold8 Ultra,256GB,TRADE_UP,69900.0,0,0,5000.0,0,64900.0,T-UP-CO-S,-,2026-08-14,2026-08-16,EXPIRED,Aug_ 2026 Promotion Retail_Shop Samsung .xlsx, 14 Aug -16 Aug,18,"{""rrp"": ""D"", ""tradeUpDiscount"": ""H"", ""tradeUpPaymentCode"": ""I"", ""tradeUpNetPrice"": ""J""}",MODEL_CAPACITY,WARNING,-
RET- 14 Au-R19-TRADEUP,-,STANDARD_SM,Galaxy Z Fold8,1TB,TRADE_UP,85900.0,0,0,7000.0,0,78900.0,T-UP-CO-S,-,2026-08-14,2026-08-16,EXPIRED,Aug_ 2026 Promotion Retail_Shop Samsung .xlsx, 14 Aug -16 Aug,19,"{""rrp"": ""D"", ""tradeUpDiscount"": ""H"", ""tradeUpPaymentCode"": ""I"", ""tradeUpNetPrice"": ""J""}",MODEL_CAPACITY,WARNING,-
RET- 14 Au-R20-TRADEUP,-,STANDARD_SM,Galaxy Z Fold8,512GB,TRADE_UP,69900.0,0,0,5000.0,0,64900.0,T-UP-CO-S,-,2026-08-14,2026-08-16,EXPIRED,Aug_ 2026 Promotion Retail_Shop Samsung .xlsx, 14 Aug -16 Aug,20,"{""rrp"": ""D"", ""tradeUpDiscount"": ""H"", ""tradeUpPaymentCode"": ""I"", ""tradeUpNetPrice"": ""J""}",MODEL_CAPACITY,WARNING,-
RET- 14 Au-R21-TRADEUP,-,STANDARD_SM,Galaxy Z Fold8,256GB,TRADE_UP,61900.0,0,0,5000.0,0,56900.0,T-UP-CO-S,-,2026-08-14,2026-08-16,EXPIRED,Aug_ 2026 Promotion Retail_Shop Samsung .xlsx, 14 Aug -16 Aug,21,"{""rrp"": ""D"", ""tradeUpDiscount"": ""H"", ""tradeUpPaymentCode"": ""I"", ""tradeUpNetPrice"": ""J""}",MODEL_CAPACITY,WARNING,-
RET- 14 Au-R22-SF_PLUS,-,STANDARD_SM,Galaxy Z Flip8,512GB,SF_PLUS,50900.0,0,5000.0,0,0,45900.0,01,-,2026-08-14,2026-08-16,EXPIRED,Aug_ 2026 Promotion Retail_Shop Samsung .xlsx, 14 Aug -16 Aug,22,"{""rrp"": ""D"", ""discount"": ""E"", ""coupon"": ""F"", ""netPrice"": ""D-E""}",MODEL_CAPACITY,WARNING,-
RET- 14 Au-R23-SF_PLUS,-,STANDARD_SM,Galaxy Z Flip8,256GB,SF_PLUS,42900.0,0,5000.0,0,0,37900.0,01,-,2026-08-14,2026-08-16,EXPIRED,Aug_ 2026 Promotion Retail_Shop Samsung .xlsx, 14 Aug -16 Aug,23,"{""rrp"": ""D"", ""discount"": ""E"", ""coupon"": ""F"", ""netPrice"": ""D-E""}",MODEL_CAPACITY,WARNING,-
RET- 14 Au-R24-SF_PLUS,-,STANDARD_SM,Galaxy Z Fold 7,1TB,SF_PLUS,87900.0,0,18000.0,0,0,69900.0,01,-,2026-08-14,2026-08-16,EXPIRED,Aug_ 2026 Promotion Retail_Shop Samsung .xlsx, 14 Aug -16 Aug,24,"{""rrp"": ""D"", ""discount"": ""E"", ""coupon"": ""F"", ""netPrice"": ""D-E""}",MODEL_CAPACITY,WARNING,-
RET- 14 Au-R25-SF_PLUS,-,STANDARD_SM,Galaxy Z Fold 7,512GB,SF_PLUS,75900.0,0,18000.0,0,0,57900.0,01,-,2026-08-14,2026-08-16,EXPIRED,Aug_ 2026 Promotion Retail_Shop Samsung .xlsx, 14 Aug -16 Aug,25,"{""rrp"": ""D"", ""discount"": ""E"", ""coupon"": ""F"", ""netPrice"": ""D-E""}",MODEL_CAPACITY,WARNING,-
RET- 14 Au-R26-SF_PLUS,-,STANDARD_SM,Galaxy Z Fold 7,256GB,SF_PLUS,67900.0,0,18000.0,0,0,49900.0,01,-,2026-08-14,2026-08-16,EXPIRED,Aug_ 2026 Promotion Retail_Shop Samsung .xlsx, 14 Aug -16 Aug,26,"{""rrp"": ""D"", ""discount"": ""E"", ""coupon"": ""F"", ""netPrice"": ""D-E""}",MODEL_CAPACITY,WARNING,-
RET- 14 Au-R27-SF_PLUS,-,STANDARD_SM,Galaxy Z Flip7,512GB,SF_PLUS,48900.0,0,11000.0,0,0,37900.0,01,-,2026-08-14,2026-08-16,EXPIRED,Aug_ 2026 Promotion Retail_Shop Samsung .xlsx, 14 Aug -16 Aug,27,"{""rrp"": ""D"", ""discount"": ""E"", ""coupon"": ""F"", ""netPrice"": ""D-E""}",MODEL_CAPACITY,WARNING,-
RET- 14 Au-R28-SF_PLUS,-,STANDARD_SM,Galaxy Z Flip7,256GB,SF_PLUS,40900.0,0,11000.0,0,0,29900.0,01,-,2026-08-14,2026-08-16,EXPIRED,Aug_ 2026 Promotion Retail_Shop Samsung .xlsx, 14 Aug -16 Aug,28,"{""rrp"": ""D"", ""discount"": ""E"", ""coupon"": ""F"", ""netPrice"": ""D-E""}",MODEL_CAPACITY,WARNING,-
RET- 14 Au-R29-STUDENT,-,STANDARD_SM,"Galaxy A57 5G
 ตั้งแต่ 3-16 สิงหาคม",12/512GB,STUDENT,20999.0,0,0,0,2520,18479,Studentcrd,-,2026-08-14,2026-08-16,EXPIRED,Aug_ 2026 Promotion Retail_Shop Samsung .xlsx, 14 Aug -16 Aug,29,"{""rrp"": ""D"", ""studentRate"": ""G"", ""studentNet"": ""round(D*(1-G))""}",MODEL_CAPACITY,WARNING,-
RET- 14 Au-R30-STUDENT,-,STANDARD_SM,"Galaxy A57 5G
 ตั้งแต่ 3-16 สิงหาคม",12/256GB,STUDENT,17999.0,0,0,0,2520,15479,Studentcrd,-,2026-08-14,2026-08-16,EXPIRED,Aug_ 2026 Promotion Retail_Shop Samsung .xlsx, 14 Aug -16 Aug,30,"{""rrp"": ""D"", ""studentRate"": ""G"", ""studentNet"": ""round(D*(1-G))""}",MODEL_CAPACITY,WARNING,-
RET- 14 Au-R31-STUDENT,-,STANDARD_SM,"Galaxy A57 5G
 ตั้งแต่ 3-16 สิงหาคม",8/256GB,STUDENT,16999.0,0,0,0,2550,14449,Studentcrd,-,2026-08-14,2026-08-16,EXPIRED,Aug_ 2026 Promotion Retail_Shop Samsung .xlsx, 14 Aug -16 Aug,31,"{""rrp"": ""D"", ""studentRate"": ""G"", ""studentNet"": ""round(D*(1-G))""}",MODEL_CAPACITY,WARNING,-
RET- 14 Au-R32-STANDARD_PAYMENT,-,STANDARD_SM,"Galaxy A57 5G 
(ไม่สามารถใช้ร่วมกับ SF+ ได้)
ตั้งแต่ 3-16 สิงหาคม",12/512GB,STANDARD_PAYMENT,20999.0,2000.0,0,0,0,18999.0,01,-,2026-08-14,2026-08-16,EXPIRED,Aug_ 2026 Promotion Retail_Shop Samsung .xlsx, 14 Aug -16 Aug,32,"{""rrp"": ""D"", ""discount"": ""E"", ""coupon"": ""F"", ""netPrice"": ""D-E""}",MODEL_CAPACITY,WARNING,-
RET- 14 Au-R32-STUDENT,-,STANDARD_SM,"Galaxy A57 5G 
(ไม่สามารถใช้ร่วมกับ SF+ ได้)
ตั้งแต่ 3-16 สิงหาคม",12/512GB,STUDENT,20999.0,0,0,0,2520,18479,Studentcrd,-,2026-08-14,2026-08-16,EXPIRED,Aug_ 2026 Promotion Retail_Shop Samsung .xlsx, 14 Aug -16 Aug,32,"{""rrp"": ""D"", ""studentRate"": ""G"", ""studentNet"": ""round(D*(1-G))""}",MODEL_CAPACITY,WARNING,-
RET- 14 Au-R33-STANDARD_PAYMENT,-,STANDARD_SM,"Galaxy A57 5G 
(ไม่สามารถใช้ร่วมกับ SF+ ได้)
ตั้งแต่ 3-16 สิงหาคม",12/256GB,STANDARD_PAYMENT,17999.0,2000.0,0,0,0,15999.0,01,-,2026-08-14,2026-08-16,EXPIRED,Aug_ 2026 Promotion Retail_Shop Samsung .xlsx, 14 Aug -16 Aug,33,"{""rrp"": ""D"", ""discount"": ""E"", ""coupon"": ""F"", ""netPrice"": ""D-E""}",MODEL_CAPACITY,WARNING,-
RET- 14 Au-R33-STUDENT,-,STANDARD_SM,"Galaxy A57 5G 
(ไม่สามารถใช้ร่วมกับ SF+ ได้)
ตั้งแต่ 3-16 สิงหาคม",12/256GB,STUDENT,17999.0,0,0,0,2520,15479,Studentcrd,-,2026-08-14,2026-08-16,EXPIRED,Aug_ 2026 Promotion Retail_Shop Samsung .xlsx, 14 Aug -16 Aug,33,"{""rrp"": ""D"", ""studentRate"": ""G"", ""studentNet"": ""round(D*(1-G))""}",MODEL_CAPACITY,WARNING,-
RET- 14 Au-R34-STANDARD_PAYMENT,-,STANDARD_SM,"Galaxy A57 5G 
(ไม่สามารถใช้ร่วมกับ SF+ ได้)
ตั้งแต่ 3-16 สิงหาคม",8/256GB,STANDARD_PAYMENT,16999.0,2000.0,0,0,0,14999.0,01,-,2026-08-14,2026-08-16,EXPIRED,Aug_ 2026 Promotion Retail_Shop Samsung .xlsx, 14 Aug -16 Aug,34,"{""rrp"": ""D"", ""discount"": ""E"", ""coupon"": ""F"", ""netPrice"": ""D-E""}",MODEL_CAPACITY,WARNING,-
RET- 14 Au-R34-STUDENT,-,STANDARD_SM,"Galaxy A57 5G 
(ไม่สามารถใช้ร่วมกับ SF+ ได้)
ตั้งแต่ 3-16 สิงหาคม",8/256GB,STUDENT,16999.0,0,0,0,2550,14449,Studentcrd,-,2026-08-14,2026-08-16,EXPIRED,Aug_ 2026 Promotion Retail_Shop Samsung .xlsx, 14 Aug -16 Aug,34,"{""rrp"": ""D"", ""studentRate"": ""G"", ""studentNet"": ""round(D*(1-G))""}",MODEL_CAPACITY,WARNING,-
RET- 14 Au-R35-STUDENT,-,STANDARD_SM,"Galaxy A37 5G
ตั้งแต่ 3-16 สิงหาคม",8/256GB,STUDENT,13999.0,0,0,0,560,13439,Studentcrd,-,2026-08-14,2026-08-16,EXPIRED,Aug_ 2026 Promotion Retail_Shop Samsung .xlsx, 14 Aug -16 Aug,35,"{""rrp"": ""D"", ""studentRate"": ""G"", ""studentNet"": ""round(D*(1-G))""}",MODEL_CAPACITY,WARNING,-
RET- 14 Au-R36-SF_PLUS,-,STANDARD_SM,"Galaxy A27 5G
ตั้งแต่ 3-16 สิงหาคม",8/128GB,SF_PLUS,10999.0,0,1000.0,0,0,9999.0,01,-,2026-08-14,2026-08-16,EXPIRED,Aug_ 2026 Promotion Retail_Shop Samsung .xlsx, 14 Aug -16 Aug,36,"{""rrp"": ""D"", ""discount"": ""E"", ""coupon"": ""F"", ""netPrice"": ""D-E""}",MODEL_CAPACITY,WARNING,-
RET- 14 Au-R37-SF_PLUS,-,STANDARD_SM,"Galaxy A17 5G
ตั้งแต่ 3-16 สิงหาคม",8/256GB,SF_PLUS,10599.0,0,1600.0,0,0,8999.0,01,-,2026-08-14,2026-08-16,EXPIRED,Aug_ 2026 Promotion Retail_Shop Samsung .xlsx, 14 Aug -16 Aug,37,"{""rrp"": ""D"", ""discount"": ""E"", ""coupon"": ""F"", ""netPrice"": ""D-E""}",MODEL_CAPACITY,WARNING,-
RET- 14 Au-R37-SPECIAL-STD,-,STANDARD_SM,"Galaxy A17 5G
ตั้งแต่ 3-16 สิงหาคม",8/256GB,STANDARD_PAYMENT,10599.0,1600.0,0,0,0,8999.0,01,-,2026-08-14,2026-08-16,EXPIRED,Aug_ 2026 Promotion Retail_Shop Samsung .xlsx, 14 Aug -16 Aug,37,"{""rrp"": ""D"", ""standardDiscount"": ""K"", ""netPrice"": ""L""}",MODEL_CAPACITY,WARNING,-
RET- 14 Au-R37-STUDENT,-,STANDARD_SM,"Galaxy A17 5G
ตั้งแต่ 3-16 สิงหาคม",8/256GB,STUDENT,10599.0,0,0,0,1060,9539,Studentcrd,-,2026-08-14,2026-08-16,EXPIRED,Aug_ 2026 Promotion Retail_Shop Samsung .xlsx, 14 Aug -16 Aug,37,"{""rrp"": ""D"", ""studentRate"": ""G"", ""studentNet"": ""round(D*(1-G))""}",MODEL_CAPACITY,WARNING,-
RET- 14 Au-R38-SF_PLUS,-,STANDARD_SM,"Galaxy A17 5G
ตั้งแต่ 3-16 สิงหาคม",8/128GB,SF_PLUS,8999.0,0,1700.0,0,0,7299.0,01,-,2026-08-14,2026-08-16,EXPIRED,Aug_ 2026 Promotion Retail_Shop Samsung .xlsx, 14 Aug -16 Aug,38,"{""rrp"": ""D"", ""discount"": ""E"", ""coupon"": ""F"", ""netPrice"": ""D-E""}",MODEL_CAPACITY,WARNING,-
RET- 14 Au-R39-SF_PLUS,-,STANDARD_SM,"Galaxy A17 LTE
ตั้งแต่ 3-16 สิงหาคม",8/128GB,SF_PLUS,7999.0,0,1000.0,0,0,6999.0,01,-,2026-08-14,2026-08-16,EXPIRED,Aug_ 2026 Promotion Retail_Shop Samsung .xlsx, 14 Aug -16 Aug,39,"{""rrp"": ""D"", ""discount"": ""E"", ""coupon"": ""F"", ""netPrice"": ""D-E""}",MODEL_CAPACITY,WARNING,-
RET- 14 Au-R40-STUDENT,-,STANDARD_SM,"Galaxy A07 5G
ตั้งแต่ 3-16 สิงหาคม",6/128GB,STUDENT,6999.0,0,0,0,700,6299,Studentcrd,-,2026-08-14,2026-08-16,EXPIRED,Aug_ 2026 Promotion Retail_Shop Samsung .xlsx, 14 Aug -16 Aug,40,"{""rrp"": ""D"", ""studentRate"": ""G"", ""studentNet"": ""round(D*(1-G))""}",MODEL_CAPACITY,WARNING,-
RET- 14 Au-R42-SF_PLUS,-,STANDARD_SM,"Galaxy A07 LTE
6-19 July",4/128GB,SF_PLUS,5299.0,0,1300.0,0,0,3999.0,01,-,2026-08-14,2026-08-16,EXPIRED,Aug_ 2026 Promotion Retail_Shop Samsung .xlsx, 14 Aug -16 Aug,42,"{""rrp"": ""D"", ""discount"": ""E"", ""coupon"": ""F"", ""netPrice"": ""D-E""}",MODEL_CAPACITY,WARNING,-
RET- 14 Au-R43-SF_PLUS,-,STANDARD_SM,"Galaxy A07 LTE
6-19 July",4/64GB,SF_PLUS,4599.0,0,800.0,0,0,3799.0,01,-,2026-08-14,2026-08-16,EXPIRED,Aug_ 2026 Promotion Retail_Shop Samsung .xlsx, 14 Aug -16 Aug,43,"{""rrp"": ""D"", ""discount"": ""E"", ""coupon"": ""F"", ""netPrice"": ""D-E""}",MODEL_CAPACITY,WARNING,-
RET- 7 Aug-R4-SF_PLUS,-,STANDARD_SM,Galaxy S26 Ultra,1TB,SF_PLUS,66900.0,0,5000.0,0,0,61900.0,01,-,2026-08-07,2026-08-12,EXPIRED,Aug_ 2026 Promotion Retail_Shop Samsung .xlsx, 7 Aug - 12 Aug,4,"{""rrp"": ""D"", ""discount"": ""E"", ""coupon"": ""F"", ""netPrice"": ""D-E""}",MODEL_CAPACITY,WARNING,-
RET- 7 Aug-R4-SPECIAL-STD,-,STANDARD_SM,Galaxy S26 Ultra,1TB,STANDARD_PAYMENT,66900.0,8000.0,0,0,0,58900.0,01,-,2026-08-07,2026-08-12,EXPIRED,Aug_ 2026 Promotion Retail_Shop Samsung .xlsx, 7 Aug - 12 Aug,4,"{""rrp"": ""D"", ""standardDiscount"": ""K"", ""netPrice"": ""L""}",MODEL_CAPACITY,WARNING,-
RET- 7 Aug-R4-TRADEUP,-,STANDARD_SM,Galaxy S26 Ultra,1TB,TRADE_UP,66900.0,5000.0,0,5000.0,0,56900.0,T-UP-CO-S,-,2026-08-07,2026-08-12,EXPIRED,Aug_ 2026 Promotion Retail_Shop Samsung .xlsx, 7 Aug - 12 Aug,4,"{""rrp"": ""D"", ""tradeUpDiscount"": ""H"", ""tradeUpPaymentCode"": ""I"", ""tradeUpNetPrice"": ""J""}",MODEL_CAPACITY,WARNING,-
RET- 7 Aug-R5-SF_PLUS,-,STANDARD_SM,Galaxy S26 Ultra,512GB,SF_PLUS,54900.0,0,5000.0,0,0,49900.0,01,-,2026-08-07,2026-08-12,EXPIRED,Aug_ 2026 Promotion Retail_Shop Samsung .xlsx, 7 Aug - 12 Aug,5,"{""rrp"": ""D"", ""discount"": ""E"", ""coupon"": ""F"", ""netPrice"": ""D-E""}",MODEL_CAPACITY,WARNING,-
RET- 7 Aug-R5-SPECIAL-STD,-,STANDARD_SM,Galaxy S26 Ultra,512GB,STANDARD_PAYMENT,54900.0,8000.0,0,0,0,46900.0,01,-,2026-08-07,2026-08-12,EXPIRED,Aug_ 2026 Promotion Retail_Shop Samsung .xlsx, 7 Aug - 12 Aug,5,"{""rrp"": ""D"", ""standardDiscount"": ""K"", ""netPrice"": ""L""}",MODEL_CAPACITY,WARNING,-
RET- 7 Aug-R5-TRADEUP,-,STANDARD_SM,Galaxy S26 Ultra,512GB,TRADE_UP,54900.0,5000.0,0,5000.0,0,44900.0,T-UP-CO-S,-,2026-08-07,2026-08-12,EXPIRED,Aug_ 2026 Promotion Retail_Shop Samsung .xlsx, 7 Aug - 12 Aug,5,"{""rrp"": ""D"", ""tradeUpDiscount"": ""H"", ""tradeUpPaymentCode"": ""I"", ""tradeUpNetPrice"": ""J""}",MODEL_CAPACITY,WARNING,-
RET- 7 Aug-R5-STUDENT,-,STANDARD_SM,Galaxy S26 Ultra,512GB,STUDENT,54900.0,0,0,0,8235,46665,Studentcrd,-,2026-08-07,2026-08-12,EXPIRED,Aug_ 2026 Promotion Retail_Shop Samsung .xlsx, 7 Aug - 12 Aug,5,"{""rrp"": ""D"", ""studentRate"": ""G"", ""studentNet"": ""round(D*(1-G))""}",MODEL_CAPACITY,WARNING,-
RET- 7 Aug-R6-SF_PLUS,-,STANDARD_SM,Galaxy S26 Ultra,256GB,SF_PLUS,46900.0,0,5000.0,0,0,41900.0,01,-,2026-08-07,2026-08-12,EXPIRED,Aug_ 2026 Promotion Retail_Shop Samsung .xlsx, 7 Aug - 12 Aug,6,"{""rrp"": ""D"", ""discount"": ""E"", ""coupon"": ""F"", ""netPrice"": ""D-E""}",MODEL_CAPACITY,WARNING,-
RET- 7 Aug-R6-SPECIAL-STD,-,STANDARD_SM,Galaxy S26 Ultra,256GB,STANDARD_PAYMENT,46900.0,7000.0,0,0,0,39900.0,01,-,2026-08-07,2026-08-12,EXPIRED,Aug_ 2026 Promotion Retail_Shop Samsung .xlsx, 7 Aug - 12 Aug,6,"{""rrp"": ""D"", ""standardDiscount"": ""K"", ""netPrice"": ""L""}",MODEL_CAPACITY,WARNING,-
RET- 7 Aug-R6-TRADEUP,-,STANDARD_SM,Galaxy S26 Ultra,256GB,TRADE_UP,46900.0,5000.0,0,2000.0,0,39900.0,T-UP-CO-S,-,2026-08-07,2026-08-12,EXPIRED,Aug_ 2026 Promotion Retail_Shop Samsung .xlsx, 7 Aug - 12 Aug,6,"{""rrp"": ""D"", ""tradeUpDiscount"": ""H"", ""tradeUpPaymentCode"": ""I"", ""tradeUpNetPrice"": ""J""}",MODEL_CAPACITY,WARNING,-
RET- 7 Aug-R6-STUDENT,-,STANDARD_SM,Galaxy S26 Ultra,256GB,STUDENT,46900.0,0,0,0,7035,39865,Studentcrd,-,2026-08-07,2026-08-12,EXPIRED,Aug_ 2026 Promotion Retail_Shop Samsung .xlsx, 7 Aug - 12 Aug,6,"{""rrp"": ""D"", ""studentRate"": ""G"", ""studentNet"": ""round(D*(1-G))""}",MODEL_CAPACITY,WARNING,-
RET- 7 Aug-R7-SF_PLUS,-,STANDARD_SM,Galaxy S26+,512GB,SF_PLUS,48900.0,0,12000.0,0,0,36900.0,01,-,2026-08-07,2026-08-12,EXPIRED,Aug_ 2026 Promotion Retail_Shop Samsung .xlsx, 7 Aug - 12 Aug,7,"{""rrp"": ""D"", ""discount"": ""E"", ""coupon"": ""F"", ""netPrice"": ""D-E""}",MODEL_CAPACITY,WARNING,-
RET- 7 Aug-R8-SF_PLUS,-,STANDARD_SM,Galaxy S26+,256GB,SF_PLUS,40900.0,0,10000.0,0,0,30900.0,01,-,2026-08-07,2026-08-12,EXPIRED,Aug_ 2026 Promotion Retail_Shop Samsung .xlsx, 7 Aug - 12 Aug,8,"{""rrp"": ""D"", ""discount"": ""E"", ""coupon"": ""F"", ""netPrice"": ""D-E""}",MODEL_CAPACITY,WARNING,-
RET- 7 Aug-R9-SF_PLUS,-,STANDARD_SM,Galaxy S26,512GB,SF_PLUS,41900.0,0,12000.0,0,0,29900.0,01,-,2026-08-07,2026-08-12,EXPIRED,Aug_ 2026 Promotion Retail_Shop Samsung .xlsx, 7 Aug - 12 Aug,9,"{""rrp"": ""D"", ""discount"": ""E"", ""coupon"": ""F"", ""netPrice"": ""D-E""}",MODEL_CAPACITY,WARNING,-
RET- 7 Aug-R10-SF_PLUS,-,STANDARD_SM,Galaxy S26,256GB,SF_PLUS,33900.0,0,6000.0,0,0,27900.0,01,-,2026-08-07,2026-08-12,EXPIRED,Aug_ 2026 Promotion Retail_Shop Samsung .xlsx, 7 Aug - 12 Aug,10,"{""rrp"": ""D"", ""discount"": ""E"", ""coupon"": ""F"", ""netPrice"": ""D-E""}",MODEL_CAPACITY,WARNING,-
RET- 7 Aug-R11-SF_PLUS,-,PASS_F,Galaxy S25 Ultra,256GB,SF_PLUS,42900.0,0,12000.0,0,0,30900.0,01,-,2026-08-07,2026-08-12,EXPIRED,Aug_ 2026 Promotion Retail_Shop Samsung .xlsx, 7 Aug - 12 Aug,11,"{""rrp"": ""D"", ""discount"": ""E"", ""coupon"": ""F"", ""netPrice"": ""D-E""}",MODEL_CAPACITY,WARNING,-
RET- 7 Aug-R12-SF_PLUS,-,STANDARD_SM,"Galaxy S25 FE
(ร่วม SF+)",256GB,SF_PLUS,26900.0,0,3000.0,0,0,23900.0,01,-,2026-08-07,2026-08-12,EXPIRED,Aug_ 2026 Promotion Retail_Shop Samsung .xlsx, 7 Aug - 12 Aug,12,"{""rrp"": ""D"", ""discount"": ""E"", ""coupon"": ""F"", ""netPrice"": ""D-E""}",MODEL_CAPACITY,WARNING,-
RET- 7 Aug-R12-STUDENT,-,STANDARD_SM,"Galaxy S25 FE
(ร่วม SF+)",256GB,STUDENT,26900.0,0,0,0,4035,22865,Studentcrd,-,2026-08-07,2026-08-12,EXPIRED,Aug_ 2026 Promotion Retail_Shop Samsung .xlsx, 7 Aug - 12 Aug,12,"{""rrp"": ""D"", ""studentRate"": ""G"", ""studentNet"": ""round(D*(1-G))""}",MODEL_CAPACITY,WARNING,-
RET- 7 Aug-R13-SF_PLUS,-,STANDARD_SM,"Galaxy S25 FE
(ร่วม SF+)",128GB,SF_PLUS,22900.0,0,3000.0,0,0,19900.0,01,-,2026-08-07,2026-08-12,EXPIRED,Aug_ 2026 Promotion Retail_Shop Samsung .xlsx, 7 Aug - 12 Aug,13,"{""rrp"": ""D"", ""discount"": ""E"", ""coupon"": ""F"", ""netPrice"": ""D-E""}",MODEL_CAPACITY,WARNING,-
RET- 7 Aug-R13-STUDENT,-,STANDARD_SM,"Galaxy S25 FE
(ร่วม SF+)",128GB,STUDENT,22900.0,0,0,0,3435,19465,Studentcrd,-,2026-08-07,2026-08-12,EXPIRED,Aug_ 2026 Promotion Retail_Shop Samsung .xlsx, 7 Aug - 12 Aug,13,"{""rrp"": ""D"", ""studentRate"": ""G"", ""studentNet"": ""round(D*(1-G))""}",MODEL_CAPACITY,WARNING,-
RET- 7 Aug-R14-STANDARD_PAYMENT,-,STANDARD_SM,"Galaxy S25 FE
(ไม่ร่วม SF+)",256GB,STANDARD_PAYMENT,26900.0,6000.0,0,0,0,20900.0,02,-,2026-08-07,2026-08-12,EXPIRED,Aug_ 2026 Promotion Retail_Shop Samsung .xlsx, 7 Aug - 12 Aug,14,"{""rrp"": ""D"", ""discount"": ""E"", ""coupon"": ""F"", ""netPrice"": ""D-E""}",MODEL_CAPACITY,WARNING,-
RET- 7 Aug-R15-STANDARD_PAYMENT,-,STANDARD_SM,"Galaxy S25 FE
(ไม่ร่วม SF+)",128GB,STANDARD_PAYMENT,22900.0,5000.0,0,0,0,17900.0,02,-,2026-08-07,2026-08-12,EXPIRED,Aug_ 2026 Promotion Retail_Shop Samsung .xlsx, 7 Aug - 12 Aug,15,"{""rrp"": ""D"", ""discount"": ""E"", ""coupon"": ""F"", ""netPrice"": ""D-E""}",MODEL_CAPACITY,WARNING,-
RET- 7 Aug-R24-SF_PLUS,-,STANDARD_SM,Galaxy Z Fold 7,1TB,SF_PLUS,87900.0,0,18000.0,0,0,69900.0,01,-,2026-08-07,2026-08-12,EXPIRED,Aug_ 2026 Promotion Retail_Shop Samsung .xlsx, 7 Aug - 12 Aug,24,"{""rrp"": ""D"", ""discount"": ""E"", ""coupon"": ""F"", ""netPrice"": ""D-E""}",MODEL_CAPACITY,WARNING,-
RET- 7 Aug-R25-SF_PLUS,-,STANDARD_SM,Galaxy Z Fold 7,512GB,SF_PLUS,75900.0,0,18000.0,0,0,57900.0,01,-,2026-08-07,2026-08-12,EXPIRED,Aug_ 2026 Promotion Retail_Shop Samsung .xlsx, 7 Aug - 12 Aug,25,"{""rrp"": ""D"", ""discount"": ""E"", ""coupon"": ""F"", ""netPrice"": ""D-E""}",MODEL_CAPACITY,WARNING,-
RET- 7 Aug-R26-SF_PLUS,-,STANDARD_SM,Galaxy Z Fold 7,256GB,SF_PLUS,67900.0,0,18000.0,0,0,49900.0,01,-,2026-08-07,2026-08-12,EXPIRED,Aug_ 2026 Promotion Retail_Shop Samsung .xlsx, 7 Aug - 12 Aug,26,"{""rrp"": ""D"", ""discount"": ""E"", ""coupon"": ""F"", ""netPrice"": ""D-E""}",MODEL_CAPACITY,WARNING,-
RET- 7 Aug-R27-SF_PLUS,-,STANDARD_SM,Galaxy Z Flip7,512GB,SF_PLUS,48900.0,0,11000.0,0,0,37900.0,01,-,2026-08-07,2026-08-12,EXPIRED,Aug_ 2026 Promotion Retail_Shop Samsung .xlsx, 7 Aug - 12 Aug,27,"{""rrp"": ""D"", ""discount"": ""E"", ""coupon"": ""F"", ""netPrice"": ""D-E""}",MODEL_CAPACITY,WARNING,-
RET- 7 Aug-R28-SF_PLUS,-,STANDARD_SM,Galaxy Z Flip7,256GB,SF_PLUS,40900.0,0,11000.0,0,0,29900.0,01,-,2026-08-07,2026-08-12,EXPIRED,Aug_ 2026 Promotion Retail_Shop Samsung .xlsx, 7 Aug - 12 Aug,28,"{""rrp"": ""D"", ""discount"": ""E"", ""coupon"": ""F"", ""netPrice"": ""D-E""}",MODEL_CAPACITY,WARNING,-
RET- 7 Aug-R29-STUDENT,-,STANDARD_SM,"Galaxy A57 5G
 ตั้งแต่ 3-16 สิงหาคม",12/512GB,STUDENT,20999.0,0,0,0,2520,18479,Studentcrd,-,2026-08-07,2026-08-12,EXPIRED,Aug_ 2026 Promotion Retail_Shop Samsung .xlsx, 7 Aug - 12 Aug,29,"{""rrp"": ""D"", ""studentRate"": ""G"", ""studentNet"": ""round(D*(1-G))""}",MODEL_CAPACITY,WARNING,-
RET- 7 Aug-R30-STUDENT,-,STANDARD_SM,"Galaxy A57 5G
 ตั้งแต่ 3-16 สิงหาคม",12/256GB,STUDENT,17999.0,0,0,0,2520,15479,Studentcrd,-,2026-08-07,2026-08-12,EXPIRED,Aug_ 2026 Promotion Retail_Shop Samsung .xlsx, 7 Aug - 12 Aug,30,"{""rrp"": ""D"", ""studentRate"": ""G"", ""studentNet"": ""round(D*(1-G))""}",MODEL_CAPACITY,WARNING,-
RET- 7 Aug-R31-STUDENT,-,STANDARD_SM,"Galaxy A57 5G
 ตั้งแต่ 3-16 สิงหาคม",8/256GB,STUDENT,16999.0,0,0,0,2550,14449,Studentcrd,-,2026-08-07,2026-08-12,EXPIRED,Aug_ 2026 Promotion Retail_Shop Samsung .xlsx, 7 Aug - 12 Aug,31,"{""rrp"": ""D"", ""studentRate"": ""G"", ""studentNet"": ""round(D*(1-G))""}",MODEL_CAPACITY,WARNING,-
RET- 7 Aug-R32-STANDARD_PAYMENT,-,STANDARD_SM,"Galaxy A57 5G 
(ไม่สามารถใช้ร่วมกับ SF+ ได้)
ตั้งแต่ 3-16 สิงหาคม",12/512GB,STANDARD_PAYMENT,20999.0,2000.0,0,0,0,18999.0,01,-,2026-08-07,2026-08-12,EXPIRED,Aug_ 2026 Promotion Retail_Shop Samsung .xlsx, 7 Aug - 12 Aug,32,"{""rrp"": ""D"", ""discount"": ""E"", ""coupon"": ""F"", ""netPrice"": ""D-E""}",MODEL_CAPACITY,WARNING,-
RET- 7 Aug-R32-STUDENT,-,STANDARD_SM,"Galaxy A57 5G 
(ไม่สามารถใช้ร่วมกับ SF+ ได้)
ตั้งแต่ 3-16 สิงหาคม",12/512GB,STUDENT,20999.0,0,0,0,2520,18479,Studentcrd,-,2026-08-07,2026-08-12,EXPIRED,Aug_ 2026 Promotion Retail_Shop Samsung .xlsx, 7 Aug - 12 Aug,32,"{""rrp"": ""D"", ""studentRate"": ""G"", ""studentNet"": ""round(D*(1-G))""}",MODEL_CAPACITY,WARNING,-
RET- 7 Aug-R33-STANDARD_PAYMENT,-,STANDARD_SM,"Galaxy A57 5G 
(ไม่สามารถใช้ร่วมกับ SF+ ได้)
ตั้งแต่ 3-16 สิงหาคม",12/256GB,STANDARD_PAYMENT,17999.0,2000.0,0,0,0,15999.0,01,-,2026-08-07,2026-08-12,EXPIRED,Aug_ 2026 Promotion Retail_Shop Samsung .xlsx, 7 Aug - 12 Aug,33,"{""rrp"": ""D"", ""discount"": ""E"", ""coupon"": ""F"", ""netPrice"": ""D-E""}",MODEL_CAPACITY,WARNING,-
RET- 7 Aug-R33-STUDENT,-,STANDARD_SM,"Galaxy A57 5G 
(ไม่สามารถใช้ร่วมกับ SF+ ได้)
ตั้งแต่ 3-16 สิงหาคม",12/256GB,STUDENT,17999.0,0,0,0,2520,15479,Studentcrd,-,2026-08-07,2026-08-12,EXPIRED,Aug_ 2026 Promotion Retail_Shop Samsung .xlsx, 7 Aug - 12 Aug,33,"{""rrp"": ""D"", ""studentRate"": ""G"", ""studentNet"": ""round(D*(1-G))""}",MODEL_CAPACITY,WARNING,-
RET- 7 Aug-R34-STANDARD_PAYMENT,-,STANDARD_SM,"Galaxy A57 5G 
(ไม่สามารถใช้ร่วมกับ SF+ ได้)
ตั้งแต่ 3-16 สิงหาคม",8/256GB,STANDARD_PAYMENT,16999.0,2000.0,0,0,0,14999.0,01,-,2026-08-07,2026-08-12,EXPIRED,Aug_ 2026 Promotion Retail_Shop Samsung .xlsx, 7 Aug - 12 Aug,34,"{""rrp"": ""D"", ""discount"": ""E"", ""coupon"": ""F"", ""netPrice"": ""D-E""}",MODEL_CAPACITY,WARNING,-
RET- 7 Aug-R34-STUDENT,-,STANDARD_SM,"Galaxy A57 5G 
(ไม่สามารถใช้ร่วมกับ SF+ ได้)
ตั้งแต่ 3-16 สิงหาคม",8/256GB,STUDENT,16999.0,0,0,0,2550,14449,Studentcrd,-,2026-08-07,2026-08-12,EXPIRED,Aug_ 2026 Promotion Retail_Shop Samsung .xlsx, 7 Aug - 12 Aug,34,"{""rrp"": ""D"", ""studentRate"": ""G"", ""studentNet"": ""round(D*(1-G))""}",MODEL_CAPACITY,WARNING,-
RET- 7 Aug-R35-STUDENT,-,STANDARD_SM,"Galaxy A37 5G
ตั้งแต่ 3-16 สิงหาคม",8/256GB,STUDENT,13999.0,0,0,0,560,13439,Studentcrd,-,2026-08-07,2026-08-12,EXPIRED,Aug_ 2026 Promotion Retail_Shop Samsung .xlsx, 7 Aug - 12 Aug,35,"{""rrp"": ""D"", ""studentRate"": ""G"", ""studentNet"": ""round(D*(1-G))""}",MODEL_CAPACITY,WARNING,-
RET- 7 Aug-R36-SF_PLUS,-,STANDARD_SM,"Galaxy A27 5G
ตั้งแต่ 3-16 สิงหาคม",8/128GB,SF_PLUS,10999.0,0,1000.0,0,0,9999.0,01,-,2026-08-07,2026-08-12,EXPIRED,Aug_ 2026 Promotion Retail_Shop Samsung .xlsx, 7 Aug - 12 Aug,36,"{""rrp"": ""D"", ""discount"": ""E"", ""coupon"": ""F"", ""netPrice"": ""D-E""}",MODEL_CAPACITY,WARNING,-
RET- 7 Aug-R37-SF_PLUS,-,STANDARD_SM,"Galaxy A17 5G
ตั้งแต่ 3-16 สิงหาคม",8/256GB,SF_PLUS,10599.0,0,600.0,0,0,9999.0,01,-,2026-08-07,2026-08-12,EXPIRED,Aug_ 2026 Promotion Retail_Shop Samsung .xlsx, 7 Aug - 12 Aug,37,"{""rrp"": ""D"", ""discount"": ""E"", ""coupon"": ""F"", ""netPrice"": ""D-E""}",MODEL_CAPACITY,WARNING,-
RET- 7 Aug-R37-SPECIAL-STD,-,STANDARD_SM,"Galaxy A17 5G
ตั้งแต่ 3-16 สิงหาคม",8/256GB,STANDARD_PAYMENT,10599.0,1600.0,0,0,0,8999.0,01,-,2026-08-07,2026-08-12,EXPIRED,Aug_ 2026 Promotion Retail_Shop Samsung .xlsx, 7 Aug - 12 Aug,37,"{""rrp"": ""D"", ""standardDiscount"": ""K"", ""netPrice"": ""L""}",MODEL_CAPACITY,WARNING,-
RET- 7 Aug-R37-STUDENT,-,STANDARD_SM,"Galaxy A17 5G
ตั้งแต่ 3-16 สิงหาคม",8/256GB,STUDENT,10599.0,0,0,0,1060,9539,Studentcrd,-,2026-08-07,2026-08-12,EXPIRED,Aug_ 2026 Promotion Retail_Shop Samsung .xlsx, 7 Aug - 12 Aug,37,"{""rrp"": ""D"", ""studentRate"": ""G"", ""studentNet"": ""round(D*(1-G))""}",MODEL_CAPACITY,WARNING,-
RET- 7 Aug-R38-SF_PLUS,-,STANDARD_SM,"Galaxy A17 5G
ตั้งแต่ 3-16 สิงหาคม",8/128GB,SF_PLUS,8999.0,0,1700.0,0,0,7299.0,01,-,2026-08-07,2026-08-12,EXPIRED,Aug_ 2026 Promotion Retail_Shop Samsung .xlsx, 7 Aug - 12 Aug,38,"{""rrp"": ""D"", ""discount"": ""E"", ""coupon"": ""F"", ""netPrice"": ""D-E""}",MODEL_CAPACITY,WARNING,-
RET- 7 Aug-R39-SF_PLUS,-,STANDARD_SM,"Galaxy A17 LTE
ตั้งแต่ 3-16 สิงหาคม",8/128GB,SF_PLUS,7999.0,0,1000.0,0,0,6999.0,01,-,2026-08-07,2026-08-12,EXPIRED,Aug_ 2026 Promotion Retail_Shop Samsung .xlsx, 7 Aug - 12 Aug,39,"{""rrp"": ""D"", ""discount"": ""E"", ""coupon"": ""F"", ""netPrice"": ""D-E""}",MODEL_CAPACITY,WARNING,-
RET- 7 Aug-R40-STUDENT,-,STANDARD_SM,"Galaxy A07 5G
ตั้งแต่ 3-16 สิงหาคม",6/128GB,STUDENT,6999.0,0,0,0,700,6299,Studentcrd,-,2026-08-07,2026-08-12,EXPIRED,Aug_ 2026 Promotion Retail_Shop Samsung .xlsx, 7 Aug - 12 Aug,40,"{""rrp"": ""D"", ""studentRate"": ""G"", ""studentNet"": ""round(D*(1-G))""}",MODEL_CAPACITY,WARNING,-
RET- 7 Aug-R42-SF_PLUS,-,STANDARD_SM,"Galaxy A07 LTE
6-19 July",4/128GB,SF_PLUS,5299.0,0,1300.0,0,0,3999.0,01,-,2026-08-07,2026-08-12,EXPIRED,Aug_ 2026 Promotion Retail_Shop Samsung .xlsx, 7 Aug - 12 Aug,42,"{""rrp"": ""D"", ""discount"": ""E"", ""coupon"": ""F"", ""netPrice"": ""D-E""}",MODEL_CAPACITY,WARNING,-
RET- 7 Aug-R43-SF_PLUS,-,STANDARD_SM,"Galaxy A07 LTE
6-19 July",4/64GB,SF_PLUS,4599.0,0,800.0,0,0,3799.0,01,-,2026-08-07,2026-08-12,EXPIRED,Aug_ 2026 Promotion Retail_Shop Samsung .xlsx, 7 Aug - 12 Aug,43,"{""rrp"": ""D"", ""discount"": ""E"", ""coupon"": ""F"", ""netPrice"": ""D-E""}",MODEL_CAPACITY,WARNING,-
RET- 3 -6 -R4-SF_PLUS,-,STANDARD_SM,Galaxy S26 Ultra,1TB,SF_PLUS,66900.0,0,5000.0,0,0,61900.0,01,-,2026-08-03,2026-08-06,EXPIRED,Aug_ 2026 Promotion Retail_Shop Samsung .xlsx, 3 -6 Aug ,4,"{""rrp"": ""D"", ""discount"": ""E"", ""coupon"": ""F"", ""netPrice"": ""D-E""}",MODEL_CAPACITY,WARNING,-
RET- 3 -6 -R4-TRADEUP,-,STANDARD_SM,Galaxy S26 Ultra,1TB,TRADE_UP,66900.0,5000.0,0,5000.0,0,56900.0,T-UP-CO-S,-,2026-08-03,2026-08-06,EXPIRED,Aug_ 2026 Promotion Retail_Shop Samsung .xlsx, 3 -6 Aug ,4,"{""rrp"": ""D"", ""tradeUpDiscount"": ""H"", ""tradeUpPaymentCode"": ""I"", ""tradeUpNetPrice"": ""J""}",MODEL_CAPACITY,WARNING,-
RET- 3 -6 -R5-SF_PLUS,-,STANDARD_SM,Galaxy S26 Ultra,512GB,SF_PLUS,54900.0,0,5000.0,0,0,49900.0,01,-,2026-08-03,2026-08-06,EXPIRED,Aug_ 2026 Promotion Retail_Shop Samsung .xlsx, 3 -6 Aug ,5,"{""rrp"": ""D"", ""discount"": ""E"", ""coupon"": ""F"", ""netPrice"": ""D-E""}",MODEL_CAPACITY,WARNING,-
RET- 3 -6 -R5-TRADEUP,-,STANDARD_SM,Galaxy S26 Ultra,512GB,TRADE_UP,54900.0,5000.0,0,5000.0,0,44900.0,T-UP-CO-S,-,2026-08-03,2026-08-06,EXPIRED,Aug_ 2026 Promotion Retail_Shop Samsung .xlsx, 3 -6 Aug ,5,"{""rrp"": ""D"", ""tradeUpDiscount"": ""H"", ""tradeUpPaymentCode"": ""I"", ""tradeUpNetPrice"": ""J""}",MODEL_CAPACITY,WARNING,-
RET- 3 -6 -R5-STUDENT,-,STANDARD_SM,Galaxy S26 Ultra,512GB,STUDENT,54900.0,0,0,0,8235,46665,Studentcrd,-,2026-08-03,2026-08-06,EXPIRED,Aug_ 2026 Promotion Retail_Shop Samsung .xlsx, 3 -6 Aug ,5,"{""rrp"": ""D"", ""studentRate"": ""G"", ""studentNet"": ""round(D*(1-G))""}",MODEL_CAPACITY,WARNING,-
RET- 3 -6 -R6-SF_PLUS,-,STANDARD_SM,Galaxy S26 Ultra,256GB,SF_PLUS,46900.0,0,5000.0,0,0,41900.0,01,-,2026-08-03,2026-08-06,EXPIRED,Aug_ 2026 Promotion Retail_Shop Samsung .xlsx, 3 -6 Aug ,6,"{""rrp"": ""D"", ""discount"": ""E"", ""coupon"": ""F"", ""netPrice"": ""D-E""}",MODEL_CAPACITY,WARNING,-
RET- 3 -6 -R6-TRADEUP,-,STANDARD_SM,Galaxy S26 Ultra,256GB,TRADE_UP,46900.0,5000.0,0,2000.0,0,39900.0,T-UP-CO-S,-,2026-08-03,2026-08-06,EXPIRED,Aug_ 2026 Promotion Retail_Shop Samsung .xlsx, 3 -6 Aug ,6,"{""rrp"": ""D"", ""tradeUpDiscount"": ""H"", ""tradeUpPaymentCode"": ""I"", ""tradeUpNetPrice"": ""J""}",MODEL_CAPACITY,WARNING,-
RET- 3 -6 -R6-STUDENT,-,STANDARD_SM,Galaxy S26 Ultra,256GB,STUDENT,46900.0,0,0,0,7035,39865,Studentcrd,-,2026-08-03,2026-08-06,EXPIRED,Aug_ 2026 Promotion Retail_Shop Samsung .xlsx, 3 -6 Aug ,6,"{""rrp"": ""D"", ""studentRate"": ""G"", ""studentNet"": ""round(D*(1-G))""}",MODEL_CAPACITY,WARNING,-
RET- 3 -6 -R7-SF_PLUS,-,STANDARD_SM,Galaxy S26+,512GB,SF_PLUS,48900.0,0,12000.0,0,0,36900.0,01,-,2026-08-03,2026-08-06,EXPIRED,Aug_ 2026 Promotion Retail_Shop Samsung .xlsx, 3 -6 Aug ,7,"{""rrp"": ""D"", ""discount"": ""E"", ""coupon"": ""F"", ""netPrice"": ""D-E""}",MODEL_CAPACITY,WARNING,-
RET- 3 -6 -R8-SF_PLUS,-,STANDARD_SM,Galaxy S26+,256GB,SF_PLUS,40900.0,0,10000.0,0,0,30900.0,01,-,2026-08-03,2026-08-06,EXPIRED,Aug_ 2026 Promotion Retail_Shop Samsung .xlsx, 3 -6 Aug ,8,"{""rrp"": ""D"", ""discount"": ""E"", ""coupon"": ""F"", ""netPrice"": ""D-E""}",MODEL_CAPACITY,WARNING,-
RET- 3 -6 -R9-SF_PLUS,-,STANDARD_SM,Galaxy S26,512GB,SF_PLUS,41900.0,0,12000.0,0,0,29900.0,01,-,2026-08-03,2026-08-06,EXPIRED,Aug_ 2026 Promotion Retail_Shop Samsung .xlsx, 3 -6 Aug ,9,"{""rrp"": ""D"", ""discount"": ""E"", ""coupon"": ""F"", ""netPrice"": ""D-E""}",MODEL_CAPACITY,WARNING,-
RET- 3 -6 -R10-SF_PLUS,-,STANDARD_SM,Galaxy S26,256GB,SF_PLUS,33900.0,0,6000.0,0,0,27900.0,01,-,2026-08-03,2026-08-06,EXPIRED,Aug_ 2026 Promotion Retail_Shop Samsung .xlsx, 3 -6 Aug ,10,"{""rrp"": ""D"", ""discount"": ""E"", ""coupon"": ""F"", ""netPrice"": ""D-E""}",MODEL_CAPACITY,WARNING,-
RET- 3 -6 -R11-SF_PLUS,-,STANDARD_SM,Galaxy S25 Ultra,256GB,SF_PLUS,42900.0,0,12000.0,0,0,30900.0,01,-,2026-08-03,2026-08-06,EXPIRED,Aug_ 2026 Promotion Retail_Shop Samsung .xlsx, 3 -6 Aug ,11,"{""rrp"": ""D"", ""discount"": ""E"", ""coupon"": ""F"", ""netPrice"": ""D-E""}",MODEL_CAPACITY,WARNING,-
RET- 3 -6 -R12-SF_PLUS,-,STANDARD_SM,"Galaxy S25 FE
(ร่วม SF+)",256GB,SF_PLUS,26900.0,0,3000.0,0,0,23900.0,01,-,2026-08-03,2026-08-06,EXPIRED,Aug_ 2026 Promotion Retail_Shop Samsung .xlsx, 3 -6 Aug ,12,"{""rrp"": ""D"", ""discount"": ""E"", ""coupon"": ""F"", ""netPrice"": ""D-E""}",MODEL_CAPACITY,WARNING,-
RET- 3 -6 -R12-STUDENT,-,STANDARD_SM,"Galaxy S25 FE
(ร่วม SF+)",256GB,STUDENT,26900.0,0,0,0,4035,22865,Studentcrd,-,2026-08-03,2026-08-06,EXPIRED,Aug_ 2026 Promotion Retail_Shop Samsung .xlsx, 3 -6 Aug ,12,"{""rrp"": ""D"", ""studentRate"": ""G"", ""studentNet"": ""round(D*(1-G))""}",MODEL_CAPACITY,WARNING,-
RET- 3 -6 -R13-SF_PLUS,-,STANDARD_SM,"Galaxy S25 FE
(ร่วม SF+)",128GB,SF_PLUS,22900.0,0,3000.0,0,0,19900.0,01,-,2026-08-03,2026-08-06,EXPIRED,Aug_ 2026 Promotion Retail_Shop Samsung .xlsx, 3 -6 Aug ,13,"{""rrp"": ""D"", ""discount"": ""E"", ""coupon"": ""F"", ""netPrice"": ""D-E""}",MODEL_CAPACITY,WARNING,-
RET- 3 -6 -R13-STUDENT,-,STANDARD_SM,"Galaxy S25 FE
(ร่วม SF+)",128GB,STUDENT,22900.0,0,0,0,3435,19465,Studentcrd,-,2026-08-03,2026-08-06,EXPIRED,Aug_ 2026 Promotion Retail_Shop Samsung .xlsx, 3 -6 Aug ,13,"{""rrp"": ""D"", ""studentRate"": ""G"", ""studentNet"": ""round(D*(1-G))""}",MODEL_CAPACITY,WARNING,-
RET- 3 -6 -R14-STANDARD_PAYMENT,-,STANDARD_SM,"Galaxy S25 FE
(ไม่ร่วม SF+)",256GB,STANDARD_PAYMENT,26900.0,6000.0,0,0,0,20900.0,02,-,2026-08-03,2026-08-06,EXPIRED,Aug_ 2026 Promotion Retail_Shop Samsung .xlsx, 3 -6 Aug ,14,"{""rrp"": ""D"", ""discount"": ""E"", ""coupon"": ""F"", ""netPrice"": ""D-E""}",MODEL_CAPACITY,WARNING,-
RET- 3 -6 -R15-STANDARD_PAYMENT,-,STANDARD_SM,"Galaxy S25 FE
(ไม่ร่วม SF+)",128GB,STANDARD_PAYMENT,22900.0,5000.0,0,0,0,17900.0,02,-,2026-08-03,2026-08-06,EXPIRED,Aug_ 2026 Promotion Retail_Shop Samsung .xlsx, 3 -6 Aug ,15,"{""rrp"": ""D"", ""discount"": ""E"", ""coupon"": ""F"", ""netPrice"": ""D-E""}",MODEL_CAPACITY,WARNING,-
RET- 3 -6 -R24-SF_PLUS,-,STANDARD_SM,Galaxy Z Fold 7,1TB,SF_PLUS,87900.0,0,18000.0,0,0,69900.0,01,-,2026-08-03,2026-08-06,EXPIRED,Aug_ 2026 Promotion Retail_Shop Samsung .xlsx, 3 -6 Aug ,24,"{""rrp"": ""D"", ""discount"": ""E"", ""coupon"": ""F"", ""netPrice"": ""D-E""}",MODEL_CAPACITY,WARNING,-
RET- 3 -6 -R25-SF_PLUS,-,STANDARD_SM,Galaxy Z Fold 7,512GB,SF_PLUS,75900.0,0,18000.0,0,0,57900.0,01,-,2026-08-03,2026-08-06,EXPIRED,Aug_ 2026 Promotion Retail_Shop Samsung .xlsx, 3 -6 Aug ,25,"{""rrp"": ""D"", ""discount"": ""E"", ""coupon"": ""F"", ""netPrice"": ""D-E""}",MODEL_CAPACITY,WARNING,-
RET- 3 -6 -R26-SF_PLUS,-,STANDARD_SM,Galaxy Z Fold 7,256GB,SF_PLUS,67900.0,0,18000.0,0,0,49900.0,01,-,2026-08-03,2026-08-06,EXPIRED,Aug_ 2026 Promotion Retail_Shop Samsung .xlsx, 3 -6 Aug ,26,"{""rrp"": ""D"", ""discount"": ""E"", ""coupon"": ""F"", ""netPrice"": ""D-E""}",MODEL_CAPACITY,WARNING,-
RET- 3 -6 -R27-SF_PLUS,-,STANDARD_SM,Galaxy Z Flip7,512GB,SF_PLUS,48900.0,0,11000.0,0,0,37900.0,01,-,2026-08-03,2026-08-06,EXPIRED,Aug_ 2026 Promotion Retail_Shop Samsung .xlsx, 3 -6 Aug ,27,"{""rrp"": ""D"", ""discount"": ""E"", ""coupon"": ""F"", ""netPrice"": ""D-E""}",MODEL_CAPACITY,WARNING,-
RET- 3 -6 -R28-SF_PLUS,-,STANDARD_SM,Galaxy Z Flip7,256GB,SF_PLUS,40900.0,0,11000.0,0,0,29900.0,01,-,2026-08-03,2026-08-06,EXPIRED,Aug_ 2026 Promotion Retail_Shop Samsung .xlsx, 3 -6 Aug ,28,"{""rrp"": ""D"", ""discount"": ""E"", ""coupon"": ""F"", ""netPrice"": ""D-E""}",MODEL_CAPACITY,WARNING,-
RET- 3 -6 -R29-STUDENT,-,STANDARD_SM,"Galaxy A57 5G
 ตั้งแต่ 3-16 สิงหาคม",12/512GB,STUDENT,20999.0,0,0,0,2520,18479,Studentcrd,-,2026-08-03,2026-08-06,EXPIRED,Aug_ 2026 Promotion Retail_Shop Samsung .xlsx, 3 -6 Aug ,29,"{""rrp"": ""D"", ""studentRate"": ""G"", ""studentNet"": ""round(D*(1-G))""}",MODEL_CAPACITY,WARNING,-
RET- 3 -6 -R30-STUDENT,-,STANDARD_SM,"Galaxy A57 5G
 ตั้งแต่ 3-16 สิงหาคม",12/256GB,STUDENT,17999.0,0,0,0,2520,15479,Studentcrd,-,2026-08-03,2026-08-06,EXPIRED,Aug_ 2026 Promotion Retail_Shop Samsung .xlsx, 3 -6 Aug ,30,"{""rrp"": ""D"", ""studentRate"": ""G"", ""studentNet"": ""round(D*(1-G))""}",MODEL_CAPACITY,WARNING,-
RET- 3 -6 -R31-STUDENT,-,STANDARD_SM,"Galaxy A57 5G
 ตั้งแต่ 3-16 สิงหาคม",8/256GB,STUDENT,16999.0,0,0,0,2550,14449,Studentcrd,-,2026-08-03,2026-08-06,EXPIRED,Aug_ 2026 Promotion Retail_Shop Samsung .xlsx, 3 -6 Aug ,31,"{""rrp"": ""D"", ""studentRate"": ""G"", ""studentNet"": ""round(D*(1-G))""}",MODEL_CAPACITY,WARNING,-
RET- 3 -6 -R32-STANDARD_PAYMENT,-,STANDARD_SM,"Galaxy A57 5G 
(ไม่สามารถใช้ร่วมกับ SF+ ได้)
ตั้งแต่ 3-16 สิงหาคม",12/512GB,STANDARD_PAYMENT,20999.0,2000.0,0,0,0,18999.0,01,-,2026-08-03,2026-08-06,EXPIRED,Aug_ 2026 Promotion Retail_Shop Samsung .xlsx, 3 -6 Aug ,32,"{""rrp"": ""D"", ""discount"": ""E"", ""coupon"": ""F"", ""netPrice"": ""D-E""}",MODEL_CAPACITY,WARNING,-
RET- 3 -6 -R32-STUDENT,-,STANDARD_SM,"Galaxy A57 5G 
(ไม่สามารถใช้ร่วมกับ SF+ ได้)
ตั้งแต่ 3-16 สิงหาคม",12/512GB,STUDENT,20999.0,0,0,0,2520,18479,Studentcrd,-,2026-08-03,2026-08-06,EXPIRED,Aug_ 2026 Promotion Retail_Shop Samsung .xlsx, 3 -6 Aug ,32,"{""rrp"": ""D"", ""studentRate"": ""G"", ""studentNet"": ""round(D*(1-G))""}",MODEL_CAPACITY,WARNING,-
RET- 3 -6 -R33-STANDARD_PAYMENT,-,STANDARD_SM,"Galaxy A57 5G 
(ไม่สามารถใช้ร่วมกับ SF+ ได้)
ตั้งแต่ 3-16 สิงหาคม",12/256GB,STANDARD_PAYMENT,17999.0,2000.0,0,0,0,15999.0,01,-,2026-08-03,2026-08-06,EXPIRED,Aug_ 2026 Promotion Retail_Shop Samsung .xlsx, 3 -6 Aug ,33,"{""rrp"": ""D"", ""discount"": ""E"", ""coupon"": ""F"", ""netPrice"": ""D-E""}",MODEL_CAPACITY,WARNING,-
RET- 3 -6 -R33-STUDENT,-,STANDARD_SM,"Galaxy A57 5G 
(ไม่สามารถใช้ร่วมกับ SF+ ได้)
ตั้งแต่ 3-16 สิงหาคม",12/256GB,STUDENT,17999.0,0,0,0,2520,15479,Studentcrd,-,2026-08-03,2026-08-06,EXPIRED,Aug_ 2026 Promotion Retail_Shop Samsung .xlsx, 3 -6 Aug ,33,"{""rrp"": ""D"", ""studentRate"": ""G"", ""studentNet"": ""round(D*(1-G))""}",MODEL_CAPACITY,WARNING,-
RET- 3 -6 -R34-STANDARD_PAYMENT,-,STANDARD_SM,"Galaxy A57 5G 
(ไม่สามารถใช้ร่วมกับ SF+ ได้)
ตั้งแต่ 3-16 สิงหาคม",8/256GB,STANDARD_PAYMENT,16999.0,2000.0,0,0,0,14999.0,01,-,2026-08-03,2026-08-06,EXPIRED,Aug_ 2026 Promotion Retail_Shop Samsung .xlsx, 3 -6 Aug ,34,"{""rrp"": ""D"", ""discount"": ""E"", ""coupon"": ""F"", ""netPrice"": ""D-E""}",MODEL_CAPACITY,WARNING,-
RET- 3 -6 -R34-STUDENT,-,STANDARD_SM,"Galaxy A57 5G 
(ไม่สามารถใช้ร่วมกับ SF+ ได้)
ตั้งแต่ 3-16 สิงหาคม",8/256GB,STUDENT,16999.0,0,0,0,2550,14449,Studentcrd,-,2026-08-03,2026-08-06,EXPIRED,Aug_ 2026 Promotion Retail_Shop Samsung .xlsx, 3 -6 Aug ,34,"{""rrp"": ""D"", ""studentRate"": ""G"", ""studentNet"": ""round(D*(1-G))""}",MODEL_CAPACITY,WARNING,-
RET- 3 -6 -R35-STUDENT,-,STANDARD_SM,"Galaxy A37 5G
ตั้งแต่ 3-16 สิงหาคม",8/256GB,STUDENT,13999.0,0,0,0,560,13439,Studentcrd,-,2026-08-03,2026-08-06,EXPIRED,Aug_ 2026 Promotion Retail_Shop Samsung .xlsx, 3 -6 Aug ,35,"{""rrp"": ""D"", ""studentRate"": ""G"", ""studentNet"": ""round(D*(1-G))""}",MODEL_CAPACITY,WARNING,-
RET- 3 -6 -R36-SF_PLUS,-,STANDARD_SM,"Galaxy A27 5G
ตั้งแต่ 3-16 สิงหาคม",8/128GB,SF_PLUS,10999.0,0,1000.0,0,0,9999.0,01,-,2026-08-03,2026-08-06,EXPIRED,Aug_ 2026 Promotion Retail_Shop Samsung .xlsx, 3 -6 Aug ,36,"{""rrp"": ""D"", ""discount"": ""E"", ""coupon"": ""F"", ""netPrice"": ""D-E""}",MODEL_CAPACITY,WARNING,-
RET- 3 -6 -R37-SF_PLUS,-,STANDARD_SM,"Galaxy A17 5G
ตั้งแต่ 3-16 สิงหาคม",8/256GB,SF_PLUS,10599.0,0,600.0,0,0,9999.0,01,-,2026-08-03,2026-08-06,EXPIRED,Aug_ 2026 Promotion Retail_Shop Samsung .xlsx, 3 -6 Aug ,37,"{""rrp"": ""D"", ""discount"": ""E"", ""coupon"": ""F"", ""netPrice"": ""D-E""}",MODEL_CAPACITY,WARNING,-
RET- 3 -6 -R37-STUDENT,-,STANDARD_SM,"Galaxy A17 5G
ตั้งแต่ 3-16 สิงหาคม",8/256GB,STUDENT,10599.0,0,0,0,1060,9539,Studentcrd,-,2026-08-03,2026-08-06,EXPIRED,Aug_ 2026 Promotion Retail_Shop Samsung .xlsx, 3 -6 Aug ,37,"{""rrp"": ""D"", ""studentRate"": ""G"", ""studentNet"": ""round(D*(1-G))""}",MODEL_CAPACITY,WARNING,-
RET- 3 -6 -R38-SF_PLUS,-,STANDARD_SM,"Galaxy A17 5G
ตั้งแต่ 3-16 สิงหาคม",8/128GB,SF_PLUS,8999.0,0,1700.0,0,0,7299.0,01,-,2026-08-03,2026-08-06,EXPIRED,Aug_ 2026 Promotion Retail_Shop Samsung .xlsx, 3 -6 Aug ,38,"{""rrp"": ""D"", ""discount"": ""E"", ""coupon"": ""F"", ""netPrice"": ""D-E""}",MODEL_CAPACITY,WARNING,-
RET- 3 -6 -R39-SF_PLUS,-,STANDARD_SM,"Galaxy A17 LTE
ตั้งแต่ 3-16 สิงหาคม",8/128GB,SF_PLUS,7999.0,0,1000.0,0,0,6999.0,01,-,2026-08-03,2026-08-06,EXPIRED,Aug_ 2026 Promotion Retail_Shop Samsung .xlsx, 3 -6 Aug ,39,"{""rrp"": ""D"", ""discount"": ""E"", ""coupon"": ""F"", ""netPrice"": ""D-E""}",MODEL_CAPACITY,WARNING,-
RET- 3 -6 -R40-STUDENT,-,STANDARD_SM,"Galaxy A07 5G
ตั้งแต่ 3-16 สิงหาคม",6/128GB,STUDENT,6999.0,0,0,0,700,6299,Studentcrd,-,2026-08-03,2026-08-06,EXPIRED,Aug_ 2026 Promotion Retail_Shop Samsung .xlsx, 3 -6 Aug ,40,"{""rrp"": ""D"", ""studentRate"": ""G"", ""studentNet"": ""round(D*(1-G))""}",MODEL_CAPACITY,WARNING,-
RET- 3 -6 -R42-SF_PLUS,-,STANDARD_SM,"Galaxy A07 LTE
6-19 July",4/128GB,SF_PLUS,5299.0,0,1300.0,0,0,3999.0,01,-,2026-08-03,2026-08-06,EXPIRED,Aug_ 2026 Promotion Retail_Shop Samsung .xlsx, 3 -6 Aug ,42,"{""rrp"": ""D"", ""discount"": ""E"", ""coupon"": ""F"", ""netPrice"": ""D-E""}",MODEL_CAPACITY,WARNING,-
RET- 3 -6 -R43-SF_PLUS,-,STANDARD_SM,"Galaxy A07 LTE
6-19 July",4/64GB,SF_PLUS,4599.0,0,800.0,0,0,3799.0,01,-,2026-08-03,2026-08-06,EXPIRED,Aug_ 2026 Promotion Retail_Shop Samsung .xlsx, 3 -6 Aug ,43,"{""rrp"": ""D"", ""discount"": ""E"", ""coupon"": ""F"", ""netPrice"": ""D-E""}",MODEL_CAPACITY,WARNING,-
PREM-2025-R3,-,STANDARD_ACCESSORY,Premium SAMSUNG TC-04 (Type-C)  มูลค่า 199,-,BUNDLE,199.0,199.0,0,0,0,0.0,10,Premium SAMSUNG TC-04 (Type-C)  มูลค่า 199,2025-07-01,2025-09-30,EXPIRED,Aug_ 2026 Promotion Retail_Shop Samsung .xlsx,Promotion Premium Q2.2026,3,"{""gift"": ""B"", ""headerDate"": ""R1C1 (2025-07-01 to 2025-09-30)""}",MODEL_ONLY,BLOCKED,EXPIRED_PREMIUM; MISSING_NET_PRICE
PREM-2025-R4,-,STANDARD_ACCESSORY,Premium SAMSUNG TC-05 (Type-C)  มูลค่า 199,-,BUNDLE,199.0,199.0,0,0,0,0.0,10,Premium SAMSUNG TC-05 (Type-C)  มูลค่า 199,2025-07-01,2025-09-30,EXPIRED,Aug_ 2026 Promotion Retail_Shop Samsung .xlsx,Promotion Premium Q2.2026,4,"{""gift"": ""B"", ""headerDate"": ""R1C1 (2025-07-01 to 2025-09-30)""}",MODEL_ONLY,BLOCKED,EXPIRED_PREMIUM; MISSING_NET_PRICE
PREM-2025-R5,-,STANDARD_ACCESSORY,ขาตั้งมือถือ Multifunction & Premium D-Power Phone Holder PH-03  มูลค่า 299,-,BUNDLE,199.0,199.0,0,0,0,0.0,10,ขาตั้งมือถือ Multifunction & Premium D-Power Phone Holder PH-03  มูลค่า 299,2025-07-01,2025-09-30,EXPIRED,Aug_ 2026 Promotion Retail_Shop Samsung .xlsx,Promotion Premium Q2.2026,5,"{""gift"": ""B"", ""headerDate"": ""R1C1 (2025-07-01 to 2025-09-30)""}",MODEL_ONLY,BLOCKED,EXPIRED_PREMIUM; MISSING_NET_PRICE
PREM-2025-R6,-,STANDARD_ACCESSORY,Premium Wireless Speaker EP-20 Black  มูลค่า  199,-,BUNDLE,199.0,199.0,0,0,0,0.0,10,Premium Wireless Speaker EP-20 Black  มูลค่า  199,2025-07-01,2025-09-30,EXPIRED,Aug_ 2026 Promotion Retail_Shop Samsung .xlsx,Promotion Premium Q2.2026,6,"{""gift"": ""B"", ""headerDate"": ""R1C1 (2025-07-01 to 2025-09-30)""}",MODEL_ONLY,BLOCKED,EXPIRED_PREMIUM; MISSING_NET_PRICE
PREM-2025-R7,-,STANDARD_ACCESSORY,Premium D-power Selfie Stick-SF03 มูลค่า 399,-,BUNDLE,199.0,199.0,0,0,0,0.0,10,Premium D-power Selfie Stick-SF03 มูลค่า 399,2025-07-01,2025-09-30,EXPIRED,Aug_ 2026 Promotion Retail_Shop Samsung .xlsx,Promotion Premium Q2.2026,7,"{""gift"": ""B"", ""headerDate"": ""R1C1 (2025-07-01 to 2025-09-30)""}",MODEL_ONLY,BLOCKED,EXPIRED_PREMIUM; MISSING_NET_PRICE
PREM-2025-R8,-,STANDARD_ACCESSORY,Premium D-power Selfie Stick-SF03 มูลค่า 399,-,BUNDLE,199.0,199.0,0,0,0,0.0,10,Premium D-power Selfie Stick-SF03 มูลค่า 399,2025-07-01,2025-09-30,EXPIRED,Aug_ 2026 Promotion Retail_Shop Samsung .xlsx,Promotion Premium Q2.2026,8,"{""gift"": ""B"", ""headerDate"": ""R1C1 (2025-07-01 to 2025-09-30)""}",MODEL_ONLY,BLOCKED,EXPIRED_PREMIUM; MISSING_NET_PRICE
PREM-2025-R9,-,STANDARD_ACCESSORY,[PM] EZHome Mini Portable Handheld Fan EF02 - Pink  มูลค่า  239,-,BUNDLE,199.0,199.0,0,0,0,0.0,10,[PM] EZHome Mini Portable Handheld Fan EF02 - Pink  มูลค่า  239,2025-07-01,2025-09-30,EXPIRED,Aug_ 2026 Promotion Retail_Shop Samsung .xlsx,Promotion Premium Q2.2026,9,"{""gift"": ""B"", ""headerDate"": ""R1C1 (2025-07-01 to 2025-09-30)""}",MODEL_ONLY,BLOCKED,EXPIRED_PREMIUM; MISSING_NET_PRICE
PREM-2025-R10,-,STANDARD_ACCESSORY,[PM] EZHome Mini Portable Handheld Fan EF02 - Light Blue มูลค่า  239,-,BUNDLE,199.0,199.0,0,0,0,0.0,10,[PM] EZHome Mini Portable Handheld Fan EF02 - Light Blue มูลค่า  239,2025-07-01,2025-09-30,EXPIRED,Aug_ 2026 Promotion Retail_Shop Samsung .xlsx,Promotion Premium Q2.2026,10,"{""gift"": ""B"", ""headerDate"": ""R1C1 (2025-07-01 to 2025-09-30)""}",MODEL_ONLY,BLOCKED,EXPIRED_PREMIUM; MISSING_NET_PRICE
PREM-2025-R11,-,STANDARD_ACCESSORY,[PM] EZHome Mini Portable Handheld Fan EF02 - White มูลค่า  239,-,BUNDLE,199.0,199.0,0,0,0,0.0,10,[PM] EZHome Mini Portable Handheld Fan EF02 - White มูลค่า  239,2025-07-01,2025-09-30,EXPIRED,Aug_ 2026 Promotion Retail_Shop Samsung .xlsx,Promotion Premium Q2.2026,11,"{""gift"": ""B"", ""headerDate"": ""R1C1 (2025-07-01 to 2025-09-30)""}",MODEL_ONLY,BLOCKED,EXPIRED_PREMIUM; MISSING_NET_PRICE
PREM-2025-R12,-,STANDARD_ACCESSORY,[PM] D-Power Powerbank GC106 10000 mAh - SAMSUNG  มูลค่า 599,-,BUNDLE,199.0,199.0,0,0,0,0.0,10,[PM] D-Power Powerbank GC106 10000 mAh - SAMSUNG  มูลค่า 599,2025-07-01,2025-09-30,EXPIRED,Aug_ 2026 Promotion Retail_Shop Samsung .xlsx,Promotion Premium Q2.2026,12,"{""gift"": ""B"", ""headerDate"": ""R1C1 (2025-07-01 to 2025-09-30)""}",MODEL_ONLY,BLOCKED,EXPIRED_PREMIUM; MISSING_NET_PRICE
PREM-2025-R13,-,STANDARD_ACCESSORY,Premium Wireless Home bluetooth  Speaker Little  มูลค่า 699,-,BUNDLE,199.0,199.0,0,0,0,0.0,10,Premium Wireless Home bluetooth  Speaker Little  มูลค่า 699,2025-07-01,2025-09-30,EXPIRED,Aug_ 2026 Promotion Retail_Shop Samsung .xlsx,Promotion Premium Q2.2026,13,"{""gift"": ""B"", ""headerDate"": ""R1C1 (2025-07-01 to 2025-09-30)""}",MODEL_ONLY,BLOCKED,EXPIRED_PREMIUM; MISSING_NET_PRICE
PREM-2025-R14,-,STANDARD_ACCESSORY,Premium Wireless Home bluetooth  Speaker Tinny  มูลค่า 699,-,BUNDLE,199.0,199.0,0,0,0,0.0,10,Premium Wireless Home bluetooth  Speaker Tinny  มูลค่า 699,2025-07-01,2025-09-30,EXPIRED,Aug_ 2026 Promotion Retail_Shop Samsung .xlsx,Promotion Premium Q2.2026,14,"{""gift"": ""B"", ""headerDate"": ""R1C1 (2025-07-01 to 2025-09-30)""}",MODEL_ONLY,BLOCKED,EXPIRED_PREMIUM; MISSING_NET_PRICE
PREM-2025-R15,-,STANDARD_ACCESSORY,Premium SAMSUNG Phoenix Backpack  มูลค่า 399,-,BUNDLE,199.0,199.0,0,0,0,0.0,10,Premium SAMSUNG Phoenix Backpack  มูลค่า 399,2025-07-01,2025-09-30,EXPIRED,Aug_ 2026 Promotion Retail_Shop Samsung .xlsx,Promotion Premium Q2.2026,15,"{""gift"": ""B"", ""headerDate"": ""R1C1 (2025-07-01 to 2025-09-30)""}",MODEL_ONLY,BLOCKED,EXPIRED_PREMIUM; MISSING_NET_PRICE
PREM-2025-R16,-,STANDARD_ACCESSORY,"[PM] Power Bank V-104 Pro (10,400 mAh) D-Power  มูลค่า 890",-,BUNDLE,199.0,199.0,0,0,0,0.0,10,"[PM] Power Bank V-104 Pro (10,400 mAh) D-Power  มูลค่า 890",2025-07-01,2025-09-30,EXPIRED,Aug_ 2026 Promotion Retail_Shop Samsung .xlsx,Promotion Premium Q2.2026,16,"{""gift"": ""B"", ""headerDate"": ""R1C1 (2025-07-01 to 2025-09-30)""}",MODEL_ONLY,BLOCKED,EXPIRED_PREMIUM; MISSING_NET_PRICE
PREM-2025-R17,-,STANDARD_ACCESSORY,Premium D-Power M22 Speaker Bluetooth มูลค่า 599,-,BUNDLE,199.0,199.0,0,0,0,0.0,10,Premium D-Power M22 Speaker Bluetooth มูลค่า 599,2025-07-01,2025-09-30,EXPIRED,Aug_ 2026 Promotion Retail_Shop Samsung .xlsx,Promotion Premium Q2.2026,17,"{""gift"": ""B"", ""headerDate"": ""R1C1 (2025-07-01 to 2025-09-30)""}",MODEL_ONLY,BLOCKED,EXPIRED_PREMIUM; MISSING_NET_PRICE
PREM-2025-R18,-,STANDARD_ACCESSORY,[PM] Umbrella UV Mini Youmi Black มูลค่า 359,-,BUNDLE,199.0,199.0,0,0,0,0.0,10,[PM] Umbrella UV Mini Youmi Black มูลค่า 359,2025-07-01,2025-09-30,EXPIRED,Aug_ 2026 Promotion Retail_Shop Samsung .xlsx,Promotion Premium Q2.2026,18,"{""gift"": ""B"", ""headerDate"": ""R1C1 (2025-07-01 to 2025-09-30)""}",MODEL_ONLY,BLOCKED,EXPIRED_PREMIUM; MISSING_NET_PRICE
PREM-2025-R19,-,STANDARD_ACCESSORY,Premium Powerbank GC1005 PD3.0 22.5W (10000 mAh)-SAMSUNG  มูลค่า 699,-,BUNDLE,199.0,199.0,0,0,0,0.0,10,Premium Powerbank GC1005 PD3.0 22.5W (10000 mAh)-SAMSUNG  มูลค่า 699,2025-07-01,2025-09-30,EXPIRED,Aug_ 2026 Promotion Retail_Shop Samsung .xlsx,Promotion Premium Q2.2026,19,"{""gift"": ""B"", ""headerDate"": ""R1C1 (2025-07-01 to 2025-09-30)""}",MODEL_ONLY,BLOCKED,EXPIRED_PREMIUM; MISSING_NET_PRICE
PREM-2025-R20,-,STANDARD_ACCESSORY,"Premium  D-Power HP-33
(Wireless 
Headphone) มูลค่า 799",-,BUNDLE,199.0,199.0,0,0,0,0.0,10,"Premium  D-Power HP-33
(Wireless 
Headphone) มูลค่า 799",2025-07-01,2025-09-30,EXPIRED,Aug_ 2026 Promotion Retail_Shop Samsung .xlsx,Promotion Premium Q2.2026,20,"{""gift"": ""B"", ""headerDate"": ""R1C1 (2025-07-01 to 2025-09-30)""}",MODEL_ONLY,BLOCKED,EXPIRED_PREMIUM; MISSING_NET_PRICE
PREM-2025-R21,-,STANDARD_ACCESSORY,"[PM]Jisulife FA55 Handheld Fan Ultra1 - Brown  มูลค่า 1,890",-,BUNDLE,199.0,199.0,0,0,0,0.0,10,"[PM]Jisulife FA55 Handheld Fan Ultra1 - Brown  มูลค่า 1,890",2025-07-01,2025-09-30,EXPIRED,Aug_ 2026 Promotion Retail_Shop Samsung .xlsx,Promotion Premium Q2.2026,21,"{""gift"": ""B"", ""headerDate"": ""R1C1 (2025-07-01 to 2025-09-30)""}",MODEL_ONLY,BLOCKED,EXPIRED_PREMIUM; MISSING_NET_PRICE
PREM-2025-R22,-,STANDARD_ACCESSORY,"[PM]Jisulife FA55 Handheld Fan Ultra1 - Grey มูลค่า 1,890",-,BUNDLE,199.0,199.0,0,0,0,0.0,10,"[PM]Jisulife FA55 Handheld Fan Ultra1 - Grey มูลค่า 1,890",2025-07-01,2025-09-30,EXPIRED,Aug_ 2026 Promotion Retail_Shop Samsung .xlsx,Promotion Premium Q2.2026,22,"{""gift"": ""B"", ""headerDate"": ""R1C1 (2025-07-01 to 2025-09-30)""}",MODEL_ONLY,BLOCKED,EXPIRED_PREMIUM; MISSING_NET_PRICE
PREM-2025-R23,-,STANDARD_ACCESSORY,"[PM]JBL CLIP 5  มูลค่า 2,790",-,BUNDLE,199.0,199.0,0,0,0,0.0,10,"[PM]JBL CLIP 5  มูลค่า 2,790",2025-07-01,2025-09-30,EXPIRED,Aug_ 2026 Promotion Retail_Shop Samsung .xlsx,Promotion Premium Q2.2026,23,"{""gift"": ""B"", ""headerDate"": ""R1C1 (2025-07-01 to 2025-09-30)""}",MODEL_ONLY,BLOCKED,EXPIRED_PREMIUM; MISSING_NET_PRICE
PREM-2025-R24,-,STANDARD_ACCESSORY,"Wireless Charger SAMSUNG  มูลค่า 1,990",-,BUNDLE,199.0,199.0,0,0,0,0.0,10,"Wireless Charger SAMSUNG  มูลค่า 1,990",2025-07-01,2025-09-30,EXPIRED,Aug_ 2026 Promotion Retail_Shop Samsung .xlsx,Promotion Premium Q2.2026,24,"{""gift"": ""B"", ""headerDate"": ""R1C1 (2025-07-01 to 2025-09-30)""}",MODEL_ONLY,BLOCKED,EXPIRED_PREMIUM; MISSING_NET_PRICE
PREM-2025-R25,-,STANDARD_ACCESSORY,"Adam Element iKlips S USB-C Nano Fingerprint SSD 256 GB  มูลค่า 1,990",-,BUNDLE,199.0,199.0,0,0,0,0.0,10,"Adam Element iKlips S USB-C Nano Fingerprint SSD 256 GB  มูลค่า 1,990",2025-07-01,2025-09-30,EXPIRED,Aug_ 2026 Promotion Retail_Shop Samsung .xlsx,Promotion Premium Q2.2026,25,"{""gift"": ""B"", ""headerDate"": ""R1C1 (2025-07-01 to 2025-09-30)""}",MODEL_ONLY,BLOCKED,EXPIRED_PREMIUM; MISSING_NET_PRICE
PREM-2025-R26,-,STANDARD_ACCESSORY,Premium S28 Pocket Power Bank 5200 mAh  มูลค่า 990,-,BUNDLE,199.0,199.0,0,0,0,0.0,10,Premium S28 Pocket Power Bank 5200 mAh  มูลค่า 990,2025-07-01,2025-09-30,EXPIRED,Aug_ 2026 Promotion Retail_Shop Samsung .xlsx,Promotion Premium Q2.2026,26,"{""gift"": ""B"", ""headerDate"": ""R1C1 (2025-07-01 to 2025-09-30)""}",MODEL_ONLY,BLOCKED,EXPIRED_PREMIUM; MISSING_NET_PRICE
PREM-2025-R27,-,STANDARD_ACCESSORY,"[PM]JBL GO 4 มูลค่า 1,990",-,BUNDLE,199.0,199.0,0,0,0,0.0,10,"[PM]JBL GO 4 มูลค่า 1,990",2025-07-01,2025-09-30,EXPIRED,Aug_ 2026 Promotion Retail_Shop Samsung .xlsx,Promotion Premium Q2.2026,27,"{""gift"": ""B"", ""headerDate"": ""R1C1 (2025-07-01 to 2025-09-30)""}",MODEL_ONLY,BLOCKED,EXPIRED_PREMIUM; MISSING_NET_PRICE
PREM-2025-R28,-,STANDARD_ACCESSORY,"[PM]JBL CLIP 5  มูลค่า 2,790",-,BUNDLE,199.0,199.0,0,0,0,0.0,10,"[PM]JBL CLIP 5  มูลค่า 2,790",2025-07-01,2025-09-30,EXPIRED,Aug_ 2026 Promotion Retail_Shop Samsung .xlsx,Promotion Premium Q2.2026,28,"{""gift"": ""B"", ""headerDate"": ""R1C1 (2025-07-01 to 2025-09-30)""}",MODEL_ONLY,BLOCKED,EXPIRED_PREMIUM; MISSING_NET_PRICE
PREM-2025-R29,-,STANDARD_ACCESSORY,"[PM]Jisulife FA55 Handheld Fan Ultra1 - Brown  มูลค่า 1,890",-,BUNDLE,199.0,199.0,0,0,0,0.0,10,"[PM]Jisulife FA55 Handheld Fan Ultra1 - Brown  มูลค่า 1,890",2025-07-01,2025-09-30,EXPIRED,Aug_ 2026 Promotion Retail_Shop Samsung .xlsx,Promotion Premium Q2.2026,29,"{""gift"": ""B"", ""headerDate"": ""R1C1 (2025-07-01 to 2025-09-30)""}",MODEL_ONLY,BLOCKED,EXPIRED_PREMIUM; MISSING_NET_PRICE
PREM-2025-R30,-,STANDARD_ACCESSORY,"[PM]Jisulife FA55 Handheld Fan Ultra1 - Grey มูลค่า 1,890",-,BUNDLE,199.0,199.0,0,0,0,0.0,10,"[PM]Jisulife FA55 Handheld Fan Ultra1 - Grey มูลค่า 1,890",2025-07-01,2025-09-30,EXPIRED,Aug_ 2026 Promotion Retail_Shop Samsung .xlsx,Promotion Premium Q2.2026,30,"{""gift"": ""B"", ""headerDate"": ""R1C1 (2025-07-01 to 2025-09-30)""}",MODEL_ONLY,BLOCKED,EXPIRED_PREMIUM; MISSING_NET_PRICE
PREM-2025-R31,-,STANDARD_ACCESSORY,"[PM] Portable Photo Printer (26152) มูลค่า 2,299",-,BUNDLE,199.0,199.0,0,0,0,0.0,10,"[PM] Portable Photo Printer (26152) มูลค่า 2,299",2025-07-01,2025-09-30,EXPIRED,Aug_ 2026 Promotion Retail_Shop Samsung .xlsx,Promotion Premium Q2.2026,31,"{""gift"": ""B"", ""headerDate"": ""R1C1 (2025-07-01 to 2025-09-30)""}",MODEL_ONLY,BLOCKED,EXPIRED_PREMIUM; MISSING_NET_PRICE
PREM-2025-R32,-,STANDARD_ACCESSORY,"Adam Element Mag Z Magnetic 3-in-1 Foldable Travel Charging Station-Black  มูลค่า 2,990",-,BUNDLE,199.0,199.0,0,0,0,0.0,10,"Adam Element Mag Z Magnetic 3-in-1 Foldable Travel Charging Station-Black  มูลค่า 2,990",2025-07-01,2025-09-30,EXPIRED,Aug_ 2026 Promotion Retail_Shop Samsung .xlsx,Promotion Premium Q2.2026,32,"{""gift"": ""B"", ""headerDate"": ""R1C1 (2025-07-01 to 2025-09-30)""}",MODEL_ONLY,BLOCKED,EXPIRED_PREMIUM; MISSING_NET_PRICE
PREM-2025-R33,-,STANDARD_ACCESSORY,"Adam Element Mag Z Magnetic 3-in-1 Foldable Travel Charging Station-Titanium   มูลค่า 2,990",-,BUNDLE,199.0,199.0,0,0,0,0.0,10,"Adam Element Mag Z Magnetic 3-in-1 Foldable Travel Charging Station-Titanium   มูลค่า 2,990",2025-07-01,2025-09-30,EXPIRED,Aug_ 2026 Promotion Retail_Shop Samsung .xlsx,Promotion Premium Q2.2026,33,"{""gift"": ""B"", ""headerDate"": ""R1C1 (2025-07-01 to 2025-09-30)""}",MODEL_ONLY,BLOCKED,EXPIRED_PREMIUM; MISSING_NET_PRICE
PREM-2025-R34,-,STANDARD_ACCESSORY,[PM]Adam Element GRAVITY F5C Pocket Power Bank 5K-Black มูลค่า 890,-,BUNDLE,199.0,199.0,0,0,0,0.0,10,[PM]Adam Element GRAVITY F5C Pocket Power Bank 5K-Black มูลค่า 890,2025-07-01,2025-09-30,EXPIRED,Aug_ 2026 Promotion Retail_Shop Samsung .xlsx,Promotion Premium Q2.2026,34,"{""gift"": ""B"", ""headerDate"": ""R1C1 (2025-07-01 to 2025-09-30)""}",MODEL_ONLY,BLOCKED,EXPIRED_PREMIUM; MISSING_NET_PRICE
TAB-R4-STANDARD_PAYMENT,-,STANDARD_SM,Galaxy Tab S11  Ultra 5G,12/256GB,STANDARD_PAYMENT,48900.0,5000.0,0,0,0,43900.0,01,-,2026-08-03,2026-09-06,ACTIVE,Pro Tablet Acc samsung 3Aug2026.xlsx,โปร และ เงื่อนไขการตัดขาย,4,"{""rrp"": ""D"", ""ssDiscount"": ""E"", ""cpwDiscount"": ""F"", ""netPrice"": ""G"", ""coupon"": ""I""}",MODEL_CAPACITY,WARNING,-
TAB-R5-STANDARD_PAYMENT,-,STANDARD_SM,Galaxy Tab S11 (5G),12/128GB,STANDARD_PAYMENT,33900.0,3500.0,0,0,0,30400.0,-,-,2026-08-03,2026-09-06,ACTIVE,Pro Tablet Acc samsung 3Aug2026.xlsx,โปร และ เงื่อนไขการตัดขาย,5,"{""rrp"": ""D"", ""ssDiscount"": ""E"", ""cpwDiscount"": ""F"", ""netPrice"": ""G"", ""coupon"": ""I""}",MODEL_CAPACITY,WARNING,-
TAB-R6-STANDARD_PAYMENT,-,STANDARD_SM,Galaxy Tab S11  (WiFi),12/128GB,STANDARD_PAYMENT,28900.0,3500.0,0,0,0,25400.0,-,-,2026-08-03,2026-09-06,ACTIVE,Pro Tablet Acc samsung 3Aug2026.xlsx,โปร และ เงื่อนไขการตัดขาย,6,"{""rrp"": ""D"", ""ssDiscount"": ""E"", ""cpwDiscount"": ""F"", ""netPrice"": ""G"", ""coupon"": ""I""}",MODEL_CAPACITY,WARNING,-
TAB-R7-STANDARD_PAYMENT,-,STANDARD_SM,Galaxy Tab S10 plus 5G,12/256GB,STANDARD_PAYMENT,43900.0,13000.0,0,0,0,30900.0,-,-,2026-08-03,2026-09-06,ACTIVE,Pro Tablet Acc samsung 3Aug2026.xlsx,โปร และ เงื่อนไขการตัดขาย,7,"{""rrp"": ""D"", ""ssDiscount"": ""E"", ""cpwDiscount"": ""F"", ""netPrice"": ""G"", ""coupon"": ""I""}",MODEL_CAPACITY,WARNING,-
TAB-R8-STANDARD_PAYMENT,-,STANDARD_SM,Galaxy Tab S10ultra,12/512GB,STANDARD_PAYMENT,52900.0,10000.0,0,0,0,42900.0,-,-,2026-08-03,2026-09-06,ACTIVE,Pro Tablet Acc samsung 3Aug2026.xlsx,โปร และ เงื่อนไขการตัดขาย,8,"{""rrp"": ""D"", ""ssDiscount"": ""E"", ""cpwDiscount"": ""F"", ""netPrice"": ""G"", ""coupon"": ""I""}",MODEL_CAPACITY,WARNING,-
TAB-R9-STANDARD_PAYMENT,-,STANDARD_SM,Galaxy Tab S10 FE+ 5G,12/256GB,STANDARD_PAYMENT,30900.0,5000.0,0,0,0,25900.0,-,-,2026-08-03,2026-09-06,ACTIVE,Pro Tablet Acc samsung 3Aug2026.xlsx,โปร และ เงื่อนไขการตัดขาย,9,"{""rrp"": ""D"", ""ssDiscount"": ""E"", ""cpwDiscount"": ""F"", ""netPrice"": ""G"", ""coupon"": ""I""}",MODEL_CAPACITY,WARNING,-
TAB-R10-STANDARD_PAYMENT,-,STANDARD_SM,Galaxy Tab S10 FE+ WiFi,12/256GB,STANDARD_PAYMENT,27900.0,5000.0,0,0,0,22900.0,-,-,2026-08-03,2026-09-06,ACTIVE,Pro Tablet Acc samsung 3Aug2026.xlsx,โปร และ เงื่อนไขการตัดขาย,10,"{""rrp"": ""D"", ""ssDiscount"": ""E"", ""cpwDiscount"": ""F"", ""netPrice"": ""G"", ""coupon"": ""I""}",MODEL_CAPACITY,WARNING,-
TAB-R11-STANDARD_PAYMENT,-,STANDARD_SM,Galaxy Tab S10 FE 5G,8/128GB,STANDARD_PAYMENT,22900.0,3500.0,0,0,0,19400.0,-,-,2026-08-03,2026-09-06,ACTIVE,Pro Tablet Acc samsung 3Aug2026.xlsx,โปร และ เงื่อนไขการตัดขาย,11,"{""rrp"": ""D"", ""ssDiscount"": ""E"", ""cpwDiscount"": ""F"", ""netPrice"": ""G"", ""coupon"": ""I""}",MODEL_CAPACITY,WARNING,-
TAB-R12-STANDARD_PAYMENT,-,STANDARD_SM,Galaxy Tab S10 FE WiFi,8/128GB,STANDARD_PAYMENT,19900.0,3500.0,0,0,0,16400.0,-,-,2026-08-03,2026-09-06,ACTIVE,Pro Tablet Acc samsung 3Aug2026.xlsx,โปร และ เงื่อนไขการตัดขาย,12,"{""rrp"": ""D"", ""ssDiscount"": ""E"", ""cpwDiscount"": ""F"", ""netPrice"": ""G"", ""coupon"": ""I""}",MODEL_CAPACITY,WARNING,-
TAB-R13-STANDARD_PAYMENT,-,STANDARD_SM,Galaxy Tab S10 Lite 5G (รหัส F-X406BZ ),6/128GB,STANDARD_PAYMENT,16990.0,500.0,0,0,0,16490.0,-,-,2026-08-03,2026-09-06,ACTIVE,Pro Tablet Acc samsung 3Aug2026.xlsx,โปร และ เงื่อนไขการตัดขาย,13,"{""rrp"": ""D"", ""ssDiscount"": ""E"", ""cpwDiscount"": ""F"", ""netPrice"": ""G"", ""coupon"": ""I""}",MODEL_CAPACITY,WARNING,-
TAB-R14-STANDARD_PAYMENT,-,STANDARD_SM,Galaxy Tab S10 Lite WiFi (รหัส F-X400NZ ),6/128GB,STANDARD_PAYMENT,12990.0,500.0,0,0,0,12490.0,-,-,2026-08-03,2026-09-06,ACTIVE,Pro Tablet Acc samsung 3Aug2026.xlsx,โปร และ เงื่อนไขการตัดขาย,14,"{""rrp"": ""D"", ""ssDiscount"": ""E"", ""cpwDiscount"": ""F"", ""netPrice"": ""G"", ""coupon"": ""I""}",MODEL_CAPACITY,WARNING,-
TAB-R15-STANDARD_PAYMENT,-,STANDARD_SM,Galaxy Tab S10 Lite 5G (รหัส SM-X406BZ ) ไม่แถมเคส,6/128GB,STANDARD_PAYMENT,16990.0,2500.0,0,0,0,14490.0,-,-,2026-08-03,2026-09-06,ACTIVE,Pro Tablet Acc samsung 3Aug2026.xlsx,โปร และ เงื่อนไขการตัดขาย,15,"{""rrp"": ""D"", ""ssDiscount"": ""E"", ""cpwDiscount"": ""F"", ""netPrice"": ""G"", ""coupon"": ""I""}",MODEL_CAPACITY,WARNING,-
TAB-R16-STANDARD_PAYMENT,-,STANDARD_SM,Galaxy Tab S10 Lite WiFi (รหัส SM-X400NZ )ไม่แถมเคส,6/128GB,STANDARD_PAYMENT,12990.0,2500.0,0,0,0,10490.0,-,-,2026-08-03,2026-09-06,ACTIVE,Pro Tablet Acc samsung 3Aug2026.xlsx,โปร และ เงื่อนไขการตัดขาย,16,"{""rrp"": ""D"", ""ssDiscount"": ""E"", ""cpwDiscount"": ""F"", ""netPrice"": ""G"", ""coupon"": ""I""}",MODEL_CAPACITY,WARNING,-
TAB-R17-STANDARD_PAYMENT,-,STANDARD_SM,Galaxy Tab S9 FE plus Wifi,8/128,STANDARD_PAYMENT,23900.0,2500.0,0,0,0,21400.0,-,-,2026-08-03,2026-09-06,ACTIVE,Pro Tablet Acc samsung 3Aug2026.xlsx,โปร และ เงื่อนไขการตัดขาย,17,"{""rrp"": ""D"", ""ssDiscount"": ""E"", ""cpwDiscount"": ""F"", ""netPrice"": ""G"", ""coupon"": ""I""}",MODEL_CAPACITY,WARNING,-
TAB-R18-STANDARD_PAYMENT,-,STANDARD_SM,Galaxy Tab S9 FE plus 5G,8/128,STANDARD_PAYMENT,27900.0,12000.0,0,0,0,15900.0,-,-,2026-08-03,2026-09-06,ACTIVE,Pro Tablet Acc samsung 3Aug2026.xlsx,โปร และ เงื่อนไขการตัดขาย,18,"{""rrp"": ""D"", ""ssDiscount"": ""E"", ""cpwDiscount"": ""F"", ""netPrice"": ""G"", ""coupon"": ""I""}",MODEL_CAPACITY,WARNING,-
TAB-R19-STANDARD_PAYMENT,-,STANDARD_SM,Galaxy Tab S9 5G,12/256,STANDARD_PAYMENT,35900.0,12000.0,0,0,0,23900.0,-,-,2026-08-03,2026-09-06,ACTIVE,Pro Tablet Acc samsung 3Aug2026.xlsx,โปร และ เงื่อนไขการตัดขาย,19,"{""rrp"": ""D"", ""ssDiscount"": ""E"", ""cpwDiscount"": ""F"", ""netPrice"": ""G"", ""coupon"": ""I""}",MODEL_CAPACITY,WARNING,-
TAB-R20-SF_PLUS,-,STANDARD_SM,"Galaxy Tab A11+  5G  (NEW)
(ไม่สามารถใช้ร่วมกับ SF+ ได้)",6/128GB,SF_PLUS,10490.0,0,1500.0,0,0,8990.0,-,-,2026-08-03,2026-09-06,ACTIVE,Pro Tablet Acc samsung 3Aug2026.xlsx,โปร และ เงื่อนไขการตัดขาย,20,"{""rrp"": ""D"", ""ssDiscount"": ""E"", ""cpwDiscount"": ""F"", ""netPrice"": ""G"", ""coupon"": ""I""}",MODEL_CAPACITY,WARNING,-
TAB-R21-SF_PLUS,-,STANDARD_SM,"Galaxy Tab A11+  WiFi  (NEW)
(ไม่สามารถใช้ร่วมกับ SF+ ได้)",6/128GB,SF_PLUS,8490.0,0,1500.0,0,0,6990.0,-,-,2026-08-03,2026-09-06,ACTIVE,Pro Tablet Acc samsung 3Aug2026.xlsx,โปร และ เงื่อนไขการตัดขาย,21,"{""rrp"": ""D"", ""ssDiscount"": ""E"", ""cpwDiscount"": ""F"", ""netPrice"": ""G"", ""coupon"": ""I""}",MODEL_CAPACITY,WARNING,-
TAB-R22-SF_PLUS,-,STANDARD_SM,"Galaxy Tab A11+  5G  (NEW)
(ใช้ร่วมกับ SF+ ได้)",6/128GB,SF_PLUS,10490.0,0,500.0,0,0,9990.0,04,-,2026-08-03,2026-09-06,ACTIVE,Pro Tablet Acc samsung 3Aug2026.xlsx,โปร และ เงื่อนไขการตัดขาย,22,"{""rrp"": ""D"", ""ssDiscount"": ""E"", ""cpwDiscount"": ""F"", ""netPrice"": ""G"", ""coupon"": ""I""}",MODEL_CAPACITY,WARNING,-
TAB-R23-SF_PLUS,-,STANDARD_SM,"Galaxy Tab A11+  WiFi  (NEW)
(ใช้ร่วมกับ SF+ ได้)",6/128GB,SF_PLUS,8490.0,0,500.0,0,0,7990.0,-,-,2026-08-03,2026-09-06,ACTIVE,Pro Tablet Acc samsung 3Aug2026.xlsx,โปร และ เงื่อนไขการตัดขาย,23,"{""rrp"": ""D"", ""ssDiscount"": ""E"", ""cpwDiscount"": ""F"", ""netPrice"": ""G"", ""coupon"": ""I""}",MODEL_CAPACITY,WARNING,-
TAB-R24-SF_PLUS,-,STANDARD_SM,"Galaxy Tab A11 LTE  (NEW)
(ไม่สามารถใช้ร่วมกับ SF+ ได้)",8/128GB,SF_PLUS,7490.0,0,1500.0,0,0,5990.0,01,-,2026-08-03,2026-09-06,ACTIVE,Pro Tablet Acc samsung 3Aug2026.xlsx,โปร และ เงื่อนไขการตัดขาย,24,"{""rrp"": ""D"", ""ssDiscount"": ""E"", ""cpwDiscount"": ""F"", ""netPrice"": ""G"", ""coupon"": ""I""}",MODEL_CAPACITY,WARNING,-
TAB-R25-SF_PLUS,-,STANDARD_SM,"Galaxy Tab A11 LTE  (NEW)
(ใช้ร่วมกับ SF+ ได้)",8/128GB,SF_PLUS,7490.0,0,500.0,0,0,6990.0,04,-,2026-08-03,2026-09-06,ACTIVE,Pro Tablet Acc samsung 3Aug2026.xlsx,โปร และ เงื่อนไขการตัดขาย,25,"{""rrp"": ""D"", ""ssDiscount"": ""E"", ""cpwDiscount"": ""F"", ""netPrice"": ""G"", ""coupon"": ""I""}",MODEL_CAPACITY,WARNING,-
TAB-R26-MBO,-,STANDARD_ACCESSORY,Watch Ultra 2,-,MBO,25900.0,7770.0,0,0,0,18130.0,03,-,2026-08-07,2026-09-06,ACTIVE,Pro Tablet Acc samsung 3Aug2026.xlsx,โปร และ เงื่อนไขการตัดขาย,26,"{""rrp"": ""D"", ""ssDiscount"": ""E"", ""cpwDiscount"": ""F"", ""netPrice"": ""G"", ""coupon"": ""I""}",MODEL_CAPACITY,WARNING,-
TAB-R27-STANDARD_PAYMENT,-,STANDARD_ACCESSORY,Watch Ultra (64GB),-,STANDARD_PAYMENT,24900.0,8715.0,0,0,0,16185.0,-,-,2026-08-07,2026-09-06,ACTIVE,Pro Tablet Acc samsung 3Aug2026.xlsx,โปร และ เงื่อนไขการตัดขาย,27,"{""rrp"": ""D"", ""ssDiscount"": ""E"", ""cpwDiscount"": ""F"", ""netPrice"": ""G"", ""coupon"": ""I""}",MODEL_CAPACITY,WARNING,-
TAB-R28-STANDARD_PAYMENT,-,STANDARD_ACCESSORY,Watch Ultra (32GB),-,STANDARD_PAYMENT,23900.0,11950.0,0,0,0,11950.0,-,-,2026-08-07,2026-09-06,ACTIVE,Pro Tablet Acc samsung 3Aug2026.xlsx,โปร และ เงื่อนไขการตัดขาย,28,"{""rrp"": ""D"", ""ssDiscount"": ""E"", ""cpwDiscount"": ""F"", ""netPrice"": ""G"", ""coupon"": ""I""}",MODEL_CAPACITY,WARNING,-
TAB-R29-STANDARD_PAYMENT,-,STANDARD_ACCESSORY,Watch8 Classic - LTE,-,STANDARD_PAYMENT,19900.0,5970.0,0,0,0,13930.0,-,-,2026-08-07,2026-09-06,ACTIVE,Pro Tablet Acc samsung 3Aug2026.xlsx,โปร และ เงื่อนไขการตัดขาย,29,"{""rrp"": ""D"", ""ssDiscount"": ""E"", ""cpwDiscount"": ""F"", ""netPrice"": ""G"", ""coupon"": ""I""}",MODEL_CAPACITY,WARNING,-
TAB-R30-STANDARD_PAYMENT,-,STANDARD_ACCESSORY,Watch8 Classic - BT,-,STANDARD_PAYMENT,17900.0,5370.0,0,0,0,12530.0,-,-,2026-08-07,2026-09-06,ACTIVE,Pro Tablet Acc samsung 3Aug2026.xlsx,โปร และ เงื่อนไขการตัดขาย,30,"{""rrp"": ""D"", ""ssDiscount"": ""E"", ""cpwDiscount"": ""F"", ""netPrice"": ""G"", ""coupon"": ""I""}",MODEL_CAPACITY,WARNING,-
TAB-R31-STANDARD_PAYMENT,-,STANDARD_ACCESSORY,Watch9 44mm,-,STANDARD_PAYMENT,14900.0,4470.0,0,0,0,10430.0,-,-,2026-08-07,2026-09-06,ACTIVE,Pro Tablet Acc samsung 3Aug2026.xlsx,โปร และ เงื่อนไขการตัดขาย,31,"{""rrp"": ""D"", ""ssDiscount"": ""E"", ""cpwDiscount"": ""F"", ""netPrice"": ""G"", ""coupon"": ""I""}",MODEL_CAPACITY,WARNING,-
TAB-R32-STANDARD_PAYMENT,-,STANDARD_ACCESSORY,Watch9 40mm,-,STANDARD_PAYMENT,12900.0,3870.0,0,0,0,9030.0,-,-,2026-08-07,2026-09-06,ACTIVE,Pro Tablet Acc samsung 3Aug2026.xlsx,โปร และ เงื่อนไขการตัดขาย,32,"{""rrp"": ""D"", ""ssDiscount"": ""E"", ""cpwDiscount"": ""F"", ""netPrice"": ""G"", ""coupon"": ""I""}",MODEL_CAPACITY,WARNING,-
TAB-R33-STANDARD_PAYMENT,-,STANDARD_ACCESSORY,Watch8 44mm,-,STANDARD_PAYMENT,13900.0,4000.0,0,0,0,9900.0,-,-,2026-08-07,2026-09-06,ACTIVE,Pro Tablet Acc samsung 3Aug2026.xlsx,โปร และ เงื่อนไขการตัดขาย,33,"{""rrp"": ""D"", ""ssDiscount"": ""E"", ""cpwDiscount"": ""F"", ""netPrice"": ""G"", ""coupon"": ""I""}",MODEL_CAPACITY,WARNING,-
TAB-R34-STANDARD_PAYMENT,-,STANDARD_ACCESSORY,Watch8 40mm,-,STANDARD_PAYMENT,11900.0,4000.0,0,0,0,7900.0,-,-,2026-08-07,2026-09-06,ACTIVE,Pro Tablet Acc samsung 3Aug2026.xlsx,โปร และ เงื่อนไขการตัดขาย,34,"{""rrp"": ""D"", ""ssDiscount"": ""E"", ""cpwDiscount"": ""F"", ""netPrice"": ""G"", ""coupon"": ""I""}",MODEL_CAPACITY,WARNING,-
TAB-R35-STANDARD_PAYMENT,-,STANDARD_ACCESSORY,Buds4 Pro Black,-,STANDARD_PAYMENT,7990.0,2397.0,0,0,0,5593.0,-,-,2026-08-03,2026-09-06,ACTIVE,Pro Tablet Acc samsung 3Aug2026.xlsx,โปร และ เงื่อนไขการตัดขาย,35,"{""rrp"": ""D"", ""ssDiscount"": ""E"", ""cpwDiscount"": ""F"", ""netPrice"": ""G"", ""coupon"": ""I""}",MODEL_CAPACITY,WARNING,-
TAB-R36-STANDARD_PAYMENT,-,STANDARD_ACCESSORY,Buds4 Pro White,-,STANDARD_PAYMENT,7990.0,2397.0,0,0,0,5593.0,-,-,2026-08-03,2026-09-06,ACTIVE,Pro Tablet Acc samsung 3Aug2026.xlsx,โปร และ เงื่อนไขการตัดขาย,36,"{""rrp"": ""D"", ""ssDiscount"": ""E"", ""cpwDiscount"": ""F"", ""netPrice"": ""G"", ""coupon"": ""I""}",MODEL_CAPACITY,WARNING,-
TAB-R37-STANDARD_PAYMENT,-,STANDARD_ACCESSORY,Buds4 Pro Pink,-,STANDARD_PAYMENT,7990.0,2397.0,0,0,0,5593.0,-,-,2026-08-03,2026-09-06,ACTIVE,Pro Tablet Acc samsung 3Aug2026.xlsx,โปร และ เงื่อนไขการตัดขาย,37,"{""rrp"": ""D"", ""ssDiscount"": ""E"", ""cpwDiscount"": ""F"", ""netPrice"": ""G"", ""coupon"": ""I""}",MODEL_CAPACITY,WARNING,-
TAB-R38-STANDARD_PAYMENT,-,STANDARD_ACCESSORY,Buds4  Black,-,STANDARD_PAYMENT,5990.0,1797.0,0,0,0,4193.0,-,-,2026-08-03,2026-09-06,ACTIVE,Pro Tablet Acc samsung 3Aug2026.xlsx,โปร และ เงื่อนไขการตัดขาย,38,"{""rrp"": ""D"", ""ssDiscount"": ""E"", ""cpwDiscount"": ""F"", ""netPrice"": ""G"", ""coupon"": ""I""}",MODEL_CAPACITY,WARNING,-
TAB-R39-STANDARD_PAYMENT,-,STANDARD_ACCESSORY,Buds4  White,-,STANDARD_PAYMENT,5990.0,1797.0,0,0,0,4193.0,-,-,2026-08-03,2026-09-06,ACTIVE,Pro Tablet Acc samsung 3Aug2026.xlsx,โปร และ เงื่อนไขการตัดขาย,39,"{""rrp"": ""D"", ""ssDiscount"": ""E"", ""cpwDiscount"": ""F"", ""netPrice"": ""G"", ""coupon"": ""I""}",MODEL_CAPACITY,WARNING,-
TAB-R40-STANDARD_PAYMENT,-,STANDARD_ACCESSORY,Buds3 FE,-,STANDARD_PAYMENT,4290.0,1287.0,0,0,0,3003.0,-,-,2026-08-03,2026-09-06,ACTIVE,Pro Tablet Acc samsung 3Aug2026.xlsx,โปร และ เงื่อนไขการตัดขาย,40,"{""rrp"": ""D"", ""ssDiscount"": ""E"", ""cpwDiscount"": ""F"", ""netPrice"": ""G"", ""coupon"": ""I""}",MODEL_CAPACITY,WARNING,-
TAB-R41-BUDSCORE,-,STANDARD_ACCESSORY,Buds Core,-,STANDARD_PAYMENT,1490.0,200.0,0,0,0,1290.0,-,-,2026-08-07,2026-09-06,ACTIVE,Pro Tablet Acc samsung 3Aug2026.xlsx,โปร และ เงื่อนไขการตัดขาย,41,"{""rrp"": ""D"", ""cpwDiscount"": ""F (200)"", ""netPrice"": ""G (1290)""}",MODEL_ONLY,WARNING,-
TAB-R42-STANDARD_PAYMENT,-,STANDARD_ACCESSORY,Ring,-,STANDARD_PAYMENT,14900.0,6705.0,0,0,0,8195.0,-,-,2026-08-03,2026-09-06,ACTIVE,Pro Tablet Acc samsung 3Aug2026.xlsx,โปร และ เงื่อนไขการตัดขาย,42,"{""rrp"": ""D"", ""ssDiscount"": ""E"", ""cpwDiscount"": ""F"", ""netPrice"": ""G"", ""coupon"": ""I""}",MODEL_CAPACITY,WARNING,-
TAB-R43-STANDARD_PAYMENT,-,STANDARD_ACCESSORY,Fit3,-,STANDARD_PAYMENT,1990.0,0,0,0,0,1990.0,-,-,2026-08-03,2026-09-06,ACTIVE,Pro Tablet Acc samsung 3Aug2026.xlsx,โปร และ เงื่อนไขการตัดขาย,43,"{""rrp"": ""D"", ""ssDiscount"": ""E"", ""cpwDiscount"": ""F"", ""netPrice"": ""G"", ""coupon"": ""I""}",MODEL_CAPACITY,WARNING,-
TAB-R44-SMARTTAG2-BUNDLE,-,STANDARD_ACCESSORY,SmartTag2 (ชุด 2 ชิ้น),2 ชิ้น,BUNDLE,2180.0,590.0,0,0,0,1590.0,-,-,2026-08-03,2026-09-06,ACTIVE,Pro Tablet Acc samsung 3Aug2026.xlsx,โปร และ เงื่อนไขการตัดขาย,44,"{""rrp"": ""D"", ""bundlePrice"": ""E (1590)"", ""coupon"": ""I (ไม่ต้องใส่คูปอง)""}",MODEL_CAPACITY,WARNING,-
ACC-OK-R3,ET-SFR93SBEGWW,STANDARD_ACCESSORY,Watch Old Model Band (W7 beyond) Sport Band (S/M),-,STANDARD_PAYMENT,1290.0,645.0,0,0,0,645.0,-,-,2026-08-03,2026-09-06,ACTIVE,Pro Tablet Acc samsung 3Aug2026.xlsx,รายการสินค้าที่ลด 50-70%,3,"{""pn"": ""A"", ""rrp"": ""E"", ""rate"": ""F"", ""netPrice"": ""G""}",EXACT_PN,WARNING,-
ACC-OK-R4,ET-SFR93SSEGWW,STANDARD_ACCESSORY,Watch Old Model Band (W7 beyond) Sport Band (S/M),-,STANDARD_PAYMENT,1290.0,645.0,0,0,0,645.0,-,-,2026-08-03,2026-09-06,ACTIVE,Pro Tablet Acc samsung 3Aug2026.xlsx,รายการสินค้าที่ลด 50-70%,4,"{""pn"": ""A"", ""rrp"": ""E"", ""rate"": ""F"", ""netPrice"": ""G""}",EXACT_PN,WARNING,-
ACC-OK-R5,ET-SFR93SUEGWW,STANDARD_ACCESSORY,Watch Old Model Band (W7 beyond) Sport Band (S/M),-,STANDARD_PAYMENT,1290.0,645.0,0,0,0,645.0,-,-,2026-08-03,2026-09-06,ACTIVE,Pro Tablet Acc samsung 3Aug2026.xlsx,รายการสินค้าที่ลด 50-70%,5,"{""pn"": ""A"", ""rrp"": ""E"", ""rate"": ""F"", ""netPrice"": ""G""}",EXACT_PN,WARNING,-
ACC-OK-R6,ET-SFR93SNEGWW,STANDARD_ACCESSORY,Watch Old Model Band (W7 beyond) Sport Band (S/M),-,STANDARD_PAYMENT,1290.0,645.0,0,0,0,645.0,-,-,2026-08-03,2026-09-06,ACTIVE,Pro Tablet Acc samsung 3Aug2026.xlsx,รายการสินค้าที่ลด 50-70%,6,"{""pn"": ""A"", ""rrp"": ""E"", ""rate"": ""F"", ""netPrice"": ""G""}",EXACT_PN,WARNING,-
ACC-OK-R7,ET-SFR93SLEGWW,STANDARD_ACCESSORY,Watch Old Model Band (W7 beyond) Sport Band (S/M),-,STANDARD_PAYMENT,1290.0,645.0,0,0,0,645.0,-,-,2026-08-03,2026-09-06,ACTIVE,Pro Tablet Acc samsung 3Aug2026.xlsx,รายการสินค้าที่ลด 50-70%,7,"{""pn"": ""A"", ""rrp"": ""E"", ""rate"": ""F"", ""netPrice"": ""G""}",EXACT_PN,WARNING,-
ACC-OK-R8,ET-SFR93SMEGWW,STANDARD_ACCESSORY,Watch Old Model Band (W7 beyond) Sport Band (S/M),-,STANDARD_PAYMENT,1290.0,645.0,0,0,0,645.0,-,-,2026-08-03,2026-09-06,ACTIVE,Pro Tablet Acc samsung 3Aug2026.xlsx,รายการสินค้าที่ลด 50-70%,8,"{""pn"": ""A"", ""rrp"": ""E"", ""rate"": ""F"", ""netPrice"": ""G""}",EXACT_PN,WARNING,-
ACC-OK-R9,ET-SFR93SOEGWW,STANDARD_ACCESSORY,Watch Old Model Band (W7 beyond) Sport Band (S/M),-,STANDARD_PAYMENT,1290.0,645.0,0,0,0,645.0,-,-,2026-08-03,2026-09-06,ACTIVE,Pro Tablet Acc samsung 3Aug2026.xlsx,รายการสินค้าที่ลด 50-70%,9,"{""pn"": ""A"", ""rrp"": ""E"", ""rate"": ""F"", ""netPrice"": ""G""}",EXACT_PN,WARNING,-
ACC-OK-R10,ET-SHR94LBEGWW,STANDARD_ACCESSORY,Watch Old Model Band (W7 beyond) D-Buckle Hybrid Eco-Leather Band (M/L),-,STANDARD_PAYMENT,2090.0,1045.0,0,0,0,1045.0,-,-,2026-08-03,2026-09-06,ACTIVE,Pro Tablet Acc samsung 3Aug2026.xlsx,รายการสินค้าที่ลด 50-70%,10,"{""pn"": ""A"", ""rrp"": ""E"", ""rate"": ""F"", ""netPrice"": ""G""}",EXACT_PN,WARNING,-
ACC-OK-R11,ET-SHR94LAEGWW,STANDARD_ACCESSORY,Watch Old Model Band (W7 beyond) D-Buckle Hybrid Eco-Leather Band (M/L),-,STANDARD_PAYMENT,2090.0,1045.0,0,0,0,1045.0,-,-,2026-08-03,2026-09-06,ACTIVE,Pro Tablet Acc samsung 3Aug2026.xlsx,รายการสินค้าที่ลด 50-70%,11,"{""pn"": ""A"", ""rrp"": ""E"", ""rate"": ""F"", ""netPrice"": ""G""}",EXACT_PN,WARNING,-
ACC-OK-R12,ET-SHR94LNEGWW,STANDARD_ACCESSORY,Watch Old Model Band (W7 beyond) D-Buckle Hybrid Eco-Leather Band (M/L),-,STANDARD_PAYMENT,2090.0,1045.0,0,0,0,1045.0,-,-,2026-08-03,2026-09-06,ACTIVE,Pro Tablet Acc samsung 3Aug2026.xlsx,รายการสินค้าที่ลด 50-70%,12,"{""pn"": ""A"", ""rrp"": ""E"", ""rate"": ""F"", ""netPrice"": ""G""}",EXACT_PN,WARNING,-
ACC-OK-R13,ET-SHR94LDEGWW,STANDARD_ACCESSORY,Watch Old Model Band (W7 beyond) D-Buckle Hybrid Eco-Leather Band (M/L),-,STANDARD_PAYMENT,2090.0,1045.0,0,0,0,1045.0,-,-,2026-08-03,2026-09-06,ACTIVE,Pro Tablet Acc samsung 3Aug2026.xlsx,รายการสินค้าที่ลด 50-70%,13,"{""pn"": ""A"", ""rrp"": ""E"", ""rate"": ""F"", ""netPrice"": ""G""}",EXACT_PN,WARNING,-
ACC-OK-R14,ET-SVR93SBEGWW,STANDARD_ACCESSORY,Watch Old Model Band (W7 beyond) Feather Band (S/M),-,STANDARD_PAYMENT,1290.0,645.0,0,0,0,645.0,-,-,2026-08-03,2026-09-06,ACTIVE,Pro Tablet Acc samsung 3Aug2026.xlsx,รายการสินค้าที่ลด 50-70%,14,"{""pn"": ""A"", ""rrp"": ""E"", ""rate"": ""F"", ""netPrice"": ""G""}",EXACT_PN,WARNING,-
ACC-OK-R15,ET-SVR93SUEGWW,STANDARD_ACCESSORY,Watch Old Model Band (W7 beyond) Feather Band (S/M),-,STANDARD_PAYMENT,1290.0,645.0,0,0,0,645.0,-,-,2026-08-03,2026-09-06,ACTIVE,Pro Tablet Acc samsung 3Aug2026.xlsx,รายการสินค้าที่ลด 50-70%,15,"{""pn"": ""A"", ""rrp"": ""E"", ""rate"": ""F"", ""netPrice"": ""G""}",EXACT_PN,WARNING,-
ACC-OK-R16,ET-SVR93SVEGWW,STANDARD_ACCESSORY,Watch Old Model Band (W7 beyond) Feather Band (S/M),-,STANDARD_PAYMENT,1290.0,645.0,0,0,0,645.0,-,-,2026-08-03,2026-09-06,ACTIVE,Pro Tablet Acc samsung 3Aug2026.xlsx,รายการสินค้าที่ลด 50-70%,16,"{""pn"": ""A"", ""rrp"": ""E"", ""rate"": ""F"", ""netPrice"": ""G""}",EXACT_PN,WARNING,-
ACC-OK-R17,ET-SXR93SBEGWW,STANDARD_ACCESSORY,Watch Old Model Band (W7 beyond) Extreme Sport Band (S/M),-,STANDARD_PAYMENT,1290.0,645.0,0,0,0,645.0,-,-,2026-08-03,2026-09-06,ACTIVE,Pro Tablet Acc samsung 3Aug2026.xlsx,รายการสินค้าที่ลด 50-70%,17,"{""pn"": ""A"", ""rrp"": ""E"", ""rate"": ""F"", ""netPrice"": ""G""}",EXACT_PN,WARNING,-
ACC-OK-R18,ET-SXR93SGEGWW,STANDARD_ACCESSORY,Watch Old Model Band (W7 beyond) Extreme Sport Band (S/M),-,STANDARD_PAYMENT,1290.0,645.0,0,0,0,645.0,-,-,2026-08-03,2026-09-06,ACTIVE,Pro Tablet Acc samsung 3Aug2026.xlsx,รายการสินค้าที่ลด 50-70%,18,"{""pn"": ""A"", ""rrp"": ""E"", ""rate"": ""F"", ""netPrice"": ""G""}",EXACT_PN,WARNING,-
ACC-OK-R19,ET-SXR93SVEGWW,STANDARD_ACCESSORY,Watch Old Model Band (W7 beyond) Extreme Sport Band (S/M),-,STANDARD_PAYMENT,1290.0,645.0,0,0,0,645.0,-,-,2026-08-03,2026-09-06,ACTIVE,Pro Tablet Acc samsung 3Aug2026.xlsx,รายการสินค้าที่ลด 50-70%,19,"{""pn"": ""A"", ""rrp"": ""E"", ""rate"": ""F"", ""netPrice"": ""G""}",EXACT_PN,WARNING,-
ACC-OK-R20,ET-SHR93SLEGWW,STANDARD_ACCESSORY,Watch Old Model Band (W7 beyond) D-Buckle Hybrid Band Slim S/M,-,STANDARD_PAYMENT,2090.0,1045.0,0,0,0,1045.0,-,-,2026-08-03,2026-09-06,ACTIVE,Pro Tablet Acc samsung 3Aug2026.xlsx,รายการสินค้าที่ลด 50-70%,20,"{""pn"": ""A"", ""rrp"": ""E"", ""rate"": ""F"", ""netPrice"": ""G""}",EXACT_PN,WARNING,-
ACC-OK-R21,ET-SHR93SUEGWW,STANDARD_ACCESSORY,Watch Old Model Band (W7 beyond) D-Buckle Hybrid Band Slim S/M,-,STANDARD_PAYMENT,2090.0,1045.0,0,0,0,1045.0,-,-,2026-08-03,2026-09-06,ACTIVE,Pro Tablet Acc samsung 3Aug2026.xlsx,รายการสินค้าที่ลด 50-70%,21,"{""pn"": ""A"", ""rrp"": ""E"", ""rate"": ""F"", ""netPrice"": ""G""}",EXACT_PN,WARNING,-
ACC-OK-R22,ET-SFR90SJEGWW,STANDARD_ACCESSORY,Watch Old Model Band (W7 beyond) Sport Band - Galaxy Watch5,-,STANDARD_PAYMENT,1190.0,595.0,0,0,0,595.0,-,-,2026-08-03,2026-09-06,ACTIVE,Pro Tablet Acc samsung 3Aug2026.xlsx,รายการสินค้าที่ลด 50-70%,22,"{""pn"": ""A"", ""rrp"": ""E"", ""rate"": ""F"", ""netPrice"": ""G""}",EXACT_PN,WARNING,-
ACC-OK-R23,ET-SFR90SWEGWW,STANDARD_ACCESSORY,Watch Old Model Band (W7 beyond) Sport Band - Galaxy Watch5,-,STANDARD_PAYMENT,1190.0,595.0,0,0,0,595.0,-,-,2026-08-03,2026-09-06,ACTIVE,Pro Tablet Acc samsung 3Aug2026.xlsx,รายการสินค้าที่ลด 50-70%,23,"{""pn"": ""A"", ""rrp"": ""E"", ""rate"": ""F"", ""netPrice"": ""G""}",EXACT_PN,WARNING,-
ACC-OK-R24,ET-SFR90SLEGWW,STANDARD_ACCESSORY,Watch Old Model Band (W7 beyond) Sport Band - Galaxy Watch5,-,STANDARD_PAYMENT,1190.0,595.0,0,0,0,595.0,-,-,2026-08-03,2026-09-06,ACTIVE,Pro Tablet Acc samsung 3Aug2026.xlsx,รายการสินค้าที่ลด 50-70%,24,"{""pn"": ""A"", ""rrp"": ""E"", ""rate"": ""F"", ""netPrice"": ""G""}",EXACT_PN,WARNING,-
ACC-OK-R25,ET-SFR90SZEGWW,STANDARD_ACCESSORY,Watch Old Model Band (W7 beyond) Sport Band - Galaxy Watch5,-,STANDARD_PAYMENT,1190.0,595.0,0,0,0,595.0,-,-,2026-08-03,2026-09-06,ACTIVE,Pro Tablet Acc samsung 3Aug2026.xlsx,รายการสินค้าที่ลด 50-70%,25,"{""pn"": ""A"", ""rrp"": ""E"", ""rate"": ""F"", ""netPrice"": ""G""}",EXACT_PN,WARNING,-
ACC-OK-R26,ET-SFR90SVEGWW,STANDARD_ACCESSORY,Watch Old Model Band (W7 beyond) Sport Band - Galaxy Watch5,-,STANDARD_PAYMENT,1190.0,595.0,0,0,0,595.0,-,-,2026-08-03,2026-09-06,ACTIVE,Pro Tablet Acc samsung 3Aug2026.xlsx,รายการสินค้าที่ลด 50-70%,26,"{""pn"": ""A"", ""rrp"": ""E"", ""rate"": ""F"", ""netPrice"": ""G""}",EXACT_PN,WARNING,-
ACC-OK-R27,ET-STR90SNEGWW,STANDARD_ACCESSORY,Watch Old Model Band (W7 beyond) Two-tone Sport Band - Galaxy Watch5,-,STANDARD_PAYMENT,1190.0,595.0,0,0,0,595.0,-,-,2026-08-03,2026-09-06,ACTIVE,Pro Tablet Acc samsung 3Aug2026.xlsx,รายการสินค้าที่ลด 50-70%,27,"{""pn"": ""A"", ""rrp"": ""E"", ""rate"": ""F"", ""netPrice"": ""G""}",EXACT_PN,WARNING,-
ACC-OK-R28,ET-STR90SREGWW,STANDARD_ACCESSORY,Watch Old Model Band (W7 beyond) Two-tone Sport Band - Galaxy Watch5,-,STANDARD_PAYMENT,1190.0,595.0,0,0,0,595.0,-,-,2026-08-03,2026-09-06,ACTIVE,Pro Tablet Acc samsung 3Aug2026.xlsx,รายการสินค้าที่ลด 50-70%,28,"{""pn"": ""A"", ""rrp"": ""E"", ""rate"": ""F"", ""netPrice"": ""G""}",EXACT_PN,WARNING,-
ACC-OK-R29,ET-SFR92LJEGWW,STANDARD_ACCESSORY,Watch Old Model Band (W7 beyond) D-Buckle Sport Band - Galaxy Watch5,-,STANDARD_PAYMENT,2190.0,1095.0,0,0,0,1095.0,-,-,2026-08-03,2026-09-06,ACTIVE,Pro Tablet Acc samsung 3Aug2026.xlsx,รายการสินค้าที่ลด 50-70%,29,"{""pn"": ""A"", ""rrp"": ""E"", ""rate"": ""F"", ""netPrice"": ""G""}",EXACT_PN,WARNING,-
ACC-OK-R30,ET-SFR92LBEGWW,STANDARD_ACCESSORY,Watch Old Model Band (W7 beyond) D-Buckle Sport Band - Galaxy Watch5,-,STANDARD_PAYMENT,2190.0,1095.0,0,0,0,1095.0,-,-,2026-08-03,2026-09-06,ACTIVE,Pro Tablet Acc samsung 3Aug2026.xlsx,รายการสินค้าที่ลด 50-70%,30,"{""pn"": ""A"", ""rrp"": ""E"", ""rate"": ""F"", ""netPrice"": ""G""}",EXACT_PN,WARNING,-
ACC-OK-R31,GP-TYR905HCASW,STANDARD_ACCESSORY,Watch Old Model Band (W7 beyond) Milanese Band - Galaxy Watch5,-,STANDARD_PAYMENT,2690.0,1345.0,0,0,0,1345.0,-,-,2026-08-03,2026-09-06,ACTIVE,Pro Tablet Acc samsung 3Aug2026.xlsx,รายการสินค้าที่ลด 50-70%,31,"{""pn"": ""A"", ""rrp"": ""E"", ""rate"": ""F"", ""netPrice"": ""G""}",EXACT_PN,WARNING,-
ACC-OK-R32,GP-TYR940AMBBW,STANDARD_ACCESSORY,Watch Old Model Band (W7 beyond) Marimekko Embossed Band,-,STANDARD_PAYMENT,1690.0,845.0,0,0,0,845.0,-,-,2026-08-03,2026-09-06,ACTIVE,Pro Tablet Acc samsung 3Aug2026.xlsx,รายการสินค้าที่ลด 50-70%,32,"{""pn"": ""A"", ""rrp"": ""E"", ""rate"": ""F"", ""netPrice"": ""G""}",EXACT_PN,WARNING,-
ACC-OK-R33,GP-TYR940AMBUW,STANDARD_ACCESSORY,Watch Old Model Band (W7 beyond) Marimekko Embossed Band,-,STANDARD_PAYMENT,1690.0,845.0,0,0,0,845.0,-,-,2026-08-03,2026-09-06,ACTIVE,Pro Tablet Acc samsung 3Aug2026.xlsx,รายการสินค้าที่ลด 50-70%,33,"{""pn"": ""A"", ""rrp"": ""E"", ""rate"": ""F"", ""netPrice"": ""G""}",EXACT_PN,WARNING,-
ACC-OK-R34,GP-TYR940AMBPW,STANDARD_ACCESSORY,Watch Old Model Band (W7 beyond) Marimekko Embossed Band,-,STANDARD_PAYMENT,1690.0,845.0,0,0,0,845.0,-,-,2026-08-03,2026-09-06,ACTIVE,Pro Tablet Acc samsung 3Aug2026.xlsx,รายการสินค้าที่ลด 50-70%,34,"{""pn"": ""A"", ""rrp"": ""E"", ""rate"": ""F"", ""netPrice"": ""G""}",EXACT_PN,WARNING,-
ACC-OK-R35,ET-SNL70MBEGWW,STANDARD_ACCESSORY,Watch Ultra Band Marine Band,-,STANDARD_PAYMENT,2390.0,1195.0,0,0,0,1195.0,-,-,2026-08-03,2026-09-06,ACTIVE,Pro Tablet Acc samsung 3Aug2026.xlsx,รายการสินค้าที่ลด 50-70%,35,"{""pn"": ""A"", ""rrp"": ""E"", ""rate"": ""F"", ""netPrice"": ""G""}",EXACT_PN,WARNING,-
ACC-OK-R36,ET-SNL70MWEGWW,STANDARD_ACCESSORY,Watch Ultra Band Marine Band,-,STANDARD_PAYMENT,2390.0,1195.0,0,0,0,1195.0,-,-,2026-08-03,2026-09-06,ACTIVE,Pro Tablet Acc samsung 3Aug2026.xlsx,รายการสินค้าที่ลด 50-70%,36,"{""pn"": ""A"", ""rrp"": ""E"", ""rate"": ""F"", ""netPrice"": ""G""}",EXACT_PN,WARNING,-
ACC-OK-R37,ET-SNL70MOEGWW,STANDARD_ACCESSORY,Watch Ultra Band Marine Band,-,STANDARD_PAYMENT,2390.0,1195.0,0,0,0,1195.0,-,-,2026-08-03,2026-09-06,ACTIVE,Pro Tablet Acc samsung 3Aug2026.xlsx,รายการสินค้าที่ลด 50-70%,37,"{""pn"": ""A"", ""rrp"": ""E"", ""rate"": ""F"", ""netPrice"": ""G""}",EXACT_PN,WARNING,-
ACC-OK-R38,ET-SNL70MKEGWW,STANDARD_ACCESSORY,Watch Ultra Band Marine Band,-,STANDARD_PAYMENT,2390.0,1195.0,0,0,0,1195.0,-,-,2026-08-03,2026-09-06,ACTIVE,Pro Tablet Acc samsung 3Aug2026.xlsx,รายการสินค้าที่ลด 50-70%,38,"{""pn"": ""A"", ""rrp"": ""E"", ""rate"": ""F"", ""netPrice"": ""G""}",EXACT_PN,WARNING,-
ACC-OK-R39,ET-SNL70MNEGWW,STANDARD_ACCESSORY,Watch Ultra Band Marine Band,-,STANDARD_PAYMENT,2390.0,1195.0,0,0,0,1195.0,-,-,2026-08-03,2026-09-06,ACTIVE,Pro Tablet Acc samsung 3Aug2026.xlsx,รายการสินค้าที่ลด 50-70%,39,"{""pn"": ""A"", ""rrp"": ""E"", ""rate"": ""F"", ""netPrice"": ""G""}",EXACT_PN,WARNING,-
ACC-OK-R40,ET-SVL70MBEGWW,STANDARD_ACCESSORY,Watch Ultra Band Trail Band,-,STANDARD_PAYMENT,2390.0,1195.0,0,0,0,1195.0,-,-,2026-08-03,2026-09-06,ACTIVE,Pro Tablet Acc samsung 3Aug2026.xlsx,รายการสินค้าที่ลด 50-70%,40,"{""pn"": ""A"", ""rrp"": ""E"", ""rate"": ""F"", ""netPrice"": ""G""}",EXACT_PN,WARNING,-
ACC-OK-R41,ET-SVL70MWEGWW,STANDARD_ACCESSORY,Watch Ultra Band Trail Band,-,STANDARD_PAYMENT,2390.0,1195.0,0,0,0,1195.0,-,-,2026-08-03,2026-09-06,ACTIVE,Pro Tablet Acc samsung 3Aug2026.xlsx,รายการสินค้าที่ลด 50-70%,41,"{""pn"": ""A"", ""rrp"": ""E"", ""rate"": ""F"", ""netPrice"": ""G""}",EXACT_PN,WARNING,-
ACC-OK-R42,ET-SVL70MOEGWW,STANDARD_ACCESSORY,Watch Ultra Band Trail Band,-,STANDARD_PAYMENT,2390.0,1195.0,0,0,0,1195.0,-,-,2026-08-03,2026-09-06,ACTIVE,Pro Tablet Acc samsung 3Aug2026.xlsx,รายการสินค้าที่ลด 50-70%,42,"{""pn"": ""A"", ""rrp"": ""E"", ""rate"": ""F"", ""netPrice"": ""G""}",EXACT_PN,WARNING,-
ACC-OK-R43,ET-SVL70MNEGWW,STANDARD_ACCESSORY,Watch Ultra Band Trail Band,-,STANDARD_PAYMENT,2390.0,1195.0,0,0,0,1195.0,-,-,2026-08-03,2026-09-06,ACTIVE,Pro Tablet Acc samsung 3Aug2026.xlsx,รายการสินค้าที่ลด 50-70%,43,"{""pn"": ""A"", ""rrp"": ""E"", ""rate"": ""F"", ""netPrice"": ""G""}",EXACT_PN,WARNING,-
ACC-OK-R44,ET-SBL70MBEGWW,STANDARD_ACCESSORY,Watch Ultra Band PeakForm Band,-,STANDARD_PAYMENT,2390.0,1195.0,0,0,0,1195.0,-,-,2026-08-03,2026-09-06,ACTIVE,Pro Tablet Acc samsung 3Aug2026.xlsx,รายการสินค้าที่ลด 50-70%,44,"{""pn"": ""A"", ""rrp"": ""E"", ""rate"": ""F"", ""netPrice"": ""G""}",EXACT_PN,WARNING,-
ACC-OK-R45,ET-SBL70MWEGWW,STANDARD_ACCESSORY,Watch Ultra Band PeakForm Band,-,STANDARD_PAYMENT,2390.0,1195.0,0,0,0,1195.0,-,-,2026-08-03,2026-09-06,ACTIVE,Pro Tablet Acc samsung 3Aug2026.xlsx,รายการสินค้าที่ลด 50-70%,45,"{""pn"": ""A"", ""rrp"": ""E"", ""rate"": ""F"", ""netPrice"": ""G""}",EXACT_PN,WARNING,-
ACC-OK-R46,ET-SBL70MOEGWW,STANDARD_ACCESSORY,Watch Ultra Band PeakForm Band,-,STANDARD_PAYMENT,2390.0,1195.0,0,0,0,1195.0,-,-,2026-08-03,2026-09-06,ACTIVE,Pro Tablet Acc samsung 3Aug2026.xlsx,รายการสินค้าที่ลด 50-70%,46,"{""pn"": ""A"", ""rrp"": ""E"", ""rate"": ""F"", ""netPrice"": ""G""}",EXACT_PN,WARNING,-
ACC-OK-R47,ET-SNL30SKEGWW,STANDARD_ACCESSORY,Watch7 Band Sport Band (S/M),-,STANDARD_PAYMENT,1490.0,745.0,0,0,0,745.0,-,-,2026-08-03,2026-09-06,ACTIVE,Pro Tablet Acc samsung 3Aug2026.xlsx,รายการสินค้าที่ลด 50-70%,47,"{""pn"": ""A"", ""rrp"": ""E"", ""rate"": ""F"", ""netPrice"": ""G""}",EXACT_PN,WARNING,-
ACC-OK-R48,ET-SNL30SSEGWW,STANDARD_ACCESSORY,Watch7 Band Sport Band (S/M),-,STANDARD_PAYMENT,1490.0,745.0,0,0,0,745.0,-,-,2026-08-03,2026-09-06,ACTIVE,Pro Tablet Acc samsung 3Aug2026.xlsx,รายการสินค้าที่ลด 50-70%,48,"{""pn"": ""A"", ""rrp"": ""E"", ""rate"": ""F"", ""netPrice"": ""G""}",EXACT_PN,WARNING,-
ACC-OK-R49,ET-SNL30SWEGWW,STANDARD_ACCESSORY,Watch7 Band Sport Band (S/M),-,STANDARD_PAYMENT,1490.0,745.0,0,0,0,745.0,-,-,2026-08-03,2026-09-06,ACTIVE,Pro Tablet Acc samsung 3Aug2026.xlsx,รายการสินค้าที่ลด 50-70%,49,"{""pn"": ""A"", ""rrp"": ""E"", ""rate"": ""F"", ""netPrice"": ""G""}",EXACT_PN,WARNING,-
ACC-OK-R50,ET-SNL30SBEGWW,STANDARD_ACCESSORY,Watch7 Band Sport Band (S/M),-,STANDARD_PAYMENT,1490.0,745.0,0,0,0,745.0,-,-,2026-08-03,2026-09-06,ACTIVE,Pro Tablet Acc samsung 3Aug2026.xlsx,รายการสินค้าที่ลด 50-70%,50,"{""pn"": ""A"", ""rrp"": ""E"", ""rate"": ""F"", ""netPrice"": ""G""}",EXACT_PN,WARNING,-
ACC-OK-R51,ET-SNL30SOEGWW,STANDARD_ACCESSORY,Watch7 Band Sport Band (S/M),-,STANDARD_PAYMENT,1490.0,745.0,0,0,0,745.0,-,-,2026-08-03,2026-09-06,ACTIVE,Pro Tablet Acc samsung 3Aug2026.xlsx,รายการสินค้าที่ลด 50-70%,51,"{""pn"": ""A"", ""rrp"": ""E"", ""rate"": ""F"", ""netPrice"": ""G""}",EXACT_PN,WARNING,-
ACC-OK-R52,ET-SVL30SKEGWW,STANDARD_ACCESSORY,Watch7 Band Fabric Band (S/M),-,STANDARD_PAYMENT,1490.0,745.0,0,0,0,745.0,-,-,2026-08-03,2026-09-06,ACTIVE,Pro Tablet Acc samsung 3Aug2026.xlsx,รายการสินค้าที่ลด 50-70%,52,"{""pn"": ""A"", ""rrp"": ""E"", ""rate"": ""F"", ""netPrice"": ""G""}",EXACT_PN,WARNING,-
ACC-OK-R53,ET-SVL30SEEGWW,STANDARD_ACCESSORY,Watch7 Band Fabric Band (S/M),-,STANDARD_PAYMENT,1490.0,745.0,0,0,0,745.0,-,-,2026-08-03,2026-09-06,ACTIVE,Pro Tablet Acc samsung 3Aug2026.xlsx,รายการสินค้าที่ลด 50-70%,53,"{""pn"": ""A"", ""rrp"": ""E"", ""rate"": ""F"", ""netPrice"": ""G""}",EXACT_PN,WARNING,-
ACC-OK-R54,ET-SVL30SWEGWW,STANDARD_ACCESSORY,Watch7 Band Fabric Band (S/M),-,STANDARD_PAYMENT,1490.0,745.0,0,0,0,745.0,-,-,2026-08-03,2026-09-06,ACTIVE,Pro Tablet Acc samsung 3Aug2026.xlsx,รายการสินค้าที่ลด 50-70%,54,"{""pn"": ""A"", ""rrp"": ""E"", ""rate"": ""F"", ""netPrice"": ""G""}",EXACT_PN,WARNING,-
ACC-OK-R55,ET-SOL30SKEGWW,STANDARD_ACCESSORY,Watch7 Band Athleisure Band  (S/M),-,STANDARD_PAYMENT,1990.0,995.0,0,0,0,995.0,-,-,2026-08-03,2026-09-06,ACTIVE,Pro Tablet Acc samsung 3Aug2026.xlsx,รายการสินค้าที่ลด 50-70%,55,"{""pn"": ""A"", ""rrp"": ""E"", ""rate"": ""F"", ""netPrice"": ""G""}",EXACT_PN,WARNING,-
ACC-OK-R56,ET-SOL30SWEGWW,STANDARD_ACCESSORY,Watch7 Band Athleisure Band  (S/M),-,STANDARD_PAYMENT,1990.0,995.0,0,0,0,995.0,-,-,2026-08-03,2026-09-06,ACTIVE,Pro Tablet Acc samsung 3Aug2026.xlsx,รายการสินค้าที่ลด 50-70%,56,"{""pn"": ""A"", ""rrp"": ""E"", ""rate"": ""F"", ""netPrice"": ""G""}",EXACT_PN,WARNING,-
ACC-OK-R57,ET-SOL30SPEGWW,STANDARD_ACCESSORY,Watch7 Band Athleisure Band  (S/M),-,STANDARD_PAYMENT,1990.0,995.0,0,0,0,995.0,-,-,2026-08-03,2026-09-06,ACTIVE,Pro Tablet Acc samsung 3Aug2026.xlsx,รายการสินค้าที่ลด 50-70%,57,"{""pn"": ""A"", ""rrp"": ""E"", ""rate"": ""F"", ""netPrice"": ""G""}",EXACT_PN,WARNING,-
ACC-OK-R58,GP-TYL315SBCYW,STANDARD_ACCESSORY,Watch7 Band Sticky Monster Lab Stickers  Strap,-,STANDARD_PAYMENT,1990.0,995.0,0,0,0,995.0,-,-,2026-08-03,2026-09-06,ACTIVE,Pro Tablet Acc samsung 3Aug2026.xlsx,รายการสินค้าที่ลด 50-70%,58,"{""pn"": ""A"", ""rrp"": ""E"", ""rate"": ""F"", ""netPrice"": ""G""}",EXACT_PN,WARNING,-
ACC-OK-R59,GP-TYL315SBCBW,STANDARD_ACCESSORY,Watch7 Band Sticky Monster Lab Strap,-,STANDARD_PAYMENT,1990.0,995.0,0,0,0,995.0,-,-,2026-08-03,2026-09-06,ACTIVE,Pro Tablet Acc samsung 3Aug2026.xlsx,รายการสินค้าที่ลด 50-70%,59,"{""pn"": ""A"", ""rrp"": ""E"", ""rate"": ""F"", ""netPrice"": ""G""}",EXACT_PN,WARNING,-
ACC-OK-R60,GP-TYL315SBDBW,STANDARD_ACCESSORY,Watch7 Band Tom and Jerry Strap,-,STANDARD_PAYMENT,1990.0,995.0,0,0,0,995.0,-,-,2026-08-03,2026-09-06,ACTIVE,Pro Tablet Acc samsung 3Aug2026.xlsx,รายการสินค้าที่ลด 50-70%,60,"{""pn"": ""A"", ""rrp"": ""E"", ""rate"": ""F"", ""netPrice"": ""G""}",EXACT_PN,WARNING,-
ACC-OK-R61,GP-FPR630SBNAW,STANDARD_ACCESSORY,Buds3 Case Hershey’S Case,-,STANDARD_PAYMENT,1090.0,545.0,0,0,0,545.0,-,-,2026-08-03,2026-09-06,ACTIVE,Pro Tablet Acc samsung 3Aug2026.xlsx,รายการสินค้าที่ลด 50-70%,61,"{""pn"": ""A"", ""rrp"": ""E"", ""rate"": ""F"", ""netPrice"": ""G""}",EXACT_PN,WARNING,-
ACC-OK-R62,GP-FPR630SBNPW,STANDARD_ACCESSORY,Buds3 Case Hershey’S Kisses Case,-,STANDARD_PAYMENT,1090.0,545.0,0,0,0,545.0,-,-,2026-08-03,2026-09-06,ACTIVE,Pro Tablet Acc samsung 3Aug2026.xlsx,รายการสินค้าที่ลด 50-70%,62,"{""pn"": ""A"", ""rrp"": ""E"", ""rate"": ""F"", ""netPrice"": ""G""}",EXACT_PN,WARNING,-
ACC-OK-R63,GP-FPR630SBMYW,STANDARD_ACCESSORY,Buds3 Case Sticky Monster Lab Yellow Case,-,STANDARD_PAYMENT,1090.0,545.0,0,0,0,545.0,-,-,2026-08-03,2026-09-06,ACTIVE,Pro Tablet Acc samsung 3Aug2026.xlsx,รายการสินค้าที่ลด 50-70%,63,"{""pn"": ""A"", ""rrp"": ""E"", ""rate"": ""F"", ""netPrice"": ""G""}",EXACT_PN,WARNING,-
ACC-OK-R64,GP-FPR630SBMRW,STANDARD_ACCESSORY,Buds3 Case Sticky Monster Lab Red Case,-,STANDARD_PAYMENT,1090.0,545.0,0,0,0,545.0,-,-,2026-08-03,2026-09-06,ACTIVE,Pro Tablet Acc samsung 3Aug2026.xlsx,รายการสินค้าที่ลด 50-70%,64,"{""pn"": ""A"", ""rrp"": ""E"", ""rate"": ""F"", ""netPrice"": ""G""}",EXACT_PN,WARNING,-
ACC-OK-R65,GP-FPR630SBATW,STANDARD_ACCESSORY,Buds3 Case Keith Haring Clear Case,-,STANDARD_PAYMENT,990.0,495.0,0,0,0,495.0,-,-,2026-08-03,2026-09-06,ACTIVE,Pro Tablet Acc samsung 3Aug2026.xlsx,รายการสินค้าที่ลด 50-70%,65,"{""pn"": ""A"", ""rrp"": ""E"", ""rate"": ""F"", ""netPrice"": ""G""}",EXACT_PN,WARNING,-
ACC-OK-R66,GP-FPR630SBCRW,STANDARD_ACCESSORY,Buds3 Case Stick Monster Lab Redmon Clear Case,-,STANDARD_PAYMENT,990.0,495.0,0,0,0,495.0,-,-,2026-08-03,2026-09-06,ACTIVE,Pro Tablet Acc samsung 3Aug2026.xlsx,รายการสินค้าที่ลด 50-70%,66,"{""pn"": ""A"", ""rrp"": ""E"", ""rate"": ""F"", ""netPrice"": ""G""}",EXACT_PN,WARNING,-
ACC-OK-R67,GP-FPR630SBCYW,STANDARD_ACCESSORY,Buds3 Case Stick Monster Lab Yellowmon Clear Case,-,STANDARD_PAYMENT,990.0,495.0,0,0,0,495.0,-,-,2026-08-03,2026-09-06,ACTIVE,Pro Tablet Acc samsung 3Aug2026.xlsx,รายการสินค้าที่ลด 50-70%,67,"{""pn"": ""A"", ""rrp"": ""E"", ""rate"": ""F"", ""netPrice"": ""G""}",EXACT_PN,WARNING,-
ACC-OK-R68,GP-FPR630SBKPW,STANDARD_ACCESSORY,Buds3 Case The Powerpuff Girls Pink Clear Case,-,STANDARD_PAYMENT,990.0,495.0,0,0,0,495.0,-,-,2026-08-03,2026-09-06,ACTIVE,Pro Tablet Acc samsung 3Aug2026.xlsx,รายการสินค้าที่ลด 50-70%,68,"{""pn"": ""A"", ""rrp"": ""E"", ""rate"": ""F"", ""netPrice"": ""G""}",EXACT_PN,WARNING,-
ACC-OK-R69,GP-FPR630SBDTW,STANDARD_ACCESSORY,Buds3 Case Minions Bob Clear Case,-,STANDARD_PAYMENT,990.0,495.0,0,0,0,495.0,-,-,2026-08-03,2026-09-06,ACTIVE,Pro Tablet Acc samsung 3Aug2026.xlsx,รายการสินค้าที่ลด 50-70%,69,"{""pn"": ""A"", ""rrp"": ""E"", ""rate"": ""F"", ""netPrice"": ""G""}",EXACT_PN,WARNING,-
ACC-ERR-R70,EF-GS931CBEGWW,STANDARD_ACCESSORY,S25 Standing Grip Case,-,STANDARD_PAYMENT,#ERROR!,0,0,0,0,#ERROR!,-,-,2026-08-03,2026-09-06,ACTIVE,Pro Tablet Acc samsung 3Aug2026.xlsx,รายการสินค้าที่ลด 50-70%,70,"{""pn"": ""A"", ""rrp"": ""E (#ERROR!)"", ""rate"": ""F"", ""netPrice"": ""G (#ERROR!)""}",EXACT_PN,BLOCKED,SOURCE_FORMULA_ERROR
ACC-ERR-R71,EF-GS931CJEGWW,STANDARD_ACCESSORY,S25 Standing Grip Case,-,STANDARD_PAYMENT,#ERROR!,0,0,0,0,#ERROR!,-,-,2026-08-03,2026-09-06,ACTIVE,Pro Tablet Acc samsung 3Aug2026.xlsx,รายการสินค้าที่ลด 50-70%,71,"{""pn"": ""A"", ""rrp"": ""E (#ERROR!)"", ""rate"": ""F"", ""netPrice"": ""G (#ERROR!)""}",EXACT_PN,BLOCKED,SOURCE_FORMULA_ERROR
ACC-ERR-R72,EF-GS931CWEGWW,STANDARD_ACCESSORY,S25 Standing Grip Case,-,STANDARD_PAYMENT,#ERROR!,0,0,0,0,#ERROR!,-,-,2026-08-03,2026-09-06,ACTIVE,Pro Tablet Acc samsung 3Aug2026.xlsx,รายการสินค้าที่ลด 50-70%,72,"{""pn"": ""A"", ""rrp"": ""E (#ERROR!)"", ""rate"": ""F"", ""netPrice"": ""G (#ERROR!)""}",EXACT_PN,BLOCKED,SOURCE_FORMULA_ERROR
ACC-ERR-R73,EF-GS936CBEGWW,STANDARD_ACCESSORY,S25+ Standing Grip Case,-,STANDARD_PAYMENT,#ERROR!,0,0,0,0,#ERROR!,-,-,2026-08-03,2026-09-06,ACTIVE,Pro Tablet Acc samsung 3Aug2026.xlsx,รายการสินค้าที่ลด 50-70%,73,"{""pn"": ""A"", ""rrp"": ""E (#ERROR!)"", ""rate"": ""F"", ""netPrice"": ""G (#ERROR!)""}",EXACT_PN,BLOCKED,SOURCE_FORMULA_ERROR
ACC-ERR-R74,EF-GS936CJEGWW,STANDARD_ACCESSORY,S25+ Standing Grip Case,-,STANDARD_PAYMENT,#ERROR!,0,0,0,0,#ERROR!,-,-,2026-08-03,2026-09-06,ACTIVE,Pro Tablet Acc samsung 3Aug2026.xlsx,รายการสินค้าที่ลด 50-70%,74,"{""pn"": ""A"", ""rrp"": ""E (#ERROR!)"", ""rate"": ""F"", ""netPrice"": ""G (#ERROR!)""}",EXACT_PN,BLOCKED,SOURCE_FORMULA_ERROR
ACC-ERR-R75,EF-GS936CWEGWW,STANDARD_ACCESSORY,S25+ Standing Grip Case,-,STANDARD_PAYMENT,#ERROR!,0,0,0,0,#ERROR!,-,-,2026-08-03,2026-09-06,ACTIVE,Pro Tablet Acc samsung 3Aug2026.xlsx,รายการสินค้าที่ลด 50-70%,75,"{""pn"": ""A"", ""rrp"": ""E (#ERROR!)"", ""rate"": ""F"", ""netPrice"": ""G (#ERROR!)""}",EXACT_PN,BLOCKED,SOURCE_FORMULA_ERROR
ACC-ERR-R76,EF-GS938CBEGWW,STANDARD_ACCESSORY,S25 Ultra Standing Grip Case,-,STANDARD_PAYMENT,#ERROR!,0,0,0,0,#ERROR!,-,-,2026-08-03,2026-09-06,ACTIVE,Pro Tablet Acc samsung 3Aug2026.xlsx,รายการสินค้าที่ลด 50-70%,76,"{""pn"": ""A"", ""rrp"": ""E (#ERROR!)"", ""rate"": ""F"", ""netPrice"": ""G (#ERROR!)""}",EXACT_PN,BLOCKED,SOURCE_FORMULA_ERROR
ACC-ERR-R77,EF-GS938CJEGWW,STANDARD_ACCESSORY,S25 Ultra Standing Grip Case,-,STANDARD_PAYMENT,#ERROR!,0,0,0,0,#ERROR!,-,-,2026-08-03,2026-09-06,ACTIVE,Pro Tablet Acc samsung 3Aug2026.xlsx,รายการสินค้าที่ลด 50-70%,77,"{""pn"": ""A"", ""rrp"": ""E (#ERROR!)"", ""rate"": ""F"", ""netPrice"": ""G (#ERROR!)""}",EXACT_PN,BLOCKED,SOURCE_FORMULA_ERROR
ACC-ERR-R78,EF-GS938CWEGWW,STANDARD_ACCESSORY,S25 Ultra Standing Grip Case,-,STANDARD_PAYMENT,#ERROR!,0,0,0,0,#ERROR!,-,-,2026-08-03,2026-09-06,ACTIVE,Pro Tablet Acc samsung 3Aug2026.xlsx,รายการสินค้าที่ลด 50-70%,78,"{""pn"": ""A"", ""rrp"": ""E (#ERROR!)"", ""rate"": ""F"", ""netPrice"": ""G (#ERROR!)""}",EXACT_PN,BLOCKED,SOURCE_FORMULA_ERROR
ACC-ERR-R79,EF-PS931CBEGWW,STANDARD_ACCESSORY,S25 Silicone Case,-,STANDARD_PAYMENT,#ERROR!,0,0,0,0,#ERROR!,-,-,2026-08-03,2026-09-06,ACTIVE,Pro Tablet Acc samsung 3Aug2026.xlsx,รายการสินค้าที่ลด 50-70%,79,"{""pn"": ""A"", ""rrp"": ""E (#ERROR!)"", ""rate"": ""F"", ""netPrice"": ""G (#ERROR!)""}",EXACT_PN,BLOCKED,SOURCE_FORMULA_ERROR
ACC-ERR-R80,EF-PS931CNEGWW,STANDARD_ACCESSORY,S25 Silicone Case,-,STANDARD_PAYMENT,#ERROR!,0,0,0,0,#ERROR!,-,-,2026-08-03,2026-09-06,ACTIVE,Pro Tablet Acc samsung 3Aug2026.xlsx,รายการสินค้าที่ลด 50-70%,80,"{""pn"": ""A"", ""rrp"": ""E (#ERROR!)"", ""rate"": ""F"", ""netPrice"": ""G (#ERROR!)""}",EXACT_PN,BLOCKED,SOURCE_FORMULA_ERROR
ACC-ERR-R81,EF-PS931CLEGWW,STANDARD_ACCESSORY,S25 Silicone Case,-,STANDARD_PAYMENT,#ERROR!,0,0,0,0,#ERROR!,-,-,2026-08-03,2026-09-06,ACTIVE,Pro Tablet Acc samsung 3Aug2026.xlsx,รายการสินค้าที่ลด 50-70%,81,"{""pn"": ""A"", ""rrp"": ""E (#ERROR!)"", ""rate"": ""F"", ""netPrice"": ""G (#ERROR!)""}",EXACT_PN,BLOCKED,SOURCE_FORMULA_ERROR
ACC-ERR-R82,EF-PS931CMEGWW,STANDARD_ACCESSORY,S25 Silicone Case,-,STANDARD_PAYMENT,#ERROR!,0,0,0,0,#ERROR!,-,-,2026-08-03,2026-09-06,ACTIVE,Pro Tablet Acc samsung 3Aug2026.xlsx,รายการสินค้าที่ลด 50-70%,82,"{""pn"": ""A"", ""rrp"": ""E (#ERROR!)"", ""rate"": ""F"", ""netPrice"": ""G (#ERROR!)""}",EXACT_PN,BLOCKED,SOURCE_FORMULA_ERROR
ACC-ERR-R83,EF-PS931CREGWW,STANDARD_ACCESSORY,S25 Silicone Case,-,STANDARD_PAYMENT,#ERROR!,0,0,0,0,#ERROR!,-,-,2026-08-03,2026-09-06,ACTIVE,Pro Tablet Acc samsung 3Aug2026.xlsx,รายการสินค้าที่ลด 50-70%,83,"{""pn"": ""A"", ""rrp"": ""E (#ERROR!)"", ""rate"": ""F"", ""netPrice"": ""G (#ERROR!)""}",EXACT_PN,BLOCKED,SOURCE_FORMULA_ERROR
ACC-ERR-R84,EF-PS936CBEGWW,STANDARD_ACCESSORY,S25+ Silicone Case,-,STANDARD_PAYMENT,#ERROR!,0,0,0,0,#ERROR!,-,-,2026-08-03,2026-09-06,ACTIVE,Pro Tablet Acc samsung 3Aug2026.xlsx,รายการสินค้าที่ลด 50-70%,84,"{""pn"": ""A"", ""rrp"": ""E (#ERROR!)"", ""rate"": ""F"", ""netPrice"": ""G (#ERROR!)""}",EXACT_PN,BLOCKED,SOURCE_FORMULA_ERROR
ACC-ERR-R85,EF-PS936CNEGWW,STANDARD_ACCESSORY,S25+ Silicone Case,-,STANDARD_PAYMENT,#ERROR!,0,0,0,0,#ERROR!,-,-,2026-08-03,2026-09-06,ACTIVE,Pro Tablet Acc samsung 3Aug2026.xlsx,รายการสินค้าที่ลด 50-70%,85,"{""pn"": ""A"", ""rrp"": ""E (#ERROR!)"", ""rate"": ""F"", ""netPrice"": ""G (#ERROR!)""}",EXACT_PN,BLOCKED,SOURCE_FORMULA_ERROR
ACC-ERR-R86,EF-PS936CLEGWW,STANDARD_ACCESSORY,S25+ Silicone Case,-,STANDARD_PAYMENT,#ERROR!,0,0,0,0,#ERROR!,-,-,2026-08-03,2026-09-06,ACTIVE,Pro Tablet Acc samsung 3Aug2026.xlsx,รายการสินค้าที่ลด 50-70%,86,"{""pn"": ""A"", ""rrp"": ""E (#ERROR!)"", ""rate"": ""F"", ""netPrice"": ""G (#ERROR!)""}",EXACT_PN,BLOCKED,SOURCE_FORMULA_ERROR
ACC-ERR-R87,EF-PS936CMEGWW,STANDARD_ACCESSORY,S25+ Silicone Case,-,STANDARD_PAYMENT,#ERROR!,0,0,0,0,#ERROR!,-,-,2026-08-03,2026-09-06,ACTIVE,Pro Tablet Acc samsung 3Aug2026.xlsx,รายการสินค้าที่ลด 50-70%,87,"{""pn"": ""A"", ""rrp"": ""E (#ERROR!)"", ""rate"": ""F"", ""netPrice"": ""G (#ERROR!)""}",EXACT_PN,BLOCKED,SOURCE_FORMULA_ERROR
ACC-ERR-R88,EF-PS936CREGWW,STANDARD_ACCESSORY,S25+ Silicone Case,-,STANDARD_PAYMENT,#ERROR!,0,0,0,0,#ERROR!,-,-,2026-08-03,2026-09-06,ACTIVE,Pro Tablet Acc samsung 3Aug2026.xlsx,รายการสินค้าที่ลด 50-70%,88,"{""pn"": ""A"", ""rrp"": ""E (#ERROR!)"", ""rate"": ""F"", ""netPrice"": ""G (#ERROR!)""}",EXACT_PN,BLOCKED,SOURCE_FORMULA_ERROR
ACC-ERR-R89,EF-PS938CBEGWW,STANDARD_ACCESSORY,S25 Ultra Silicone Case,-,STANDARD_PAYMENT,#ERROR!,0,0,0,0,#ERROR!,-,-,2026-08-03,2026-09-06,ACTIVE,Pro Tablet Acc samsung 3Aug2026.xlsx,รายการสินค้าที่ลด 50-70%,89,"{""pn"": ""A"", ""rrp"": ""E (#ERROR!)"", ""rate"": ""F"", ""netPrice"": ""G (#ERROR!)""}",EXACT_PN,BLOCKED,SOURCE_FORMULA_ERROR
ACC-ERR-R90,EF-PS938CJEGWW,STANDARD_ACCESSORY,S25 Ultra Silicone Case,-,STANDARD_PAYMENT,#ERROR!,0,0,0,0,#ERROR!,-,-,2026-08-03,2026-09-06,ACTIVE,Pro Tablet Acc samsung 3Aug2026.xlsx,รายการสินค้าที่ลด 50-70%,90,"{""pn"": ""A"", ""rrp"": ""E (#ERROR!)"", ""rate"": ""F"", ""netPrice"": ""G (#ERROR!)""}",EXACT_PN,BLOCKED,SOURCE_FORMULA_ERROR
ACC-ERR-R91,EF-PS938CLEGWW,STANDARD_ACCESSORY,S25 Ultra Silicone Case,-,STANDARD_PAYMENT,#ERROR!,0,0,0,0,#ERROR!,-,-,2026-08-03,2026-09-06,ACTIVE,Pro Tablet Acc samsung 3Aug2026.xlsx,รายการสินค้าที่ลด 50-70%,91,"{""pn"": ""A"", ""rrp"": ""E (#ERROR!)"", ""rate"": ""F"", ""netPrice"": ""G (#ERROR!)""}",EXACT_PN,BLOCKED,SOURCE_FORMULA_ERROR
ACC-ERR-R92,EF-PS938CMEGWW,STANDARD_ACCESSORY,S25 Ultra Silicone Case,-,STANDARD_PAYMENT,#ERROR!,0,0,0,0,#ERROR!,-,-,2026-08-03,2026-09-06,ACTIVE,Pro Tablet Acc samsung 3Aug2026.xlsx,รายการสินค้าที่ลด 50-70%,92,"{""pn"": ""A"", ""rrp"": ""E (#ERROR!)"", ""rate"": ""F"", ""netPrice"": ""G (#ERROR!)""}",EXACT_PN,BLOCKED,SOURCE_FORMULA_ERROR
ACC-ERR-R93,EF-PS938CREGWW,STANDARD_ACCESSORY,S25 Ultra Silicone Case,-,STANDARD_PAYMENT,#ERROR!,0,0,0,0,#ERROR!,-,-,2026-08-03,2026-09-06,ACTIVE,Pro Tablet Acc samsung 3Aug2026.xlsx,รายการสินค้าที่ลด 50-70%,93,"{""pn"": ""A"", ""rrp"": ""E (#ERROR!)"", ""rate"": ""F"", ""netPrice"": ""G (#ERROR!)""}",EXACT_PN,BLOCKED,SOURCE_FORMULA_ERROR
ACC-ERR-R94,EF-VS931PBEGWW,STANDARD_ACCESSORY,S25 Kindsuit Case,-,STANDARD_PAYMENT,#ERROR!,0,0,0,0,#ERROR!,-,-,2026-08-03,2026-09-06,ACTIVE,Pro Tablet Acc samsung 3Aug2026.xlsx,รายการสินค้าที่ลด 50-70%,94,"{""pn"": ""A"", ""rrp"": ""E (#ERROR!)"", ""rate"": ""F"", ""netPrice"": ""G (#ERROR!)""}",EXACT_PN,BLOCKED,SOURCE_FORMULA_ERROR
ACC-ERR-R95,EF-VS931PJEGWW,STANDARD_ACCESSORY,S25 Kindsuit Case,-,STANDARD_PAYMENT,#ERROR!,0,0,0,0,#ERROR!,-,-,2026-08-03,2026-09-06,ACTIVE,Pro Tablet Acc samsung 3Aug2026.xlsx,รายการสินค้าที่ลด 50-70%,95,"{""pn"": ""A"", ""rrp"": ""E (#ERROR!)"", ""rate"": ""F"", ""netPrice"": ""G (#ERROR!)""}",EXACT_PN,BLOCKED,SOURCE_FORMULA_ERROR
ACC-ERR-R96,EF-VS931PLEGWW,STANDARD_ACCESSORY,S25 Kindsuit Case,-,STANDARD_PAYMENT,#ERROR!,0,0,0,0,#ERROR!,-,-,2026-08-03,2026-09-06,ACTIVE,Pro Tablet Acc samsung 3Aug2026.xlsx,รายการสินค้าที่ลด 50-70%,96,"{""pn"": ""A"", ""rrp"": ""E (#ERROR!)"", ""rate"": ""F"", ""netPrice"": ""G (#ERROR!)""}",EXACT_PN,BLOCKED,SOURCE_FORMULA_ERROR
ACC-ERR-R97,EF-VS931PFEGWW,STANDARD_ACCESSORY,S25 Kindsuit Case,-,STANDARD_PAYMENT,#ERROR!,0,0,0,0,#ERROR!,-,-,2026-08-03,2026-09-06,ACTIVE,Pro Tablet Acc samsung 3Aug2026.xlsx,รายการสินค้าที่ลด 50-70%,97,"{""pn"": ""A"", ""rrp"": ""E (#ERROR!)"", ""rate"": ""F"", ""netPrice"": ""G (#ERROR!)""}",EXACT_PN,BLOCKED,SOURCE_FORMULA_ERROR
ACC-ERR-R98,EF-VS936PBEGWW,STANDARD_ACCESSORY,S25+ Kindsuit Case,-,STANDARD_PAYMENT,#ERROR!,0,0,0,0,#ERROR!,-,-,2026-08-03,2026-09-06,ACTIVE,Pro Tablet Acc samsung 3Aug2026.xlsx,รายการสินค้าที่ลด 50-70%,98,"{""pn"": ""A"", ""rrp"": ""E (#ERROR!)"", ""rate"": ""F"", ""netPrice"": ""G (#ERROR!)""}",EXACT_PN,BLOCKED,SOURCE_FORMULA_ERROR
ACC-ERR-R99,EF-VS936PJEGWW,STANDARD_ACCESSORY,S25+ Kindsuit Case,-,STANDARD_PAYMENT,#ERROR!,0,0,0,0,#ERROR!,-,-,2026-08-03,2026-09-06,ACTIVE,Pro Tablet Acc samsung 3Aug2026.xlsx,รายการสินค้าที่ลด 50-70%,99,"{""pn"": ""A"", ""rrp"": ""E (#ERROR!)"", ""rate"": ""F"", ""netPrice"": ""G (#ERROR!)""}",EXACT_PN,BLOCKED,SOURCE_FORMULA_ERROR
ACC-ERR-R100,EF-VS936PLEGWW,STANDARD_ACCESSORY,S25+ Kindsuit Case,-,STANDARD_PAYMENT,#ERROR!,0,0,0,0,#ERROR!,-,-,2026-08-03,2026-09-06,ACTIVE,Pro Tablet Acc samsung 3Aug2026.xlsx,รายการสินค้าที่ลด 50-70%,100,"{""pn"": ""A"", ""rrp"": ""E (#ERROR!)"", ""rate"": ""F"", ""netPrice"": ""G (#ERROR!)""}",EXACT_PN,BLOCKED,SOURCE_FORMULA_ERROR
ACC-ERR-R101,EF-VS936PFEGWW,STANDARD_ACCESSORY,S25+ Kindsuit Case,-,STANDARD_PAYMENT,#ERROR!,0,0,0,0,#ERROR!,-,-,2026-08-03,2026-09-06,ACTIVE,Pro Tablet Acc samsung 3Aug2026.xlsx,รายการสินค้าที่ลด 50-70%,101,"{""pn"": ""A"", ""rrp"": ""E (#ERROR!)"", ""rate"": ""F"", ""netPrice"": ""G (#ERROR!)""}",EXACT_PN,BLOCKED,SOURCE_FORMULA_ERROR
ACC-ERR-R102,EF-VS938PBEGWW,STANDARD_ACCESSORY,S25 Ultra Kindsuit Case,-,STANDARD_PAYMENT,#ERROR!,0,0,0,0,#ERROR!,-,-,2026-08-03,2026-09-06,ACTIVE,Pro Tablet Acc samsung 3Aug2026.xlsx,รายการสินค้าที่ลด 50-70%,102,"{""pn"": ""A"", ""rrp"": ""E (#ERROR!)"", ""rate"": ""F"", ""netPrice"": ""G (#ERROR!)""}",EXACT_PN,BLOCKED,SOURCE_FORMULA_ERROR
ACC-ERR-R103,EF-VS938PJEGWW,STANDARD_ACCESSORY,S25 Ultra Kindsuit Case,-,STANDARD_PAYMENT,#ERROR!,0,0,0,0,#ERROR!,-,-,2026-08-03,2026-09-06,ACTIVE,Pro Tablet Acc samsung 3Aug2026.xlsx,รายการสินค้าที่ลด 50-70%,103,"{""pn"": ""A"", ""rrp"": ""E (#ERROR!)"", ""rate"": ""F"", ""netPrice"": ""G (#ERROR!)""}",EXACT_PN,BLOCKED,SOURCE_FORMULA_ERROR
ACC-ERR-R104,EF-VS938PLEGWW,STANDARD_ACCESSORY,S25 Ultra Kindsuit Case,-,STANDARD_PAYMENT,#ERROR!,0,0,0,0,#ERROR!,-,-,2026-08-03,2026-09-06,ACTIVE,Pro Tablet Acc samsung 3Aug2026.xlsx,รายการสินค้าที่ลด 50-70%,104,"{""pn"": ""A"", ""rrp"": ""E (#ERROR!)"", ""rate"": ""F"", ""netPrice"": ""G (#ERROR!)""}",EXACT_PN,BLOCKED,SOURCE_FORMULA_ERROR
ACC-ERR-R105,EF-VS938PFEGWW,STANDARD_ACCESSORY,S25 Ultra Kindsuit Case,-,STANDARD_PAYMENT,#ERROR!,0,0,0,0,#ERROR!,-,-,2026-08-03,2026-09-06,ACTIVE,Pro Tablet Acc samsung 3Aug2026.xlsx,รายการสินค้าที่ลด 50-70%,105,"{""pn"": ""A"", ""rrp"": ""E (#ERROR!)"", ""rate"": ""F"", ""netPrice"": ""G (#ERROR!)""}",EXACT_PN,BLOCKED,SOURCE_FORMULA_ERROR
ACC-ERR-R106,EF-QS931CTEGWW,STANDARD_ACCESSORY,S25 Clear Case,-,STANDARD_PAYMENT,#ERROR!,0,0,0,0,#ERROR!,-,-,2026-08-03,2026-09-06,ACTIVE,Pro Tablet Acc samsung 3Aug2026.xlsx,รายการสินค้าที่ลด 50-70%,106,"{""pn"": ""A"", ""rrp"": ""E (#ERROR!)"", ""rate"": ""F"", ""netPrice"": ""G (#ERROR!)""}",EXACT_PN,BLOCKED,SOURCE_FORMULA_ERROR
ACC-ERR-R107,EF-QS936CTEGWW,STANDARD_ACCESSORY,S25+ Clear Case,-,STANDARD_PAYMENT,#ERROR!,0,0,0,0,#ERROR!,-,-,2026-08-03,2026-09-06,ACTIVE,Pro Tablet Acc samsung 3Aug2026.xlsx,รายการสินค้าที่ลด 50-70%,107,"{""pn"": ""A"", ""rrp"": ""E (#ERROR!)"", ""rate"": ""F"", ""netPrice"": ""G (#ERROR!)""}",EXACT_PN,BLOCKED,SOURCE_FORMULA_ERROR
ACC-ERR-R108,EF-QS938CTEGWW,STANDARD_ACCESSORY,S25 Ultra Clear Case,-,STANDARD_PAYMENT,#ERROR!,0,0,0,0,#ERROR!,-,-,2026-08-03,2026-09-06,ACTIVE,Pro Tablet Acc samsung 3Aug2026.xlsx,รายการสินค้าที่ลด 50-70%,108,"{""pn"": ""A"", ""rrp"": ""E (#ERROR!)"", ""rate"": ""F"", ""netPrice"": ""G (#ERROR!)""}",EXACT_PN,BLOCKED,SOURCE_FORMULA_ERROR
ACC-ERR-R109,EF-MS931CWEGWW,STANDARD_ACCESSORY,S25 Flipsuit Case,-,STANDARD_PAYMENT,#ERROR!,0,0,0,0,#ERROR!,-,-,2026-08-03,2026-09-06,ACTIVE,Pro Tablet Acc samsung 3Aug2026.xlsx,รายการสินค้าที่ลด 50-70%,109,"{""pn"": ""A"", ""rrp"": ""E (#ERROR!)"", ""rate"": ""F"", ""netPrice"": ""G (#ERROR!)""}",EXACT_PN,BLOCKED,SOURCE_FORMULA_ERROR
ACC-ERR-R110,EF-MS936CWEGWW,STANDARD_ACCESSORY,S25+ Flipsuit Case,-,STANDARD_PAYMENT,#ERROR!,0,0,0,0,#ERROR!,-,-,2026-08-03,2026-09-06,ACTIVE,Pro Tablet Acc samsung 3Aug2026.xlsx,รายการสินค้าที่ลด 50-70%,110,"{""pn"": ""A"", ""rrp"": ""E (#ERROR!)"", ""rate"": ""F"", ""netPrice"": ""G (#ERROR!)""}",EXACT_PN,BLOCKED,SOURCE_FORMULA_ERROR
ACC-ERR-R111,EF-MS938CWEGWW,STANDARD_ACCESSORY,S25 Ultra Flipsuit Case,-,STANDARD_PAYMENT,#ERROR!,0,0,0,0,#ERROR!,-,-,2026-08-03,2026-09-06,ACTIVE,Pro Tablet Acc samsung 3Aug2026.xlsx,รายการสินค้าที่ลด 50-70%,111,"{""pn"": ""A"", ""rrp"": ""E (#ERROR!)"", ""rate"": ""F"", ""netPrice"": ""G (#ERROR!)""}",EXACT_PN,BLOCKED,SOURCE_FORMULA_ERROR
ACC-ERR-R112,EF-JS931CBEGWW,STANDARD_ACCESSORY,S25 Flipsuit Case (Rugged),-,STANDARD_PAYMENT,#ERROR!,0,0,0,0,#ERROR!,-,-,2026-08-03,2026-09-06,ACTIVE,Pro Tablet Acc samsung 3Aug2026.xlsx,รายการสินค้าที่ลด 50-70%,112,"{""pn"": ""A"", ""rrp"": ""E (#ERROR!)"", ""rate"": ""F"", ""netPrice"": ""G (#ERROR!)""}",EXACT_PN,BLOCKED,SOURCE_FORMULA_ERROR
ACC-ERR-R113,EF-JS936CBEGWW,STANDARD_ACCESSORY,S25+ Flipsuit Case (Rugged),-,STANDARD_PAYMENT,#ERROR!,0,0,0,0,#ERROR!,-,-,2026-08-03,2026-09-06,ACTIVE,Pro Tablet Acc samsung 3Aug2026.xlsx,รายการสินค้าที่ลด 50-70%,113,"{""pn"": ""A"", ""rrp"": ""E (#ERROR!)"", ""rate"": ""F"", ""netPrice"": ""G (#ERROR!)""}",EXACT_PN,BLOCKED,SOURCE_FORMULA_ERROR
ACC-ERR-R114,EF-JS938CBEGWW,STANDARD_ACCESSORY,S25 Ultra Flipsuit Case (Rugged),-,STANDARD_PAYMENT,#ERROR!,0,0,0,0,#ERROR!,-,-,2026-08-03,2026-09-06,ACTIVE,Pro Tablet Acc samsung 3Aug2026.xlsx,รายการสินค้าที่ลด 50-70%,114,"{""pn"": ""A"", ""rrp"": ""E (#ERROR!)"", ""rate"": ""F"", ""netPrice"": ""G (#ERROR!)""}",EXACT_PN,BLOCKED,SOURCE_FORMULA_ERROR
ACC-ERR-R115,EF-RS931CBEGWW,STANDARD_ACCESSORY,S25 Rugged Case,-,STANDARD_PAYMENT,#ERROR!,0,0,0,0,#ERROR!,-,-,2026-08-03,2026-09-06,ACTIVE,Pro Tablet Acc samsung 3Aug2026.xlsx,รายการสินค้าที่ลด 50-70%,115,"{""pn"": ""A"", ""rrp"": ""E (#ERROR!)"", ""rate"": ""F"", ""netPrice"": ""G (#ERROR!)""}",EXACT_PN,BLOCKED,SOURCE_FORMULA_ERROR
ACC-ERR-R116,EF-RS936CBEGWW,STANDARD_ACCESSORY,S25+ Rugged Case,-,STANDARD_PAYMENT,#ERROR!,0,0,0,0,#ERROR!,-,-,2026-08-03,2026-09-06,ACTIVE,Pro Tablet Acc samsung 3Aug2026.xlsx,รายการสินค้าที่ลด 50-70%,116,"{""pn"": ""A"", ""rrp"": ""E (#ERROR!)"", ""rate"": ""F"", ""netPrice"": ""G (#ERROR!)""}",EXACT_PN,BLOCKED,SOURCE_FORMULA_ERROR
ACC-ERR-R117,EF-RS938CBEGWW,STANDARD_ACCESSORY,S25 Ultra Rugged Case,-,STANDARD_PAYMENT,#ERROR!,0,0,0,0,#ERROR!,-,-,2026-08-03,2026-09-06,ACTIVE,Pro Tablet Acc samsung 3Aug2026.xlsx,รายการสินค้าที่ลด 50-70%,117,"{""pn"": ""A"", ""rrp"": ""E (#ERROR!)"", ""rate"": ""F"", ""netPrice"": ""G (#ERROR!)""}",EXACT_PN,BLOCKED,SOURCE_FORMULA_ERROR
ACC-ERR-R118,EF-US931CTEGWW,STANDARD_ACCESSORY,S25 Screen Protector,-,STANDARD_PAYMENT,#ERROR!,0,0,0,0,#ERROR!,-,-,2026-08-03,2026-09-06,ACTIVE,Pro Tablet Acc samsung 3Aug2026.xlsx,รายการสินค้าที่ลด 50-70%,118,"{""pn"": ""A"", ""rrp"": ""E (#ERROR!)"", ""rate"": ""F"", ""netPrice"": ""G (#ERROR!)""}",EXACT_PN,BLOCKED,SOURCE_FORMULA_ERROR
ACC-ERR-R119,EF-US936CTEGWW,STANDARD_ACCESSORY,S25+ Screen Protector,-,STANDARD_PAYMENT,#ERROR!,0,0,0,0,#ERROR!,-,-,2026-08-03,2026-09-06,ACTIVE,Pro Tablet Acc samsung 3Aug2026.xlsx,รายการสินค้าที่ลด 50-70%,119,"{""pn"": ""A"", ""rrp"": ""E (#ERROR!)"", ""rate"": ""F"", ""netPrice"": ""G (#ERROR!)""}",EXACT_PN,BLOCKED,SOURCE_FORMULA_ERROR
ACC-ERR-R120,EF-US938CTEGWW,STANDARD_ACCESSORY,S25 Ultra Screen Protector,-,STANDARD_PAYMENT,#ERROR!,0,0,0,0,#ERROR!,-,-,2026-08-03,2026-09-06,ACTIVE,Pro Tablet Acc samsung 3Aug2026.xlsx,รายการสินค้าที่ลด 50-70%,120,"{""pn"": ""A"", ""rrp"": ""E (#ERROR!)"", ""rate"": ""F"", ""netPrice"": ""G (#ERROR!)""}",EXACT_PN,BLOCKED,SOURCE_FORMULA_ERROR
ACC-ERR-R121,GP-FPS931PGBJW,STANDARD_ACCESSORY,S25 Capella Magnetic Case,-,STANDARD_PAYMENT,#ERROR!,0,0,0,0,#ERROR!,-,-,2026-08-03,2026-09-06,ACTIVE,Pro Tablet Acc samsung 3Aug2026.xlsx,รายการสินค้าที่ลด 50-70%,121,"{""pn"": ""A"", ""rrp"": ""E (#ERROR!)"", ""rate"": ""F"", ""netPrice"": ""G (#ERROR!)""}",EXACT_PN,BLOCKED,SOURCE_FORMULA_ERROR
ACC-ERR-R122,GP-FPS936PGBJW,STANDARD_ACCESSORY,S25+ Capella Magnetic Case,-,STANDARD_PAYMENT,#ERROR!,0,0,0,0,#ERROR!,-,-,2026-08-03,2026-09-06,ACTIVE,Pro Tablet Acc samsung 3Aug2026.xlsx,รายการสินค้าที่ลด 50-70%,122,"{""pn"": ""A"", ""rrp"": ""E (#ERROR!)"", ""rate"": ""F"", ""netPrice"": ""G (#ERROR!)""}",EXACT_PN,BLOCKED,SOURCE_FORMULA_ERROR
ACC-ERR-R123,GP-FPS938PGBJW,STANDARD_ACCESSORY,S25 Ultra Capella Magnetic Case,-,STANDARD_PAYMENT,#ERROR!,0,0,0,0,#ERROR!,-,-,2026-08-03,2026-09-06,ACTIVE,Pro Tablet Acc samsung 3Aug2026.xlsx,รายการสินค้าที่ลด 50-70%,123,"{""pn"": ""A"", ""rrp"": ""E (#ERROR!)"", ""rate"": ""F"", ""netPrice"": ""G (#ERROR!)""}",EXACT_PN,BLOCKED,SOURCE_FORMULA_ERROR
ACC-ERR-R124,GP-FPS938HIAPW,STANDARD_ACCESSORY,S25 Ultra Joguman Variety Case,-,STANDARD_PAYMENT,#ERROR!,0,0,0,0,#ERROR!,-,-,2026-08-03,2026-09-06,ACTIVE,Pro Tablet Acc samsung 3Aug2026.xlsx,รายการสินค้าที่ลด 50-70%,124,"{""pn"": ""A"", ""rrp"": ""E (#ERROR!)"", ""rate"": ""F"", ""netPrice"": ""G (#ERROR!)""}",EXACT_PN,BLOCKED,SOURCE_FORMULA_ERROR
ACC-ERR-R125,GP-FPS938HIAGW,STANDARD_ACCESSORY,S25 Ultra Joguman Variety Case,-,STANDARD_PAYMENT,#ERROR!,0,0,0,0,#ERROR!,-,-,2026-08-03,2026-09-06,ACTIVE,Pro Tablet Acc samsung 3Aug2026.xlsx,รายการสินค้าที่ลด 50-70%,125,"{""pn"": ""A"", ""rrp"": ""E (#ERROR!)"", ""rate"": ""F"", ""netPrice"": ""G (#ERROR!)""}",EXACT_PN,BLOCKED,SOURCE_FORMULA_ERROR
ACC-ERR-R126,GP-FPS938AMARW,STANDARD_ACCESSORY,S25 Ultra Marimekko Case,-,STANDARD_PAYMENT,#ERROR!,0,0,0,0,#ERROR!,-,-,2026-08-03,2026-09-06,ACTIVE,Pro Tablet Acc samsung 3Aug2026.xlsx,รายการสินค้าที่ลด 50-70%,126,"{""pn"": ""A"", ""rrp"": ""E (#ERROR!)"", ""rate"": ""F"", ""netPrice"": ""G (#ERROR!)""}",EXACT_PN,BLOCKED,SOURCE_FORMULA_ERROR
ACC-ERR-R127,GP-FPS938AMAPW,STANDARD_ACCESSORY,S25 Ultra Marimekko Case,-,STANDARD_PAYMENT,#ERROR!,0,0,0,0,#ERROR!,-,-,2026-08-03,2026-09-06,ACTIVE,Pro Tablet Acc samsung 3Aug2026.xlsx,รายการสินค้าที่ลด 50-70%,127,"{""pn"": ""A"", ""rrp"": ""E (#ERROR!)"", ""rate"": ""F"", ""netPrice"": ""G (#ERROR!)""}",EXACT_PN,BLOCKED,SOURCE_FORMULA_ERROR
ACC-ERR-R128,GP-FPS938AMAUW,STANDARD_ACCESSORY,S25 Ultra Marimekko Case,-,STANDARD_PAYMENT,#ERROR!,0,0,0,0,#ERROR!,-,-,2026-08-03,2026-09-06,ACTIVE,Pro Tablet Acc samsung 3Aug2026.xlsx,รายการสินค้าที่ลด 50-70%,128,"{""pn"": ""A"", ""rrp"": ""E (#ERROR!)"", ""rate"": ""F"", ""netPrice"": ""G (#ERROR!)""}",EXACT_PN,BLOCKED,SOURCE_FORMULA_ERROR
ACC-ERR-R129,GP-FFS931YCATW,STANDARD_ACCESSORY,S25 Clear Magnetic Case,-,STANDARD_PAYMENT,#ERROR!,0,0,0,0,#ERROR!,-,-,2026-08-03,2026-09-06,ACTIVE,Pro Tablet Acc samsung 3Aug2026.xlsx,รายการสินค้าที่ลด 50-70%,129,"{""pn"": ""A"", ""rrp"": ""E (#ERROR!)"", ""rate"": ""F"", ""netPrice"": ""G (#ERROR!)""}",EXACT_PN,BLOCKED,SOURCE_FORMULA_ERROR
ACC-ERR-R130,GP-FFS936YCATW,STANDARD_ACCESSORY,S25+ Clear Magnetic Case,-,STANDARD_PAYMENT,#ERROR!,0,0,0,0,#ERROR!,-,-,2026-08-03,2026-09-06,ACTIVE,Pro Tablet Acc samsung 3Aug2026.xlsx,รายการสินค้าที่ลด 50-70%,130,"{""pn"": ""A"", ""rrp"": ""E (#ERROR!)"", ""rate"": ""F"", ""netPrice"": ""G (#ERROR!)""}",EXACT_PN,BLOCKED,SOURCE_FORMULA_ERROR
ACC-ERR-R131,GP-FPS938SAATW,STANDARD_ACCESSORY,S25 Ultra Clear Magnetic Case,-,STANDARD_PAYMENT,#ERROR!,0,0,0,0,#ERROR!,-,-,2026-08-03,2026-09-06,ACTIVE,Pro Tablet Acc samsung 3Aug2026.xlsx,รายการสินค้าที่ลด 50-70%,131,"{""pn"": ""A"", ""rrp"": ""E (#ERROR!)"", ""rate"": ""F"", ""netPrice"": ""G (#ERROR!)""}",EXACT_PN,BLOCKED,SOURCE_FORMULA_ERROR
ACC-ERR-R132,GP-FPS931OBHBW,STANDARD_ACCESSORY,S25 Symmetry Magnetic Case,-,STANDARD_PAYMENT,#ERROR!,0,0,0,0,#ERROR!,-,-,2026-08-03,2026-09-06,ACTIVE,Pro Tablet Acc samsung 3Aug2026.xlsx,รายการสินค้าที่ลด 50-70%,132,"{""pn"": ""A"", ""rrp"": ""E (#ERROR!)"", ""rate"": ""F"", ""netPrice"": ""G (#ERROR!)""}",EXACT_PN,BLOCKED,SOURCE_FORMULA_ERROR
ACC-ERR-R133,GP-FPS936OBHBW,STANDARD_ACCESSORY,S25+ Symmetry Magnetic Case,-,STANDARD_PAYMENT,#ERROR!,0,0,0,0,#ERROR!,-,-,2026-08-03,2026-09-06,ACTIVE,Pro Tablet Acc samsung 3Aug2026.xlsx,รายการสินค้าที่ลด 50-70%,133,"{""pn"": ""A"", ""rrp"": ""E (#ERROR!)"", ""rate"": ""F"", ""netPrice"": ""G (#ERROR!)""}",EXACT_PN,BLOCKED,SOURCE_FORMULA_ERROR
ACC-ERR-R134,GP-FPS938OBHBW,STANDARD_ACCESSORY,S25 Ultra Symmetry Magnetic Case,-,STANDARD_PAYMENT,#ERROR!,0,0,0,0,#ERROR!,-,-,2026-08-03,2026-09-06,ACTIVE,Pro Tablet Acc samsung 3Aug2026.xlsx,รายการสินค้าที่ลด 50-70%,134,"{""pn"": ""A"", ""rrp"": ""E (#ERROR!)"", ""rate"": ""F"", ""netPrice"": ""G (#ERROR!)""}",EXACT_PN,BLOCKED,SOURCE_FORMULA_ERROR
ACC-ERR-R135,GP-FPS931OBJTW,STANDARD_ACCESSORY,S25 React Magnetic Case,-,STANDARD_PAYMENT,#ERROR!,0,0,0,0,#ERROR!,-,-,2026-08-03,2026-09-06,ACTIVE,Pro Tablet Acc samsung 3Aug2026.xlsx,รายการสินค้าที่ลด 50-70%,135,"{""pn"": ""A"", ""rrp"": ""E (#ERROR!)"", ""rate"": ""F"", ""netPrice"": ""G (#ERROR!)""}",EXACT_PN,BLOCKED,SOURCE_FORMULA_ERROR
ACC-ERR-R136,GP-FPS936OBJTW,STANDARD_ACCESSORY,S25+ React Magnetic Case,-,STANDARD_PAYMENT,#ERROR!,0,0,0,0,#ERROR!,-,-,2026-08-03,2026-09-06,ACTIVE,Pro Tablet Acc samsung 3Aug2026.xlsx,รายการสินค้าที่ลด 50-70%,136,"{""pn"": ""A"", ""rrp"": ""E (#ERROR!)"", ""rate"": ""F"", ""netPrice"": ""G (#ERROR!)""}",EXACT_PN,BLOCKED,SOURCE_FORMULA_ERROR
ACC-ERR-R137,GP-FPS938OBJTW,STANDARD_ACCESSORY,S25 Ultra React Magnetic Case,-,STANDARD_PAYMENT,#ERROR!,0,0,0,0,#ERROR!,-,-,2026-08-03,2026-09-06,ACTIVE,Pro Tablet Acc samsung 3Aug2026.xlsx,รายการสินค้าที่ลด 50-70%,137,"{""pn"": ""A"", ""rrp"": ""E (#ERROR!)"", ""rate"": ""F"", ""netPrice"": ""G (#ERROR!)""}",EXACT_PN,BLOCKED,SOURCE_FORMULA_ERROR
ACC-ERR-R138,GP-FPS931PGABW,STANDARD_ACCESSORY,S25 Enzo Aramid Case,-,STANDARD_PAYMENT,#ERROR!,0,0,0,0,#ERROR!,-,-,2026-08-03,2026-09-06,ACTIVE,Pro Tablet Acc samsung 3Aug2026.xlsx,รายการสินค้าที่ลด 50-70%,138,"{""pn"": ""A"", ""rrp"": ""E (#ERROR!)"", ""rate"": ""F"", ""netPrice"": ""G (#ERROR!)""}",EXACT_PN,BLOCKED,SOURCE_FORMULA_ERROR
ACC-ERR-R139,GP-FPS936PGABW,STANDARD_ACCESSORY,S25+ Enzo Aramid Case,-,STANDARD_PAYMENT,#ERROR!,0,0,0,0,#ERROR!,-,-,2026-08-03,2026-09-06,ACTIVE,Pro Tablet Acc samsung 3Aug2026.xlsx,รายการสินค้าที่ลด 50-70%,139,"{""pn"": ""A"", ""rrp"": ""E (#ERROR!)"", ""rate"": ""F"", ""netPrice"": ""G (#ERROR!)""}",EXACT_PN,BLOCKED,SOURCE_FORMULA_ERROR
ACC-ERR-R140,GP-FPS938PGABW,STANDARD_ACCESSORY,S25 Ultra Enzo Aramid Case,-,STANDARD_PAYMENT,#ERROR!,0,0,0,0,#ERROR!,-,-,2026-08-03,2026-09-06,ACTIVE,Pro Tablet Acc samsung 3Aug2026.xlsx,รายการสินค้าที่ลด 50-70%,140,"{""pn"": ""A"", ""rrp"": ""E (#ERROR!)"", ""rate"": ""F"", ""netPrice"": ""G (#ERROR!)""}",EXACT_PN,BLOCKED,SOURCE_FORMULA_ERROR
ACC-ERR-R141,GP-FPS938SBAUW,STANDARD_ACCESSORY,S25 Ultra Crocs Case,-,STANDARD_PAYMENT,#ERROR!,0,0,0,0,#ERROR!,-,-,2026-08-03,2026-09-06,ACTIVE,Pro Tablet Acc samsung 3Aug2026.xlsx,รายการสินค้าที่ลด 50-70%,141,"{""pn"": ""A"", ""rrp"": ""E (#ERROR!)"", ""rate"": ""F"", ""netPrice"": ""G (#ERROR!)""}",EXACT_PN,BLOCKED,SOURCE_FORMULA_ERROR
ACC-ERR-R142,GP-FPS938SBBAW,STANDARD_ACCESSORY,S25 Ultra Hershey's Milk Chocolate Snack Case,-,STANDARD_PAYMENT,#ERROR!,0,0,0,0,#ERROR!,-,-,2026-08-03,2026-09-06,ACTIVE,Pro Tablet Acc samsung 3Aug2026.xlsx,รายการสินค้าที่ลด 50-70%,142,"{""pn"": ""A"", ""rrp"": ""E (#ERROR!)"", ""rate"": ""F"", ""netPrice"": ""G (#ERROR!)""}",EXACT_PN,BLOCKED,SOURCE_FORMULA_ERROR
ACC-ERR-R143,GP-TOS938HIAPW,STANDARD_ACCESSORY,S25 Ultra Joguman Love Lasts Flipsuit Card,-,STANDARD_PAYMENT,#ERROR!,0,0,0,0,#ERROR!,-,-,2026-08-03,2026-09-06,ACTIVE,Pro Tablet Acc samsung 3Aug2026.xlsx,รายการสินค้าที่ลด 50-70%,143,"{""pn"": ""A"", ""rrp"": ""E (#ERROR!)"", ""rate"": ""F"", ""netPrice"": ""G (#ERROR!)""}",EXACT_PN,BLOCKED,SOURCE_FORMULA_ERROR
ACC-ERR-R144,GP-TOS938HIAGW,STANDARD_ACCESSORY,S25 Ultra Joguman Love Lasts Flipsuit Card,-,STANDARD_PAYMENT,#ERROR!,0,0,0,0,#ERROR!,-,-,2026-08-03,2026-09-06,ACTIVE,Pro Tablet Acc samsung 3Aug2026.xlsx,รายการสินค้าที่ลด 50-70%,144,"{""pn"": ""A"", ""rrp"": ""E (#ERROR!)"", ""rate"": ""F"", ""netPrice"": ""G (#ERROR!)""}",EXACT_PN,BLOCKED,SOURCE_FORMULA_ERROR
ACC-OK-R145,EF-PA566CBEGWW,STANDARD_ACCESSORY,A56 Silicone Case,-,STANDARD_PAYMENT,690.0,483.0,0,0,0,207.0,-,-,2026-08-03,2026-09-06,ACTIVE,Pro Tablet Acc samsung 3Aug2026.xlsx,รายการสินค้าที่ลด 50-70%,145,"{""pn"": ""A"", ""rrp"": ""E"", ""rate"": ""F"", ""netPrice"": ""G""}",EXACT_PN,WARNING,-
ACC-OK-R146,EF-PA566CGEGWW,STANDARD_ACCESSORY,A56 Silicone Case,-,STANDARD_PAYMENT,690.0,483.0,0,0,0,207.0,-,-,2026-08-03,2026-09-06,ACTIVE,Pro Tablet Acc samsung 3Aug2026.xlsx,รายการสินค้าที่ลด 50-70%,146,"{""pn"": ""A"", ""rrp"": ""E"", ""rate"": ""F"", ""netPrice"": ""G""}",EXACT_PN,WARNING,-
ACC-OK-R147,EF-PA566CPEGWW,STANDARD_ACCESSORY,A56 Silicone Case,-,STANDARD_PAYMENT,690.0,483.0,0,0,0,207.0,-,-,2026-08-03,2026-09-06,ACTIVE,Pro Tablet Acc samsung 3Aug2026.xlsx,รายการสินค้าที่ลด 50-70%,147,"{""pn"": ""A"", ""rrp"": ""E"", ""rate"": ""F"", ""netPrice"": ""G""}",EXACT_PN,WARNING,-
ACC-OK-R148,EF-RA566CBEGWW,STANDARD_ACCESSORY,A56 Rugged Case,-,STANDARD_PAYMENT,690.0,483.0,0,0,0,207.0,-,-,2026-08-03,2026-09-06,ACTIVE,Pro Tablet Acc samsung 3Aug2026.xlsx,รายการสินค้าที่ลด 50-70%,148,"{""pn"": ""A"", ""rrp"": ""E"", ""rate"": ""F"", ""netPrice"": ""G""}",EXACT_PN,WARNING,-
ACC-OK-R149,EF-QA566CTEGWW,STANDARD_ACCESSORY,A56 Clear Case,-,STANDARD_PAYMENT,490.0,343.0,0,0,0,147.0,-,-,2026-08-03,2026-09-06,ACTIVE,Pro Tablet Acc samsung 3Aug2026.xlsx,รายการสินค้าที่ลด 50-70%,149,"{""pn"": ""A"", ""rrp"": ""E"", ""rate"": ""F"", ""netPrice"": ""G""}",EXACT_PN,WARNING,-
ACC-OK-R150,EF-UA566CTEGWW,STANDARD_ACCESSORY,A56 Screen Protector,-,STANDARD_PAYMENT,390.0,273.0,0,0,0,117.0,-,-,2026-08-03,2026-09-06,ACTIVE,Pro Tablet Acc samsung 3Aug2026.xlsx,รายการสินค้าที่ลด 50-70%,150,"{""pn"": ""A"", ""rrp"": ""E"", ""rate"": ""F"", ""netPrice"": ""G""}",EXACT_PN,WARNING,-
ACC-OK-R151,EF-PA366CBEGWW,STANDARD_ACCESSORY,A36 Silicone Case,-,STANDARD_PAYMENT,690.0,483.0,0,0,0,207.0,-,-,2026-08-03,2026-09-06,ACTIVE,Pro Tablet Acc samsung 3Aug2026.xlsx,รายการสินค้าที่ลด 50-70%,151,"{""pn"": ""A"", ""rrp"": ""E"", ""rate"": ""F"", ""netPrice"": ""G""}",EXACT_PN,WARNING,-
ACC-OK-R152,EF-PA366CGEGWW,STANDARD_ACCESSORY,A36 Silicone Case,-,STANDARD_PAYMENT,690.0,483.0,0,0,0,207.0,-,-,2026-08-03,2026-09-06,ACTIVE,Pro Tablet Acc samsung 3Aug2026.xlsx,รายการสินค้าที่ลด 50-70%,152,"{""pn"": ""A"", ""rrp"": ""E"", ""rate"": ""F"", ""netPrice"": ""G""}",EXACT_PN,WARNING,-
ACC-OK-R153,EF-PA366CVEGWW,STANDARD_ACCESSORY,A36 Silicone Case,-,STANDARD_PAYMENT,690.0,483.0,0,0,0,207.0,-,-,2026-08-03,2026-09-06,ACTIVE,Pro Tablet Acc samsung 3Aug2026.xlsx,รายการสินค้าที่ลด 50-70%,153,"{""pn"": ""A"", ""rrp"": ""E"", ""rate"": ""F"", ""netPrice"": ""G""}",EXACT_PN,WARNING,-
ACC-OK-R154,EF-RA366CBEGWW,STANDARD_ACCESSORY,A36 Rugged Case,-,STANDARD_PAYMENT,690.0,483.0,0,0,0,207.0,-,-,2026-08-03,2026-09-06,ACTIVE,Pro Tablet Acc samsung 3Aug2026.xlsx,รายการสินค้าที่ลด 50-70%,154,"{""pn"": ""A"", ""rrp"": ""E"", ""rate"": ""F"", ""netPrice"": ""G""}",EXACT_PN,WARNING,-
ACC-OK-R155,EF-QA366CTEGWW,STANDARD_ACCESSORY,A36 Clear Case,-,STANDARD_PAYMENT,490.0,343.0,0,0,0,147.0,-,-,2026-08-03,2026-09-06,ACTIVE,Pro Tablet Acc samsung 3Aug2026.xlsx,รายการสินค้าที่ลด 50-70%,155,"{""pn"": ""A"", ""rrp"": ""E"", ""rate"": ""F"", ""netPrice"": ""G""}",EXACT_PN,WARNING,-
ACC-OK-R156,EF-UA366CTEGWW,STANDARD_ACCESSORY,A36 Screen Protector,-,STANDARD_PAYMENT,390.0,273.0,0,0,0,117.0,-,-,2026-08-03,2026-09-06,ACTIVE,Pro Tablet Acc samsung 3Aug2026.xlsx,รายการสินค้าที่ลด 50-70%,156,"{""pn"": ""A"", ""rrp"": ""E"", ""rate"": ""F"", ""netPrice"": ""G""}",EXACT_PN,WARNING,-
ACC-OK-R157,ET-SLL50LBEGWW,STANDARD_ACCESSORY,"Galaxy Watch8  Band Hybrid
(S/M/L)",-,STANDARD_PAYMENT,1990.0,995.0,0,0,0,995.0,-,-,2026-08-03,2026-09-06,ACTIVE,Pro Tablet Acc samsung 3Aug2026.xlsx,รายการสินค้าที่ลด 50-70%,157,"{""pn"": ""A"", ""rrp"": ""E"", ""rate"": ""F"", ""netPrice"": ""G""}",EXACT_PN,WARNING,-
ACC-OK-R158,ET-SLL50LWEGWW,STANDARD_ACCESSORY,"Galaxy Watch8  Band Hybrid
(S/M/L)",-,STANDARD_PAYMENT,1990.0,995.0,0,0,0,995.0,-,-,2026-08-03,2026-09-06,ACTIVE,Pro Tablet Acc samsung 3Aug2026.xlsx,รายการสินค้าที่ลด 50-70%,158,"{""pn"": ""A"", ""rrp"": ""E"", ""rate"": ""F"", ""netPrice"": ""G""}",EXACT_PN,WARNING,-
ACC-OK-R159,ET-SLL50LNEGWW,STANDARD_ACCESSORY,"Galaxy Watch8  Band Hybrid
(S/M/L)",-,STANDARD_PAYMENT,1990.0,995.0,0,0,0,995.0,-,-,2026-08-03,2026-09-06,ACTIVE,Pro Tablet Acc samsung 3Aug2026.xlsx,รายการสินค้าที่ลด 50-70%,159,"{""pn"": ""A"", ""rrp"": ""E"", ""rate"": ""F"", ""netPrice"": ""G""}",EXACT_PN,WARNING,-
ACC-OK-R160,ET-SLL50LJEGWW,STANDARD_ACCESSORY,"Galaxy Watch8  Band Hybrid
(S/M/L)",-,STANDARD_PAYMENT,1990.0,995.0,0,0,0,995.0,-,-,2026-08-03,2026-09-06,ACTIVE,Pro Tablet Acc samsung 3Aug2026.xlsx,รายการสินค้าที่ลด 50-70%,160,"{""pn"": ""A"", ""rrp"": ""E"", ""rate"": ""F"", ""netPrice"": ""G""}",EXACT_PN,WARNING,-
ACC-OK-R161,ET-SLL50LAEGWW,STANDARD_ACCESSORY,"Galaxy Watch8  Band Hybrid
(S/M/L)",-,STANDARD_PAYMENT,1990.0,995.0,0,0,0,995.0,-,-,2026-08-03,2026-09-06,ACTIVE,Pro Tablet Acc samsung 3Aug2026.xlsx,รายการสินค้าที่ลด 50-70%,161,"{""pn"": ""A"", ""rrp"": ""E"", ""rate"": ""F"", ""netPrice"": ""G""}",EXACT_PN,WARNING,-
ACC-OK-R162,ET-SNL32SBEGWW,STANDARD_ACCESSORY,"Galaxy Watch8  Band Sport
(S/M)",-,STANDARD_PAYMENT,1490.0,745.0,0,0,0,745.0,-,-,2026-08-03,2026-09-06,ACTIVE,Pro Tablet Acc samsung 3Aug2026.xlsx,รายการสินค้าที่ลด 50-70%,162,"{""pn"": ""A"", ""rrp"": ""E"", ""rate"": ""F"", ""netPrice"": ""G""}",EXACT_PN,WARNING,-
ACC-OK-R163,ET-SNL32SWEGWW,STANDARD_ACCESSORY,"Galaxy Watch8  Band Sport
(S/M)",-,STANDARD_PAYMENT,1490.0,745.0,0,0,0,745.0,-,-,2026-08-03,2026-09-06,ACTIVE,Pro Tablet Acc samsung 3Aug2026.xlsx,รายการสินค้าที่ลด 50-70%,163,"{""pn"": ""A"", ""rrp"": ""E"", ""rate"": ""F"", ""netPrice"": ""G""}",EXACT_PN,WARNING,-
ACC-OK-R164,ET-SNL32SNEGWW,STANDARD_ACCESSORY,"Galaxy Watch8  Band Sport
(S/M)",-,STANDARD_PAYMENT,1490.0,745.0,0,0,0,745.0,-,-,2026-08-03,2026-09-06,ACTIVE,Pro Tablet Acc samsung 3Aug2026.xlsx,รายการสินค้าที่ลด 50-70%,164,"{""pn"": ""A"", ""rrp"": ""E"", ""rate"": ""F"", ""netPrice"": ""G""}",EXACT_PN,WARNING,-
ACC-OK-R165,ET-SNL32SMEGWW,STANDARD_ACCESSORY,"Galaxy Watch8  Band Sport
(S/M)",-,STANDARD_PAYMENT,1490.0,745.0,0,0,0,745.0,-,-,2026-08-03,2026-09-06,ACTIVE,Pro Tablet Acc samsung 3Aug2026.xlsx,รายการสินค้าที่ลด 50-70%,165,"{""pn"": ""A"", ""rrp"": ""E"", ""rate"": ""F"", ""netPrice"": ""G""}",EXACT_PN,WARNING,-
ACC-OK-R166,ET-SNL32SPEGWW,STANDARD_ACCESSORY,"Galaxy Watch8  Band Sport
(S/M)",-,STANDARD_PAYMENT,1490.0,745.0,0,0,0,745.0,-,-,2026-08-03,2026-09-06,ACTIVE,Pro Tablet Acc samsung 3Aug2026.xlsx,รายการสินค้าที่ลด 50-70%,166,"{""pn"": ""A"", ""rrp"": ""E"", ""rate"": ""F"", ""netPrice"": ""G""}",EXACT_PN,WARNING,-
ACC-OK-R167,ET-SVL32SBEGWW,STANDARD_ACCESSORY,"Galaxy Watch8  Band Fabric
(S/M)",-,STANDARD_PAYMENT,1490.0,745.0,0,0,0,745.0,-,-,2026-08-03,2026-09-06,ACTIVE,Pro Tablet Acc samsung 3Aug2026.xlsx,รายการสินค้าที่ลด 50-70%,167,"{""pn"": ""A"", ""rrp"": ""E"", ""rate"": ""F"", ""netPrice"": ""G""}",EXACT_PN,WARNING,-
ACC-OK-R168,ET-SVL32SWEGWW,STANDARD_ACCESSORY,"Galaxy Watch8  Band Fabric
(S/M)",-,STANDARD_PAYMENT,1490.0,745.0,0,0,0,745.0,-,-,2026-08-03,2026-09-06,ACTIVE,Pro Tablet Acc samsung 3Aug2026.xlsx,รายการสินค้าที่ลด 50-70%,168,"{""pn"": ""A"", ""rrp"": ""E"", ""rate"": ""F"", ""netPrice"": ""G""}",EXACT_PN,WARNING,-
ACC-OK-R169,ET-SVL32SNEGWW,STANDARD_ACCESSORY,"Galaxy Watch8  Band Fabric
(S/M)",-,STANDARD_PAYMENT,1490.0,745.0,0,0,0,745.0,-,-,2026-08-03,2026-09-06,ACTIVE,Pro Tablet Acc samsung 3Aug2026.xlsx,รายการสินค้าที่ลด 50-70%,169,"{""pn"": ""A"", ""rrp"": ""E"", ""rate"": ""F"", ""netPrice"": ""G""}",EXACT_PN,WARNING,-
ACC-OK-R170,ET-SVL32SMEGWW,STANDARD_ACCESSORY,"Galaxy Watch8  Band Fabric
(S/M)",-,STANDARD_PAYMENT,1490.0,745.0,0,0,0,745.0,-,-,2026-08-03,2026-09-06,ACTIVE,Pro Tablet Acc samsung 3Aug2026.xlsx,รายการสินค้าที่ลด 50-70%,170,"{""pn"": ""A"", ""rrp"": ""E"", ""rate"": ""F"", ""netPrice"": ""G""}",EXACT_PN,WARNING,-
ACC-OK-R171,ET-SVL32SREGWW,STANDARD_ACCESSORY,"Galaxy Watch8  Band Fabric
(S/M)",-,STANDARD_PAYMENT,1490.0,745.0,0,0,0,745.0,-,-,2026-08-03,2026-09-06,ACTIVE,Pro Tablet Acc samsung 3Aug2026.xlsx,รายการสินค้าที่ลด 50-70%,171,"{""pn"": ""A"", ""rrp"": ""E"", ""rate"": ""F"", ""netPrice"": ""G""}",EXACT_PN,WARNING,-
ACC-OK-R172,ET-SOL32SBEGWW,STANDARD_ACCESSORY,"Galaxy Watch8  Band Athleisure
(S/M)",-,STANDARD_PAYMENT,1990.0,995.0,0,0,0,995.0,-,-,2026-08-03,2026-09-06,ACTIVE,Pro Tablet Acc samsung 3Aug2026.xlsx,รายการสินค้าที่ลด 50-70%,172,"{""pn"": ""A"", ""rrp"": ""E"", ""rate"": ""F"", ""netPrice"": ""G""}",EXACT_PN,WARNING,-
ACC-OK-R173,ET-SOL32SWEGWW,STANDARD_ACCESSORY,"Galaxy Watch8  Band Athleisure
(S/M)",-,STANDARD_PAYMENT,1990.0,995.0,0,0,0,995.0,-,-,2026-08-03,2026-09-06,ACTIVE,Pro Tablet Acc samsung 3Aug2026.xlsx,รายการสินค้าที่ลด 50-70%,173,"{""pn"": ""A"", ""rrp"": ""E"", ""rate"": ""F"", ""netPrice"": ""G""}",EXACT_PN,WARNING,-
ACC-OK-R174,ET-SOL32SNEGWW,STANDARD_ACCESSORY,"Galaxy Watch8  Band Athleisure
(S/M)",-,STANDARD_PAYMENT,1990.0,995.0,0,0,0,995.0,-,-,2026-08-03,2026-09-06,ACTIVE,Pro Tablet Acc samsung 3Aug2026.xlsx,รายการสินค้าที่ลด 50-70%,174,"{""pn"": ""A"", ""rrp"": ""E"", ""rate"": ""F"", ""netPrice"": ""G""}",EXACT_PN,WARNING,-
ACC-OK-R175,ET-SOL32SMEGWW,STANDARD_ACCESSORY,"Galaxy Watch8  Band Athleisure
(S/M)",-,STANDARD_PAYMENT,1990.0,995.0,0,0,0,995.0,-,-,2026-08-03,2026-09-06,ACTIVE,Pro Tablet Acc samsung 3Aug2026.xlsx,รายการสินค้าที่ลด 50-70%,175,"{""pn"": ""A"", ""rrp"": ""E"", ""rate"": ""F"", ""netPrice"": ""G""}",EXACT_PN,WARNING,-
ACC-OK-R176,ET-SOL32SGEGWW,STANDARD_ACCESSORY,"Galaxy Watch8  Band Athleisure
(S/M)",-,STANDARD_PAYMENT,1990.0,995.0,0,0,0,995.0,-,-,2026-08-03,2026-09-06,ACTIVE,Pro Tablet Acc samsung 3Aug2026.xlsx,รายการสินค้าที่ลด 50-70%,176,"{""pn"": ""A"", ""rrp"": ""E"", ""rate"": ""F"", ""netPrice"": ""G""}",EXACT_PN,WARNING,-
ACC-OK-R177,EF-ZF766CTEGWW,STANDARD_ACCESSORY,Z Flip7 Case Flipsuit Case,-,STANDARD_PAYMENT,1190.0,833.0,0,0,0,357.0,-,-,2026-08-03,2026-09-06,ACTIVE,Pro Tablet Acc samsung 3Aug2026.xlsx,รายการสินค้าที่ลด 50-70%,177,"{""pn"": ""A"", ""rrp"": ""E"", ""rate"": ""F"", ""netPrice"": ""G""}",EXACT_PN,WARNING,-
ACC-OK-R178,EF-VF766PBEGWW,STANDARD_ACCESSORY,Z Flip7 Case Kindsuit Case,-,STANDARD_PAYMENT,2190.0,1533.0,0,0,0,657.0,-,-,2026-08-03,2026-09-06,ACTIVE,Pro Tablet Acc samsung 3Aug2026.xlsx,รายการสินค้าที่ลด 50-70%,178,"{""pn"": ""A"", ""rrp"": ""E"", ""rate"": ""F"", ""netPrice"": ""G""}",EXACT_PN,WARNING,-
ACC-OK-R179,EF-VF766PAEGWW,STANDARD_ACCESSORY,Z Flip7 Case Kindsuit Case,-,STANDARD_PAYMENT,2190.0,1533.0,0,0,0,657.0,-,-,2026-08-03,2026-09-06,ACTIVE,Pro Tablet Acc samsung 3Aug2026.xlsx,รายการสินค้าที่ลด 50-70%,179,"{""pn"": ""A"", ""rrp"": ""E"", ""rate"": ""F"", ""netPrice"": ""G""}",EXACT_PN,WARNING,-
ACC-OK-R180,EF-VF766PJEGWW,STANDARD_ACCESSORY,Z Flip7 Case Kindsuit Case,-,STANDARD_PAYMENT,2190.0,1533.0,0,0,0,657.0,-,-,2026-08-03,2026-09-06,ACTIVE,Pro Tablet Acc samsung 3Aug2026.xlsx,รายการสินค้าที่ลด 50-70%,180,"{""pn"": ""A"", ""rrp"": ""E"", ""rate"": ""F"", ""netPrice"": ""G""}",EXACT_PN,WARNING,-
ACC-OK-R181,EF-PF766TBEGWW,STANDARD_ACCESSORY,Z Flip7 Case Ring Case (Silicone),-,STANDARD_PAYMENT,1190.0,833.0,0,0,0,357.0,-,-,2026-08-03,2026-09-06,ACTIVE,Pro Tablet Acc samsung 3Aug2026.xlsx,รายการสินค้าที่ลด 50-70%,181,"{""pn"": ""A"", ""rrp"": ""E"", ""rate"": ""F"", ""netPrice"": ""G""}",EXACT_PN,WARNING,-
ACC-OK-R182,EF-PF766TNEGWW,STANDARD_ACCESSORY,Z Flip7 Case Ring Case (Silicone),-,STANDARD_PAYMENT,1190.0,833.0,0,0,0,357.0,-,-,2026-08-03,2026-09-06,ACTIVE,Pro Tablet Acc samsung 3Aug2026.xlsx,รายการสินค้าที่ลด 50-70%,182,"{""pn"": ""A"", ""rrp"": ""E"", ""rate"": ""F"", ""netPrice"": ""G""}",EXACT_PN,WARNING,-
ACC-OK-R183,EF-PF766TREGWW,STANDARD_ACCESSORY,Z Flip7 Case Ring Case (Silicone),-,STANDARD_PAYMENT,1190.0,833.0,0,0,0,357.0,-,-,2026-08-03,2026-09-06,ACTIVE,Pro Tablet Acc samsung 3Aug2026.xlsx,รายการสินค้าที่ลด 50-70%,183,"{""pn"": ""A"", ""rrp"": ""E"", ""rate"": ""F"", ""netPrice"": ""G""}",EXACT_PN,WARNING,-
ACC-OK-R184,EF-PF766TMEGWW,STANDARD_ACCESSORY,Z Flip7 Case Ring Case (Silicone),-,STANDARD_PAYMENT,1190.0,833.0,0,0,0,357.0,-,-,2026-08-03,2026-09-06,ACTIVE,Pro Tablet Acc samsung 3Aug2026.xlsx,รายการสินค้าที่ลด 50-70%,184,"{""pn"": ""A"", ""rrp"": ""E"", ""rate"": ""F"", ""netPrice"": ""G""}",EXACT_PN,WARNING,-
ACC-OK-R185,EF-QF766CTEGWW,STANDARD_ACCESSORY,Z Flip7 Case Ring Case (Clear),-,STANDARD_PAYMENT,1090.0,763.0,0,0,0,327.0,-,-,2026-08-03,2026-09-06,ACTIVE,Pro Tablet Acc samsung 3Aug2026.xlsx,รายการสินค้าที่ลด 50-70%,185,"{""pn"": ""A"", ""rrp"": ""E"", ""rate"": ""F"", ""netPrice"": ""G""}",EXACT_PN,WARNING,-
ACC-OK-R186,EF-AF766CTEGWW,STANDARD_ACCESSORY,Z Flip7 Case Clear Case,-,STANDARD_PAYMENT,790.0,553.0,0,0,0,237.0,-,-,2026-08-03,2026-09-06,ACTIVE,Pro Tablet Acc samsung 3Aug2026.xlsx,รายการสินค้าที่ลด 50-70%,186,"{""pn"": ""A"", ""rrp"": ""E"", ""rate"": ""F"", ""netPrice"": ""G""}",EXACT_PN,WARNING,-
ACC-OK-R187,EF-UF766CTEGWW,STANDARD_ACCESSORY,Z Flip7 Case Anti-reflecting Film,-,STANDARD_PAYMENT,590.0,413.0,0,0,0,177.0,-,-,2026-08-03,2026-09-06,ACTIVE,Pro Tablet Acc samsung 3Aug2026.xlsx,รายการสินค้าที่ลด 50-70%,187,"{""pn"": ""A"", ""rrp"": ""E"", ""rate"": ""F"", ""netPrice"": ""G""}",EXACT_PN,WARNING,-
ACC-OK-R188,GP-FFF766YCATW,STANDARD_ACCESSORY,Z Flip7 SMAPP Case Clear Magnet Case,-,STANDARD_PAYMENT,1290.0,903.0,0,0,0,387.0,-,-,2026-08-03,2026-09-06,ACTIVE,Pro Tablet Acc samsung 3Aug2026.xlsx,รายการสินค้าที่ลด 50-70%,188,"{""pn"": ""A"", ""rrp"": ""E"", ""rate"": ""F"", ""netPrice"": ""G""}",EXACT_PN,WARNING,-
ACC-OK-R189,GP-FPF766PGBTW,STANDARD_ACCESSORY,Z Flip7 SMAPP Case Capella,-,STANDARD_PAYMENT,2190.0,1533.0,0,0,0,657.0,-,-,2026-08-03,2026-09-06,ACTIVE,Pro Tablet Acc samsung 3Aug2026.xlsx,รายการสินค้าที่ลด 50-70%,189,"{""pn"": ""A"", ""rrp"": ""E"", ""rate"": ""F"", ""netPrice"": ""G""}",EXACT_PN,WARNING,-
ACC-OK-R190,GP-FPF766PGABW,STANDARD_ACCESSORY,Z Flip7 SMAPP Case ThinFit,-,STANDARD_PAYMENT,2190.0,1533.0,0,0,0,657.0,-,-,2026-08-03,2026-09-06,ACTIVE,Pro Tablet Acc samsung 3Aug2026.xlsx,รายการสินค้าที่ลด 50-70%,190,"{""pn"": ""A"", ""rrp"": ""E"", ""rate"": ""F"", ""netPrice"": ""G""}",EXACT_PN,WARNING,-
ACC-OK-R191,GP-FPF766HIBYW,STANDARD_ACCESSORY,Z Flip7 SMAPP Case Flipsuit Case with Card Esther Bunny Ribbon,-,STANDARD_PAYMENT,1190.0,833.0,0,0,0,357.0,-,-,2026-08-03,2026-09-06,ACTIVE,Pro Tablet Acc samsung 3Aug2026.xlsx,รายการสินค้าที่ลด 50-70%,191,"{""pn"": ""A"", ""rrp"": ""E"", ""rate"": ""F"", ""netPrice"": ""G""}",EXACT_PN,WARNING,-
ACC-OK-R192,GP-FPF766HICWW,STANDARD_ACCESSORY,Z Flip7 SMAPP Case Flipsuit Case with Card Joguman Rain,-,STANDARD_PAYMENT,1190.0,833.0,0,0,0,357.0,-,-,2026-08-03,2026-09-06,ACTIVE,Pro Tablet Acc samsung 3Aug2026.xlsx,รายการสินค้าที่ลด 50-70%,192,"{""pn"": ""A"", ""rrp"": ""E"", ""rate"": ""F"", ""netPrice"": ""G""}",EXACT_PN,WARNING,-
ACC-OK-R193,GP-FPF766HIDJW,STANDARD_ACCESSORY,Z Flip7 SMAPP Case Flipsuit Case with Card Ilyamilstein Daily Life,-,STANDARD_PAYMENT,1190.0,833.0,0,0,0,357.0,-,-,2026-08-03,2026-09-06,ACTIVE,Pro Tablet Acc samsung 3Aug2026.xlsx,รายการสินค้าที่ลด 50-70%,193,"{""pn"": ""A"", ""rrp"": ""E"", ""rate"": ""F"", ""netPrice"": ""G""}",EXACT_PN,WARNING,-
ACC-OK-R194,EF-XF966SBEGWW,STANDARD_ACCESSORY,Z Fold7 Case Carbon Shield Case,-,STANDARD_PAYMENT,2190.0,1533.0,0,0,0,657.0,-,-,2026-08-03,2026-09-06,ACTIVE,Pro Tablet Acc samsung 3Aug2026.xlsx,รายการสินค้าที่ลด 50-70%,194,"{""pn"": ""A"", ""rrp"": ""E"", ""rate"": ""F"", ""netPrice"": ""G""}",EXACT_PN,WARNING,-
ACC-OK-R195,EF-MF966CBEGWW,STANDARD_ACCESSORY,Z Fold7 Case Silicone Case,-,STANDARD_PAYMENT,1790.0,1253.0,0,0,0,537.0,-,-,2026-08-03,2026-09-06,ACTIVE,Pro Tablet Acc samsung 3Aug2026.xlsx,รายการสินค้าที่ลด 50-70%,195,"{""pn"": ""A"", ""rrp"": ""E"", ""rate"": ""F"", ""netPrice"": ""G""}",EXACT_PN,WARNING,-
ACC-OK-R196,EF-MF966CNEGWW,STANDARD_ACCESSORY,Z Fold7 Case Silicone Case,-,STANDARD_PAYMENT,1790.0,1253.0,0,0,0,537.0,-,-,2026-08-03,2026-09-06,ACTIVE,Pro Tablet Acc samsung 3Aug2026.xlsx,รายการสินค้าที่ลด 50-70%,196,"{""pn"": ""A"", ""rrp"": ""E"", ""rate"": ""F"", ""netPrice"": ""G""}",EXACT_PN,WARNING,-
ACC-OK-R197,EF-MF966CJEGWW,STANDARD_ACCESSORY,Z Fold7 Case Silicone Case,-,STANDARD_PAYMENT,1790.0,1253.0,0,0,0,537.0,-,-,2026-08-03,2026-09-06,ACTIVE,Pro Tablet Acc samsung 3Aug2026.xlsx,รายการสินค้าที่ลด 50-70%,197,"{""pn"": ""A"", ""rrp"": ""E"", ""rate"": ""F"", ""netPrice"": ""G""}",EXACT_PN,WARNING,-
ACC-OK-R198,EF-MF966CMEGWW,STANDARD_ACCESSORY,Z Fold7 Case Silicone Case,-,STANDARD_PAYMENT,1790.0,1253.0,0,0,0,537.0,-,-,2026-08-03,2026-09-06,ACTIVE,Pro Tablet Acc samsung 3Aug2026.xlsx,รายการสินค้าที่ลด 50-70%,198,"{""pn"": ""A"", ""rrp"": ""E"", ""rate"": ""F"", ""netPrice"": ""G""}",EXACT_PN,WARNING,-
ACC-OK-R199,EF-QF966CTEGWW,STANDARD_ACCESSORY,Z Fold7 Case Clear Grip Case,-,STANDARD_PAYMENT,1190.0,833.0,0,0,0,357.0,-,-,2026-08-03,2026-09-06,ACTIVE,Pro Tablet Acc samsung 3Aug2026.xlsx,รายการสินค้าที่ลด 50-70%,199,"{""pn"": ""A"", ""rrp"": ""E"", ""rate"": ""F"", ""netPrice"": ""G""}",EXACT_PN,WARNING,-
ACC-OK-R200,EF-AF966CTEGWW,STANDARD_ACCESSORY,Z Fold7 Case Clear Case,-,STANDARD_PAYMENT,890.0,623.0,0,0,0,267.0,-,-,2026-08-03,2026-09-06,ACTIVE,Pro Tablet Acc samsung 3Aug2026.xlsx,รายการสินค้าที่ลด 50-70%,200,"{""pn"": ""A"", ""rrp"": ""E"", ""rate"": ""F"", ""netPrice"": ""G""}",EXACT_PN,WARNING,-
ACC-OK-R201,EF-UF966CTEGWW,STANDARD_ACCESSORY,Z Fold7 Case Anti-reflecting Film,-,STANDARD_PAYMENT,590.0,413.0,0,0,0,177.0,-,-,2026-08-03,2026-09-06,ACTIVE,Pro Tablet Acc samsung 3Aug2026.xlsx,รายการสินค้าที่ลด 50-70%,201,"{""pn"": ""A"", ""rrp"": ""E"", ""rate"": ""F"", ""netPrice"": ""G""}",EXACT_PN,WARNING,-
ACC-OK-R202,GP-FFF966YCATW,STANDARD_ACCESSORY,Z Fold7 SMAPP Case Clear Magnet Case,-,STANDARD_PAYMENT,1290.0,903.0,0,0,0,387.0,-,-,2026-08-03,2026-09-06,ACTIVE,Pro Tablet Acc samsung 3Aug2026.xlsx,รายการสินค้าที่ลด 50-70%,202,"{""pn"": ""A"", ""rrp"": ""E"", ""rate"": ""F"", ""netPrice"": ""G""}",EXACT_PN,WARNING,-
ACC-OK-R203,GP-FPF966PGBTW,STANDARD_ACCESSORY,Z Fold7 SMAPP Case Capella,-,STANDARD_PAYMENT,2190.0,1533.0,0,0,0,657.0,-,-,2026-08-03,2026-09-06,ACTIVE,Pro Tablet Acc samsung 3Aug2026.xlsx,รายการสินค้าที่ลด 50-70%,203,"{""pn"": ""A"", ""rrp"": ""E"", ""rate"": ""F"", ""netPrice"": ""G""}",EXACT_PN,WARNING,-
ACC-OK-R204,GP-FPF966PGABW,STANDARD_ACCESSORY,Z Fold7 SMAPP Case ThinFit,-,STANDARD_PAYMENT,2190.0,1533.0,0,0,0,657.0,-,-,2026-08-03,2026-09-06,ACTIVE,Pro Tablet Acc samsung 3Aug2026.xlsx,รายการสินค้าที่ลด 50-70%,204,"{""pn"": ""A"", ""rrp"": ""E"", ""rate"": ""F"", ""netPrice"": ""G""}",EXACT_PN,WARNING,-
ACC-OK-R205,EF-GS731CBEGWW,STANDARD_ACCESSORY,S25 FE Standing Grip Case,-,STANDARD_PAYMENT,1290.0,903.0,0,0,0,387.0,-,-,2026-08-03,2026-09-06,ACTIVE,Pro Tablet Acc samsung 3Aug2026.xlsx,รายการสินค้าที่ลด 50-70%,205,"{""pn"": ""A"", ""rrp"": ""E"", ""rate"": ""F"", ""netPrice"": ""G""}",EXACT_PN,WARNING,-
ACC-OK-R206,EF-GS731CWEGWW,STANDARD_ACCESSORY,S25 FE Standing Grip Case,-,STANDARD_PAYMENT,1290.0,903.0,0,0,0,387.0,-,-,2026-08-03,2026-09-06,ACTIVE,Pro Tablet Acc samsung 3Aug2026.xlsx,รายการสินค้าที่ลด 50-70%,206,"{""pn"": ""A"", ""rrp"": ""E"", ""rate"": ""F"", ""netPrice"": ""G""}",EXACT_PN,WARNING,-
ACC-OK-R207,EF-GS731CLEGWW,STANDARD_ACCESSORY,S25 FE Standing Grip Case,-,STANDARD_PAYMENT,1290.0,903.0,0,0,0,387.0,-,-,2026-08-03,2026-09-06,ACTIVE,Pro Tablet Acc samsung 3Aug2026.xlsx,รายการสินค้าที่ลด 50-70%,207,"{""pn"": ""A"", ""rrp"": ""E"", ""rate"": ""F"", ""netPrice"": ""G""}",EXACT_PN,WARNING,-
ACC-OK-R208,EF-GS731CNEGWW,STANDARD_ACCESSORY,S25 FE Standing Grip Case,-,STANDARD_PAYMENT,1290.0,903.0,0,0,0,387.0,-,-,2026-08-03,2026-09-06,ACTIVE,Pro Tablet Acc samsung 3Aug2026.xlsx,รายการสินค้าที่ลด 50-70%,208,"{""pn"": ""A"", ""rrp"": ""E"", ""rate"": ""F"", ""netPrice"": ""G""}",EXACT_PN,WARNING,-
ACC-OK-R209,EF-PS731CBEGWW,STANDARD_ACCESSORY,S25 FE Silicone Case,-,STANDARD_PAYMENT,790.0,553.0,0,0,0,237.0,-,-,2026-08-03,2026-09-06,ACTIVE,Pro Tablet Acc samsung 3Aug2026.xlsx,รายการสินค้าที่ลด 50-70%,209,"{""pn"": ""A"", ""rrp"": ""E"", ""rate"": ""F"", ""netPrice"": ""G""}",EXACT_PN,WARNING,-
ACC-OK-R210,EF-PS731CWEGWW,STANDARD_ACCESSORY,S25 FE Silicone Case,-,STANDARD_PAYMENT,790.0,553.0,0,0,0,237.0,-,-,2026-08-03,2026-09-06,ACTIVE,Pro Tablet Acc samsung 3Aug2026.xlsx,รายการสินค้าที่ลด 50-70%,210,"{""pn"": ""A"", ""rrp"": ""E"", ""rate"": ""F"", ""netPrice"": ""G""}",EXACT_PN,WARNING,-
ACC-OK-R211,EF-PS731CLEGWW,STANDARD_ACCESSORY,S25 FE Silicone Case,-,STANDARD_PAYMENT,790.0,553.0,0,0,0,237.0,-,-,2026-08-03,2026-09-06,ACTIVE,Pro Tablet Acc samsung 3Aug2026.xlsx,รายการสินค้าที่ลด 50-70%,211,"{""pn"": ""A"", ""rrp"": ""E"", ""rate"": ""F"", ""netPrice"": ""G""}",EXACT_PN,WARNING,-
ACC-OK-R212,EF-PS731CNEGWW,STANDARD_ACCESSORY,S25 FE Silicone Case,-,STANDARD_PAYMENT,790.0,553.0,0,0,0,237.0,-,-,2026-08-03,2026-09-06,ACTIVE,Pro Tablet Acc samsung 3Aug2026.xlsx,รายการสินค้าที่ลด 50-70%,212,"{""pn"": ""A"", ""rrp"": ""E"", ""rate"": ""F"", ""netPrice"": ""G""}",EXACT_PN,WARNING,-
ACC-OK-R213,EF-PS731CMEGWW,STANDARD_ACCESSORY,S25 FE Silicone Case,-,STANDARD_PAYMENT,790.0,553.0,0,0,0,237.0,-,-,2026-08-03,2026-09-06,ACTIVE,Pro Tablet Acc samsung 3Aug2026.xlsx,รายการสินค้าที่ลด 50-70%,213,"{""pn"": ""A"", ""rrp"": ""E"", ""rate"": ""F"", ""netPrice"": ""G""}",EXACT_PN,WARNING,-
ACC-OK-R214,EF-VS731PBEGWW,STANDARD_ACCESSORY,S25 FE Kindsuit Case,-,STANDARD_PAYMENT,1290.0,903.0,0,0,0,387.0,-,-,2026-08-03,2026-09-06,ACTIVE,Pro Tablet Acc samsung 3Aug2026.xlsx,รายการสินค้าที่ลด 50-70%,214,"{""pn"": ""A"", ""rrp"": ""E"", ""rate"": ""F"", ""netPrice"": ""G""}",EXACT_PN,WARNING,-
ACC-OK-R215,EF-VS731PNEGWW,STANDARD_ACCESSORY,S25 FE Kindsuit Case,-,STANDARD_PAYMENT,1290.0,903.0,0,0,0,387.0,-,-,2026-08-03,2026-09-06,ACTIVE,Pro Tablet Acc samsung 3Aug2026.xlsx,รายการสินค้าที่ลด 50-70%,215,"{""pn"": ""A"", ""rrp"": ""E"", ""rate"": ""F"", ""netPrice"": ""G""}",EXACT_PN,WARNING,-
ACC-OK-R216,EF-VS731PAEGWW,STANDARD_ACCESSORY,S25 FE Kindsuit Case,-,STANDARD_PAYMENT,1290.0,903.0,0,0,0,387.0,-,-,2026-08-03,2026-09-06,ACTIVE,Pro Tablet Acc samsung 3Aug2026.xlsx,รายการสินค้าที่ลด 50-70%,216,"{""pn"": ""A"", ""rrp"": ""E"", ""rate"": ""F"", ""netPrice"": ""G""}",EXACT_PN,WARNING,-
ACC-OK-R217,EF-QS731CTEGWW,STANDARD_ACCESSORY,S25 FE Clear Case,-,STANDARD_PAYMENT,590.0,413.0,0,0,0,177.0,-,-,2026-08-03,2026-09-06,ACTIVE,Pro Tablet Acc samsung 3Aug2026.xlsx,รายการสินค้าที่ลด 50-70%,217,"{""pn"": ""A"", ""rrp"": ""E"", ""rate"": ""F"", ""netPrice"": ""G""}",EXACT_PN,WARNING,-
ACC-OK-R218,EF-US731CTEGWW,STANDARD_ACCESSORY,S25 FE Anti-reflecting Film,-,STANDARD_PAYMENT,590.0,413.0,0,0,0,177.0,-,-,2026-08-03,2026-09-06,ACTIVE,Pro Tablet Acc samsung 3Aug2026.xlsx,รายการสินค้าที่ลด 50-70%,218,"{""pn"": ""A"", ""rrp"": ""E"", ""rate"": ""F"", ""netPrice"": ""G""}",EXACT_PN,WARNING,-
ACC-OK-R219,EF-PA576CJEGWW,STANDARD_ACCESSORY,A57 5G Silicone Case,-,STANDARD_PAYMENT,690.0,138.0,0,0,0,552.0,-,-,2026-08-03,2026-09-06,ACTIVE,Pro Tablet Acc samsung 3Aug2026.xlsx,รายการสินค้าที่ลด 50-70%,219,"{""pn"": ""A"", ""rrp"": ""E"", ""rate"": ""F"", ""netPrice"": ""G""}",EXACT_PN,WARNING,-
ACC-OK-R220,EF-PA576CNEGWW,STANDARD_ACCESSORY,A57 5G Silicone Case,-,STANDARD_PAYMENT,690.0,138.0,0,0,0,552.0,-,-,2026-08-03,2026-09-06,ACTIVE,Pro Tablet Acc samsung 3Aug2026.xlsx,รายการสินค้าที่ลด 50-70%,220,"{""pn"": ""A"", ""rrp"": ""E"", ""rate"": ""F"", ""netPrice"": ""G""}",EXACT_PN,WARNING,-
ACC-OK-R221,EF-PA576CVEGWW,STANDARD_ACCESSORY,A57 5G Silicone Case,-,STANDARD_PAYMENT,690.0,138.0,0,0,0,552.0,-,-,2026-08-03,2026-09-06,ACTIVE,Pro Tablet Acc samsung 3Aug2026.xlsx,รายการสินค้าที่ลด 50-70%,221,"{""pn"": ""A"", ""rrp"": ""E"", ""rate"": ""F"", ""netPrice"": ""G""}",EXACT_PN,WARNING,-
ACC-OK-R222,EF-QA576CTEGWW,STANDARD_ACCESSORY,A57 5G Clear Case,-,STANDARD_PAYMENT,490.0,98.0,0,0,0,392.0,-,-,2026-08-03,2026-09-06,ACTIVE,Pro Tablet Acc samsung 3Aug2026.xlsx,รายการสินค้าที่ลด 50-70%,222,"{""pn"": ""A"", ""rrp"": ""E"", ""rate"": ""F"", ""netPrice"": ""G""}",EXACT_PN,WARNING,-
ACC-OK-R223,EF-RA576CBEGWW,STANDARD_ACCESSORY,A57 5G Rugged Case,-,STANDARD_PAYMENT,690.0,138.0,0,0,0,552.0,-,-,2026-08-03,2026-09-06,ACTIVE,Pro Tablet Acc samsung 3Aug2026.xlsx,รายการสินค้าที่ลด 50-70%,223,"{""pn"": ""A"", ""rrp"": ""E"", ""rate"": ""F"", ""netPrice"": ""G""}",EXACT_PN,WARNING,-
ACC-OK-R224,EF-UA576CTEGWW,STANDARD_ACCESSORY,A57 5G Screen Protector,-,STANDARD_PAYMENT,390.0,78.0,0,0,0,312.0,-,-,2026-08-03,2026-09-06,ACTIVE,Pro Tablet Acc samsung 3Aug2026.xlsx,รายการสินค้าที่ลด 50-70%,224,"{""pn"": ""A"", ""rrp"": ""E"", ""rate"": ""F"", ""netPrice"": ""G""}",EXACT_PN,WARNING,-
ACC-OK-R225,EF-PA376CBEGWW,STANDARD_ACCESSORY,A37 5G Silicone Case,-,STANDARD_PAYMENT,690.0,138.0,0,0,0,552.0,-,-,2026-08-03,2026-09-06,ACTIVE,Pro Tablet Acc samsung 3Aug2026.xlsx,รายการสินค้าที่ลด 50-70%,225,"{""pn"": ""A"", ""rrp"": ""E"", ""rate"": ""F"", ""netPrice"": ""G""}",EXACT_PN,WARNING,-
ACC-OK-R226,EF-PA376CKEGWW,STANDARD_ACCESSORY,A37 5G Silicone Case,-,STANDARD_PAYMENT,690.0,138.0,0,0,0,552.0,-,-,2026-08-03,2026-09-06,ACTIVE,Pro Tablet Acc samsung 3Aug2026.xlsx,รายการสินค้าที่ลด 50-70%,226,"{""pn"": ""A"", ""rrp"": ""E"", ""rate"": ""F"", ""netPrice"": ""G""}",EXACT_PN,WARNING,-
ACC-OK-R227,EF-PA376CVEGWW,STANDARD_ACCESSORY,A37 5G Silicone Case,-,STANDARD_PAYMENT,690.0,138.0,0,0,0,552.0,-,-,2026-08-03,2026-09-06,ACTIVE,Pro Tablet Acc samsung 3Aug2026.xlsx,รายการสินค้าที่ลด 50-70%,227,"{""pn"": ""A"", ""rrp"": ""E"", ""rate"": ""F"", ""netPrice"": ""G""}",EXACT_PN,WARNING,-
ACC-OK-R228,EF-QA376CTEGWW,STANDARD_ACCESSORY,A37 5G Clear Case,-,STANDARD_PAYMENT,490.0,98.0,0,0,0,392.0,-,-,2026-08-03,2026-09-06,ACTIVE,Pro Tablet Acc samsung 3Aug2026.xlsx,รายการสินค้าที่ลด 50-70%,228,"{""pn"": ""A"", ""rrp"": ""E"", ""rate"": ""F"", ""netPrice"": ""G""}",EXACT_PN,WARNING,-
ACC-OK-R229,EF-RA376CBEGWW,STANDARD_ACCESSORY,A37 5G Rugged Case,-,STANDARD_PAYMENT,690.0,138.0,0,0,0,552.0,-,-,2026-08-03,2026-09-06,ACTIVE,Pro Tablet Acc samsung 3Aug2026.xlsx,รายการสินค้าที่ลด 50-70%,229,"{""pn"": ""A"", ""rrp"": ""E"", ""rate"": ""F"", ""netPrice"": ""G""}",EXACT_PN,WARNING,-
ACC-OK-R230,EF-KS942SNEGWW,STANDARD_ACCESSORY,S26 Case Carbon Magnet Case,-,STANDARD_PAYMENT,2190.0,438.0,0,0,0,1752.0,-,-,2026-08-03,2026-09-06,ACTIVE,Pro Tablet Acc samsung 3Aug2026.xlsx,รายการสินค้าที่ลด 50-70%,230,"{""pn"": ""A"", ""rrp"": ""E"", ""rate"": ""F"", ""netPrice"": ""G""}",EXACT_PN,WARNING,-
ACC-OK-R231,EF-KS942SCEGWW,STANDARD_ACCESSORY,S26 Case Carbon Magnet Case,-,STANDARD_PAYMENT,2190.0,438.0,0,0,0,1752.0,-,-,2026-08-03,2026-09-06,ACTIVE,Pro Tablet Acc samsung 3Aug2026.xlsx,รายการสินค้าที่ลด 50-70%,231,"{""pn"": ""A"", ""rrp"": ""E"", ""rate"": ""F"", ""netPrice"": ""G""}",EXACT_PN,WARNING,-
ACC-OK-R232,EF-KS942SSEGWW,STANDARD_ACCESSORY,S26 Case Carbon Magnet Case,-,STANDARD_PAYMENT,2190.0,438.0,0,0,0,1752.0,-,-,2026-08-03,2026-09-06,ACTIVE,Pro Tablet Acc samsung 3Aug2026.xlsx,รายการสินค้าที่ลด 50-70%,232,"{""pn"": ""A"", ""rrp"": ""E"", ""rate"": ""F"", ""netPrice"": ""G""}",EXACT_PN,WARNING,-
ACC-OK-R233,EF-KS942SREGWW,STANDARD_ACCESSORY,S26 Case Carbon Magnet Case,-,STANDARD_PAYMENT,2190.0,438.0,0,0,0,1752.0,-,-,2026-08-03,2026-09-06,ACTIVE,Pro Tablet Acc samsung 3Aug2026.xlsx,รายการสินค้าที่ลด 50-70%,233,"{""pn"": ""A"", ""rrp"": ""E"", ""rate"": ""F"", ""netPrice"": ""G""}",EXACT_PN,WARNING,-
ACC-OK-R234,EF-KS947SNEGWW,STANDARD_ACCESSORY,S26+ Case Carbon Magnet Case,-,STANDARD_PAYMENT,2190.0,438.0,0,0,0,1752.0,-,-,2026-08-03,2026-09-06,ACTIVE,Pro Tablet Acc samsung 3Aug2026.xlsx,รายการสินค้าที่ลด 50-70%,234,"{""pn"": ""A"", ""rrp"": ""E"", ""rate"": ""F"", ""netPrice"": ""G""}",EXACT_PN,WARNING,-
ACC-OK-R235,EF-KS947SCEGWW,STANDARD_ACCESSORY,S26+ Case Carbon Magnet Case,-,STANDARD_PAYMENT,2190.0,438.0,0,0,0,1752.0,-,-,2026-08-03,2026-09-06,ACTIVE,Pro Tablet Acc samsung 3Aug2026.xlsx,รายการสินค้าที่ลด 50-70%,235,"{""pn"": ""A"", ""rrp"": ""E"", ""rate"": ""F"", ""netPrice"": ""G""}",EXACT_PN,WARNING,-
ACC-OK-R236,EF-KS947SSEGWW,STANDARD_ACCESSORY,S26+ Case Carbon Magnet Case,-,STANDARD_PAYMENT,2190.0,438.0,0,0,0,1752.0,-,-,2026-08-03,2026-09-06,ACTIVE,Pro Tablet Acc samsung 3Aug2026.xlsx,รายการสินค้าที่ลด 50-70%,236,"{""pn"": ""A"", ""rrp"": ""E"", ""rate"": ""F"", ""netPrice"": ""G""}",EXACT_PN,WARNING,-
ACC-OK-R237,EF-KS947SREGWW,STANDARD_ACCESSORY,S26+ Case Carbon Magnet Case,-,STANDARD_PAYMENT,2190.0,438.0,0,0,0,1752.0,-,-,2026-08-03,2026-09-06,ACTIVE,Pro Tablet Acc samsung 3Aug2026.xlsx,รายการสินค้าที่ลด 50-70%,237,"{""pn"": ""A"", ""rrp"": ""E"", ""rate"": ""F"", ""netPrice"": ""G""}",EXACT_PN,WARNING,-
ACC-OK-R238,EF-KS948SNEGWW,STANDARD_ACCESSORY,S26 Ultra Case Carbon Magnet Case,-,STANDARD_PAYMENT,2190.0,438.0,0,0,0,1752.0,-,-,2026-08-03,2026-09-06,ACTIVE,Pro Tablet Acc samsung 3Aug2026.xlsx,รายการสินค้าที่ลด 50-70%,238,"{""pn"": ""A"", ""rrp"": ""E"", ""rate"": ""F"", ""netPrice"": ""G""}",EXACT_PN,WARNING,-
ACC-OK-R239,EF-KS948SCEGWW,STANDARD_ACCESSORY,S26 Ultra Case Carbon Magnet Case,-,STANDARD_PAYMENT,2190.0,438.0,0,0,0,1752.0,-,-,2026-08-03,2026-09-06,ACTIVE,Pro Tablet Acc samsung 3Aug2026.xlsx,รายการสินค้าที่ลด 50-70%,239,"{""pn"": ""A"", ""rrp"": ""E"", ""rate"": ""F"", ""netPrice"": ""G""}",EXACT_PN,WARNING,-
ACC-OK-R240,EF-KS948SSEGWW,STANDARD_ACCESSORY,S26 Ultra Case Carbon Magnet Case,-,STANDARD_PAYMENT,2190.0,438.0,0,0,0,1752.0,-,-,2026-08-03,2026-09-06,ACTIVE,Pro Tablet Acc samsung 3Aug2026.xlsx,รายการสินค้าที่ลด 50-70%,240,"{""pn"": ""A"", ""rrp"": ""E"", ""rate"": ""F"", ""netPrice"": ""G""}",EXACT_PN,WARNING,-
ACC-OK-R241,EF-KS948SREGWW,STANDARD_ACCESSORY,S26 Ultra Case Carbon Magnet Case,-,STANDARD_PAYMENT,2190.0,438.0,0,0,0,1752.0,-,-,2026-08-03,2026-09-06,ACTIVE,Pro Tablet Acc samsung 3Aug2026.xlsx,รายการสินค้าที่ลด 50-70%,241,"{""pn"": ""A"", ""rrp"": ""E"", ""rate"": ""F"", ""netPrice"": ""G""}",EXACT_PN,WARNING,-
ACC-OK-R242,EF-SS942CBEGWW,STANDARD_ACCESSORY,S26 Case Silm Magnet Case,-,STANDARD_PAYMENT,1590.0,318.0,0,0,0,1272.0,-,-,2026-08-03,2026-09-06,ACTIVE,Pro Tablet Acc samsung 3Aug2026.xlsx,รายการสินค้าที่ลด 50-70%,242,"{""pn"": ""A"", ""rrp"": ""E"", ""rate"": ""F"", ""netPrice"": ""G""}",EXACT_PN,WARNING,-
ACC-OK-R243,EF-SS942CVEGWW,STANDARD_ACCESSORY,S26 Case Silm Magnet Case,-,STANDARD_PAYMENT,1590.0,318.0,0,0,0,1272.0,-,-,2026-08-03,2026-09-06,ACTIVE,Pro Tablet Acc samsung 3Aug2026.xlsx,รายการสินค้าที่ลด 50-70%,243,"{""pn"": ""A"", ""rrp"": ""E"", ""rate"": ""F"", ""netPrice"": ""G""}",EXACT_PN,WARNING,-
ACC-OK-R244,EF-SS942CLEGWW,STANDARD_ACCESSORY,S26 Case Silm Magnet Case,-,STANDARD_PAYMENT,1590.0,318.0,0,0,0,1272.0,-,-,2026-08-03,2026-09-06,ACTIVE,Pro Tablet Acc samsung 3Aug2026.xlsx,รายการสินค้าที่ลด 50-70%,244,"{""pn"": ""A"", ""rrp"": ""E"", ""rate"": ""F"", ""netPrice"": ""G""}",EXACT_PN,WARNING,-
ACC-OK-R245,EF-SS942CJEGWW,STANDARD_ACCESSORY,S26 Case Silm Magnet Case,-,STANDARD_PAYMENT,1590.0,318.0,0,0,0,1272.0,-,-,2026-08-03,2026-09-06,ACTIVE,Pro Tablet Acc samsung 3Aug2026.xlsx,รายการสินค้าที่ลด 50-70%,245,"{""pn"": ""A"", ""rrp"": ""E"", ""rate"": ""F"", ""netPrice"": ""G""}",EXACT_PN,WARNING,-
ACC-OK-R246,EF-SS947CBEGWW,STANDARD_ACCESSORY,S26+ Case Silm Magnet Case,-,STANDARD_PAYMENT,1590.0,318.0,0,0,0,1272.0,-,-,2026-08-03,2026-09-06,ACTIVE,Pro Tablet Acc samsung 3Aug2026.xlsx,รายการสินค้าที่ลด 50-70%,246,"{""pn"": ""A"", ""rrp"": ""E"", ""rate"": ""F"", ""netPrice"": ""G""}",EXACT_PN,WARNING,-
ACC-OK-R247,EF-SS947CVEGWW,STANDARD_ACCESSORY,S26+ Case Silm Magnet Case,-,STANDARD_PAYMENT,1590.0,318.0,0,0,0,1272.0,-,-,2026-08-03,2026-09-06,ACTIVE,Pro Tablet Acc samsung 3Aug2026.xlsx,รายการสินค้าที่ลด 50-70%,247,"{""pn"": ""A"", ""rrp"": ""E"", ""rate"": ""F"", ""netPrice"": ""G""}",EXACT_PN,WARNING,-
ACC-OK-R248,EF-SS947CLEGWW,STANDARD_ACCESSORY,S26+ Case Silm Magnet Case,-,STANDARD_PAYMENT,1590.0,318.0,0,0,0,1272.0,-,-,2026-08-03,2026-09-06,ACTIVE,Pro Tablet Acc samsung 3Aug2026.xlsx,รายการสินค้าที่ลด 50-70%,248,"{""pn"": ""A"", ""rrp"": ""E"", ""rate"": ""F"", ""netPrice"": ""G""}",EXACT_PN,WARNING,-
ACC-OK-R249,EF-SS947CJEGWW,STANDARD_ACCESSORY,S26+ Case Silm Magnet Case,-,STANDARD_PAYMENT,1590.0,318.0,0,0,0,1272.0,-,-,2026-08-03,2026-09-06,ACTIVE,Pro Tablet Acc samsung 3Aug2026.xlsx,รายการสินค้าที่ลด 50-70%,249,"{""pn"": ""A"", ""rrp"": ""E"", ""rate"": ""F"", ""netPrice"": ""G""}",EXACT_PN,WARNING,-
ACC-OK-R250,EF-SS948CBEGWW,STANDARD_ACCESSORY,S26 Ultra Case Silm Magnet Case,-,STANDARD_PAYMENT,1590.0,318.0,0,0,0,1272.0,-,-,2026-08-03,2026-09-06,ACTIVE,Pro Tablet Acc samsung 3Aug2026.xlsx,รายการสินค้าที่ลด 50-70%,250,"{""pn"": ""A"", ""rrp"": ""E"", ""rate"": ""F"", ""netPrice"": ""G""}",EXACT_PN,WARNING,-
ACC-OK-R251,EF-SS948CVEGWW,STANDARD_ACCESSORY,S26 Ultra Case Silm Magnet Case,-,STANDARD_PAYMENT,1590.0,318.0,0,0,0,1272.0,-,-,2026-08-03,2026-09-06,ACTIVE,Pro Tablet Acc samsung 3Aug2026.xlsx,รายการสินค้าที่ลด 50-70%,251,"{""pn"": ""A"", ""rrp"": ""E"", ""rate"": ""F"", ""netPrice"": ""G""}",EXACT_PN,WARNING,-
ACC-OK-R252,EF-SS948CLEGWW,STANDARD_ACCESSORY,S26 Ultra Case Silm Magnet Case,-,STANDARD_PAYMENT,1590.0,318.0,0,0,0,1272.0,-,-,2026-08-03,2026-09-06,ACTIVE,Pro Tablet Acc samsung 3Aug2026.xlsx,รายการสินค้าที่ลด 50-70%,252,"{""pn"": ""A"", ""rrp"": ""E"", ""rate"": ""F"", ""netPrice"": ""G""}",EXACT_PN,WARNING,-
ACC-OK-R253,EF-SS948CJEGWW,STANDARD_ACCESSORY,S26 Ultra Case Silm Magnet Case,-,STANDARD_PAYMENT,1590.0,318.0,0,0,0,1272.0,-,-,2026-08-03,2026-09-06,ACTIVE,Pro Tablet Acc samsung 3Aug2026.xlsx,รายการสินค้าที่ลด 50-70%,253,"{""pn"": ""A"", ""rrp"": ""E"", ""rate"": ""F"", ""netPrice"": ""G""}",EXACT_PN,WARNING,-
ACC-OK-R254,EF-ES942CBEGWW,STANDARD_ACCESSORY,S26 Case Silicone Magnet Case,-,STANDARD_PAYMENT,1290.0,258.0,0,0,0,1032.0,-,-,2026-08-03,2026-09-06,ACTIVE,Pro Tablet Acc samsung 3Aug2026.xlsx,รายการสินค้าที่ลด 50-70%,254,"{""pn"": ""A"", ""rrp"": ""E"", ""rate"": ""F"", ""netPrice"": ""G""}",EXACT_PN,WARNING,-
ACC-OK-R255,EF-ES942CWEGWW,STANDARD_ACCESSORY,S26 Case Silicone Magnet Case,-,STANDARD_PAYMENT,1290.0,258.0,0,0,0,1032.0,-,-,2026-08-03,2026-09-06,ACTIVE,Pro Tablet Acc samsung 3Aug2026.xlsx,รายการสินค้าที่ลด 50-70%,255,"{""pn"": ""A"", ""rrp"": ""E"", ""rate"": ""F"", ""netPrice"": ""G""}",EXACT_PN,WARNING,-
ACC-OK-R256,EF-ES942CVEGWW,STANDARD_ACCESSORY,S26 Case Silicone Magnet Case,-,STANDARD_PAYMENT,1290.0,258.0,0,0,0,1032.0,-,-,2026-08-03,2026-09-06,ACTIVE,Pro Tablet Acc samsung 3Aug2026.xlsx,รายการสินค้าที่ลด 50-70%,256,"{""pn"": ""A"", ""rrp"": ""E"", ""rate"": ""F"", ""netPrice"": ""G""}",EXACT_PN,WARNING,-
ACC-OK-R257,EF-ES942CLEGWW,STANDARD_ACCESSORY,S26 Case Silicone Magnet Case,-,STANDARD_PAYMENT,1290.0,258.0,0,0,0,1032.0,-,-,2026-08-03,2026-09-06,ACTIVE,Pro Tablet Acc samsung 3Aug2026.xlsx,รายการสินค้าที่ลด 50-70%,257,"{""pn"": ""A"", ""rrp"": ""E"", ""rate"": ""F"", ""netPrice"": ""G""}",EXACT_PN,WARNING,-
ACC-OK-R258,EF-ES942CJEGWW,STANDARD_ACCESSORY,S26 Case Silicone Magnet Case,-,STANDARD_PAYMENT,1290.0,258.0,0,0,0,1032.0,-,-,2026-08-03,2026-09-06,ACTIVE,Pro Tablet Acc samsung 3Aug2026.xlsx,รายการสินค้าที่ลด 50-70%,258,"{""pn"": ""A"", ""rrp"": ""E"", ""rate"": ""F"", ""netPrice"": ""G""}",EXACT_PN,WARNING,-
ACC-OK-R259,EF-ES942COEGWW,STANDARD_ACCESSORY,S26 Case Silicone Magnet Case,-,STANDARD_PAYMENT,1290.0,258.0,0,0,0,1032.0,-,-,2026-08-03,2026-09-06,ACTIVE,Pro Tablet Acc samsung 3Aug2026.xlsx,รายการสินค้าที่ลด 50-70%,259,"{""pn"": ""A"", ""rrp"": ""E"", ""rate"": ""F"", ""netPrice"": ""G""}",EXACT_PN,WARNING,-
ACC-OK-R260,EF-ES947CBEGWW,STANDARD_ACCESSORY,S26+ Case Silicone Magnet Case,-,STANDARD_PAYMENT,1290.0,258.0,0,0,0,1032.0,-,-,2026-08-03,2026-09-06,ACTIVE,Pro Tablet Acc samsung 3Aug2026.xlsx,รายการสินค้าที่ลด 50-70%,260,"{""pn"": ""A"", ""rrp"": ""E"", ""rate"": ""F"", ""netPrice"": ""G""}",EXACT_PN,WARNING,-
ACC-OK-R261,EF-ES947CWEGWW,STANDARD_ACCESSORY,S26+ Case Silicone Magnet Case,-,STANDARD_PAYMENT,1290.0,258.0,0,0,0,1032.0,-,-,2026-08-03,2026-09-06,ACTIVE,Pro Tablet Acc samsung 3Aug2026.xlsx,รายการสินค้าที่ลด 50-70%,261,"{""pn"": ""A"", ""rrp"": ""E"", ""rate"": ""F"", ""netPrice"": ""G""}",EXACT_PN,WARNING,-
ACC-OK-R262,EF-ES947CVEGWW,STANDARD_ACCESSORY,S26+ Case Silicone Magnet Case,-,STANDARD_PAYMENT,1290.0,258.0,0,0,0,1032.0,-,-,2026-08-03,2026-09-06,ACTIVE,Pro Tablet Acc samsung 3Aug2026.xlsx,รายการสินค้าที่ลด 50-70%,262,"{""pn"": ""A"", ""rrp"": ""E"", ""rate"": ""F"", ""netPrice"": ""G""}",EXACT_PN,WARNING,-
ACC-OK-R263,EF-ES947CLEGWW,STANDARD_ACCESSORY,S26+ Case Silicone Magnet Case,-,STANDARD_PAYMENT,1290.0,258.0,0,0,0,1032.0,-,-,2026-08-03,2026-09-06,ACTIVE,Pro Tablet Acc samsung 3Aug2026.xlsx,รายการสินค้าที่ลด 50-70%,263,"{""pn"": ""A"", ""rrp"": ""E"", ""rate"": ""F"", ""netPrice"": ""G""}",EXACT_PN,WARNING,-
ACC-OK-R264,EF-ES947CJEGWW,STANDARD_ACCESSORY,S26+ Case Silicone Magnet Case,-,STANDARD_PAYMENT,1290.0,258.0,0,0,0,1032.0,-,-,2026-08-03,2026-09-06,ACTIVE,Pro Tablet Acc samsung 3Aug2026.xlsx,รายการสินค้าที่ลด 50-70%,264,"{""pn"": ""A"", ""rrp"": ""E"", ""rate"": ""F"", ""netPrice"": ""G""}",EXACT_PN,WARNING,-
ACC-OK-R265,EF-ES947COEGWW,STANDARD_ACCESSORY,S26+ Case Silicone Magnet Case,-,STANDARD_PAYMENT,1290.0,258.0,0,0,0,1032.0,-,-,2026-08-03,2026-09-06,ACTIVE,Pro Tablet Acc samsung 3Aug2026.xlsx,รายการสินค้าที่ลด 50-70%,265,"{""pn"": ""A"", ""rrp"": ""E"", ""rate"": ""F"", ""netPrice"": ""G""}",EXACT_PN,WARNING,-
ACC-OK-R266,EF-ES948CBEGWW,STANDARD_ACCESSORY,S26 Ultra Case Silicone Magnet Case,-,STANDARD_PAYMENT,1290.0,258.0,0,0,0,1032.0,-,-,2026-08-03,2026-09-06,ACTIVE,Pro Tablet Acc samsung 3Aug2026.xlsx,รายการสินค้าที่ลด 50-70%,266,"{""pn"": ""A"", ""rrp"": ""E"", ""rate"": ""F"", ""netPrice"": ""G""}",EXACT_PN,WARNING,-
ACC-OK-R267,EF-ES948CWEGWW,STANDARD_ACCESSORY,S26 Ultra Case Silicone Magnet Case,-,STANDARD_PAYMENT,1290.0,258.0,0,0,0,1032.0,-,-,2026-08-03,2026-09-06,ACTIVE,Pro Tablet Acc samsung 3Aug2026.xlsx,รายการสินค้าที่ลด 50-70%,267,"{""pn"": ""A"", ""rrp"": ""E"", ""rate"": ""F"", ""netPrice"": ""G""}",EXACT_PN,WARNING,-
ACC-OK-R268,EF-ES948CVEGWW,STANDARD_ACCESSORY,S26 Ultra Case Silicone Magnet Case,-,STANDARD_PAYMENT,1290.0,258.0,0,0,0,1032.0,-,-,2026-08-03,2026-09-06,ACTIVE,Pro Tablet Acc samsung 3Aug2026.xlsx,รายการสินค้าที่ลด 50-70%,268,"{""pn"": ""A"", ""rrp"": ""E"", ""rate"": ""F"", ""netPrice"": ""G""}",EXACT_PN,WARNING,-
ACC-OK-R269,EF-ES948CLEGWW,STANDARD_ACCESSORY,S26 Ultra Case Silicone Magnet Case,-,STANDARD_PAYMENT,1290.0,258.0,0,0,0,1032.0,-,-,2026-08-03,2026-09-06,ACTIVE,Pro Tablet Acc samsung 3Aug2026.xlsx,รายการสินค้าที่ลด 50-70%,269,"{""pn"": ""A"", ""rrp"": ""E"", ""rate"": ""F"", ""netPrice"": ""G""}",EXACT_PN,WARNING,-
ACC-OK-R270,EF-ES948CJEGWW,STANDARD_ACCESSORY,S26 Ultra Case Silicone Magnet Case,-,STANDARD_PAYMENT,1290.0,258.0,0,0,0,1032.0,-,-,2026-08-03,2026-09-06,ACTIVE,Pro Tablet Acc samsung 3Aug2026.xlsx,รายการสินค้าที่ลด 50-70%,270,"{""pn"": ""A"", ""rrp"": ""E"", ""rate"": ""F"", ""netPrice"": ""G""}",EXACT_PN,WARNING,-
ACC-OK-R271,EF-ES948COEGWW,STANDARD_ACCESSORY,S26 Ultra Case Silicone Magnet Case,-,STANDARD_PAYMENT,1290.0,258.0,0,0,0,1032.0,-,-,2026-08-03,2026-09-06,ACTIVE,Pro Tablet Acc samsung 3Aug2026.xlsx,รายการสินค้าที่ลด 50-70%,271,"{""pn"": ""A"", ""rrp"": ""E"", ""rate"": ""F"", ""netPrice"": ""G""}",EXACT_PN,WARNING,-
ACC-OK-R272,EF-CS942CTEGWW,STANDARD_ACCESSORY,S26 Case Clear Magnet Case,-,STANDARD_PAYMENT,1090.0,218.0,0,0,0,872.0,-,-,2026-08-03,2026-09-06,ACTIVE,Pro Tablet Acc samsung 3Aug2026.xlsx,รายการสินค้าที่ลด 50-70%,272,"{""pn"": ""A"", ""rrp"": ""E"", ""rate"": ""F"", ""netPrice"": ""G""}",EXACT_PN,WARNING,-
ACC-OK-R273,EF-CS947CTEGWW,STANDARD_ACCESSORY,S26+ Case Clear Magnet Case,-,STANDARD_PAYMENT,1090.0,218.0,0,0,0,872.0,-,-,2026-08-03,2026-09-06,ACTIVE,Pro Tablet Acc samsung 3Aug2026.xlsx,รายการสินค้าที่ลด 50-70%,273,"{""pn"": ""A"", ""rrp"": ""E"", ""rate"": ""F"", ""netPrice"": ""G""}",EXACT_PN,WARNING,-
ACC-OK-R274,EF-CS948CTEGWW,STANDARD_ACCESSORY,S26 Ultra Case Clear Magnet Case,-,STANDARD_PAYMENT,1090.0,218.0,0,0,0,872.0,-,-,2026-08-03,2026-09-06,ACTIVE,Pro Tablet Acc samsung 3Aug2026.xlsx,รายการสินค้าที่ลด 50-70%,274,"{""pn"": ""A"", ""rrp"": ""E"", ""rate"": ""F"", ""netPrice"": ""G""}",EXACT_PN,WARNING,-
ACC-OK-R275,EF-QS942CTEGWW,STANDARD_ACCESSORY,S26 Case Clear Case,-,STANDARD_PAYMENT,590.0,118.0,0,0,0,472.0,-,-,2026-08-03,2026-09-06,ACTIVE,Pro Tablet Acc samsung 3Aug2026.xlsx,รายการสินค้าที่ลด 50-70%,275,"{""pn"": ""A"", ""rrp"": ""E"", ""rate"": ""F"", ""netPrice"": ""G""}",EXACT_PN,WARNING,-
ACC-OK-R276,EF-QS947CTEGWW,STANDARD_ACCESSORY,S26+ Case Clear Case,-,STANDARD_PAYMENT,590.0,118.0,0,0,0,472.0,-,-,2026-08-03,2026-09-06,ACTIVE,Pro Tablet Acc samsung 3Aug2026.xlsx,รายการสินค้าที่ลด 50-70%,276,"{""pn"": ""A"", ""rrp"": ""E"", ""rate"": ""F"", ""netPrice"": ""G""}",EXACT_PN,WARNING,-
ACC-OK-R277,EF-QS948CTEGWW,STANDARD_ACCESSORY,S26 Ultra Case Clear Case,-,STANDARD_PAYMENT,590.0,118.0,0,0,0,472.0,-,-,2026-08-03,2026-09-06,ACTIVE,Pro Tablet Acc samsung 3Aug2026.xlsx,รายการสินค้าที่ลด 50-70%,277,"{""pn"": ""A"", ""rrp"": ""E"", ""rate"": ""F"", ""netPrice"": ""G""}",EXACT_PN,WARNING,-
ACC-OK-R278,EF-RS942CBEGWW,STANDARD_ACCESSORY,S26 Case Rugged Magnet Case,-,STANDARD_PAYMENT,1790.0,358.0,0,0,0,1432.0,-,-,2026-08-03,2026-09-06,ACTIVE,Pro Tablet Acc samsung 3Aug2026.xlsx,รายการสินค้าที่ลด 50-70%,278,"{""pn"": ""A"", ""rrp"": ""E"", ""rate"": ""F"", ""netPrice"": ""G""}",EXACT_PN,WARNING,-
ACC-OK-R279,EF-RS947CBEGWW,STANDARD_ACCESSORY,S26+ Case Rugged Magnet Case,-,STANDARD_PAYMENT,1790.0,358.0,0,0,0,1432.0,-,-,2026-08-03,2026-09-06,ACTIVE,Pro Tablet Acc samsung 3Aug2026.xlsx,รายการสินค้าที่ลด 50-70%,279,"{""pn"": ""A"", ""rrp"": ""E"", ""rate"": ""F"", ""netPrice"": ""G""}",EXACT_PN,WARNING,-
ACC-OK-R280,EF-RS948CBEGWW,STANDARD_ACCESSORY,S26 Ultra Case Rugged Magnet Case,-,STANDARD_PAYMENT,1790.0,358.0,0,0,0,1432.0,-,-,2026-08-03,2026-09-06,ACTIVE,Pro Tablet Acc samsung 3Aug2026.xlsx,รายการสินค้าที่ลด 50-70%,280,"{""pn"": ""A"", ""rrp"": ""E"", ""rate"": ""F"", ""netPrice"": ""G""}",EXACT_PN,WARNING,-
ACC-OK-R281,EF-US942CTEGWW,STANDARD_ACCESSORY,S26 Case Anti-reflecting Film,-,STANDARD_PAYMENT,590.0,118.0,0,0,0,472.0,-,-,2026-08-03,2026-09-06,ACTIVE,Pro Tablet Acc samsung 3Aug2026.xlsx,รายการสินค้าที่ลด 50-70%,281,"{""pn"": ""A"", ""rrp"": ""E"", ""rate"": ""F"", ""netPrice"": ""G""}",EXACT_PN,WARNING,-
ACC-OK-R282,EF-US947CTEGWW,STANDARD_ACCESSORY,S26+ Case Anti-reflecting Film,-,STANDARD_PAYMENT,590.0,118.0,0,0,0,472.0,-,-,2026-08-03,2026-09-06,ACTIVE,Pro Tablet Acc samsung 3Aug2026.xlsx,รายการสินค้าที่ลด 50-70%,282,"{""pn"": ""A"", ""rrp"": ""E"", ""rate"": ""F"", ""netPrice"": ""G""}",EXACT_PN,WARNING,-
ACC-OK-R283,EF-US948CTEGWW,STANDARD_ACCESSORY,S26 Ultra Case Anti-reflecting Film,-,STANDARD_PAYMENT,590.0,118.0,0,0,0,472.0,-,-,2026-08-03,2026-09-06,ACTIVE,Pro Tablet Acc samsung 3Aug2026.xlsx,รายการสินค้าที่ลด 50-70%,283,"{""pn"": ""A"", ""rrp"": ""E"", ""rate"": ""F"", ""netPrice"": ""G""}",EXACT_PN,WARNING,-
ACC-OK-R284,GP-FPS942PGAJW,STANDARD_ACCESSORY,S26 Case Capella Magnet Case,-,STANDARD_PAYMENT,1190.0,238.0,0,0,0,952.0,-,-,2026-08-03,2026-09-06,ACTIVE,Pro Tablet Acc samsung 3Aug2026.xlsx,รายการสินค้าที่ลด 50-70%,284,"{""pn"": ""A"", ""rrp"": ""E"", ""rate"": ""F"", ""netPrice"": ""G""}",EXACT_PN,WARNING,-
ACC-OK-R285,GP-FPS947PGAJW,STANDARD_ACCESSORY,S26+ Case Capella Magnet Case,-,STANDARD_PAYMENT,1190.0,238.0,0,0,0,952.0,-,-,2026-08-03,2026-09-06,ACTIVE,Pro Tablet Acc samsung 3Aug2026.xlsx,รายการสินค้าที่ลด 50-70%,285,"{""pn"": ""A"", ""rrp"": ""E"", ""rate"": ""F"", ""netPrice"": ""G""}",EXACT_PN,WARNING,-
ACC-OK-R286,GP-FPS948PGAJW,STANDARD_ACCESSORY,S26 Ultra Case Capella Magnet Case,-,STANDARD_PAYMENT,1190.0,238.0,0,0,0,952.0,-,-,2026-08-03,2026-09-06,ACTIVE,Pro Tablet Acc samsung 3Aug2026.xlsx,รายการสินค้าที่ลด 50-70%,286,"{""pn"": ""A"", ""rrp"": ""E"", ""rate"": ""F"", ""netPrice"": ""G""}",EXACT_PN,WARNING,-
STOCK-R4-P1,SM-A075FLVDTHL,STANDARD_SM,Galaxy A07 4G 4/64 GB,-,SF_PLUS,4599.0,0,800.0,0,0,3799.0,01,-,2026-08-02,2026-09-06,ACTIVE,Stock.xlsx,Promotion,4,"{""pn"": ""B"", ""rrp"": ""D"", ""discount"": ""G"", ""netPrice"": ""H"", ""coupon"": ""I""}",EXACT_PN,PASSED_VALIDATION,-
STOCK-R5-P1,SM-A075FZKDTHL,STANDARD_SM,,-,SF_PLUS,4599.0,0,800.0,0,0,3799.0,01,-,2026-08-02,2026-09-06,ACTIVE,Stock.xlsx,Promotion,5,"{""pn"": ""B"", ""rrp"": ""D"", ""discount"": ""G"", ""netPrice"": ""H"", ""coupon"": ""I""}",EXACT_PN,PASSED_VALIDATION,-
STOCK-R6-P1,SM-A075FLVJTHL,STANDARD_SM,,-,SF_PLUS,4599.0,0,800.0,0,0,3799.0,01,-,2026-08-02,2026-09-06,ACTIVE,Stock.xlsx,Promotion,6,"{""pn"": ""B"", ""rrp"": ""D"", ""discount"": ""G"", ""netPrice"": ""H"", ""coupon"": ""I""}",EXACT_PN,PASSED_VALIDATION,-
STOCK-R7-P1,SM-A075FZKJTHL,STANDARD_SM,,-,SF_PLUS,4599.0,0,800.0,0,0,3799.0,01,-,2026-08-02,2026-09-06,ACTIVE,Stock.xlsx,Promotion,7,"{""pn"": ""B"", ""rrp"": ""D"", ""discount"": ""G"", ""netPrice"": ""H"", ""coupon"": ""I""}",EXACT_PN,PASSED_VALIDATION,-
STOCK-R8-P1,F-A074G064VDTH,PASS_F,Galaxy A07 4/64GB - BOM SET,-,SF_PLUS,4599.0,0,800.0,0,0,3799.0,01,-,2026-08-02,2026-09-06,ACTIVE,Stock.xlsx,Promotion,8,"{""pn"": ""B"", ""rrp"": ""D"", ""discount"": ""G"", ""netPrice"": ""H"", ""coupon"": ""I""}",EXACT_PN,PASSED_VALIDATION,-
STOCK-R9-P1,F-A074G064KDTH,PASS_F,,-,SF_PLUS,4599.0,0,800.0,0,0,3799.0,01,-,2026-08-02,2026-09-06,ACTIVE,Stock.xlsx,Promotion,9,"{""pn"": ""B"", ""rrp"": ""D"", ""discount"": ""G"", ""netPrice"": ""H"", ""coupon"": ""I""}",EXACT_PN,PASSED_VALIDATION,-
STOCK-R10-P1,F-A074G128VGTH,PASS_F,Galaxy A07 4/128GB - BOM SET,-,SF_PLUS,5299.0,0,1000.0,0,0,4299.0,01,-,2026-08-02,2026-09-06,ACTIVE,Stock.xlsx,Promotion,10,"{""pn"": ""B"", ""rrp"": ""D"", ""discount"": ""G"", ""netPrice"": ""H"", ""coupon"": ""I""}",EXACT_PN,PASSED_VALIDATION,-
STOCK-R11-P1,F-A074G128KGTH,PASS_F,,-,SF_PLUS,5299.0,0,1000.0,0,0,4299.0,01,-,2026-08-02,2026-09-06,ACTIVE,Stock.xlsx,Promotion,11,"{""pn"": ""B"", ""rrp"": ""D"", ""discount"": ""G"", ""netPrice"": ""H"", ""coupon"": ""I""}",EXACT_PN,PASSED_VALIDATION,-
STOCK-R12-P1,SM-A075FLVGTHL,STANDARD_SM,Galaxy A07 4/128GB,-,SF_PLUS,5299.0,0,1000.0,0,0,4299.0,01,-,2026-08-02,2026-09-06,ACTIVE,Stock.xlsx,Promotion,12,"{""pn"": ""B"", ""rrp"": ""D"", ""discount"": ""G"", ""netPrice"": ""H"", ""coupon"": ""I""}",EXACT_PN,PASSED_VALIDATION,-
STOCK-R13-P1,SM-A075FZKGTHL,STANDARD_SM,,-,SF_PLUS,5299.0,0,1000.0,0,0,4299.0,01,-,2026-08-02,2026-09-06,ACTIVE,Stock.xlsx,Promotion,13,"{""pn"": ""B"", ""rrp"": ""D"", ""discount"": ""G"", ""netPrice"": ""H"", ""coupon"": ""I""}",EXACT_PN,PASSED_VALIDATION,-
STOCK-R14-P1,SM-A075FLVHTHL,STANDARD_SM,Galaxy A07 6/128GB,-,SF_PLUS,5999.0,0,1000.0,0,0,4999.0,01,-,2026-08-02,2026-09-06,ACTIVE,Stock.xlsx,Promotion,14,"{""pn"": ""B"", ""rrp"": ""D"", ""discount"": ""G"", ""netPrice"": ""H"", ""coupon"": ""I""}",EXACT_PN,PASSED_VALIDATION,-
STOCK-R15-P1,SM-A075FZKHTHL,STANDARD_SM,,-,SF_PLUS,5999.0,0,1000.0,0,0,4999.0,01,-,2026-08-02,2026-09-06,ACTIVE,Stock.xlsx,Promotion,15,"{""pn"": ""B"", ""rrp"": ""D"", ""discount"": ""G"", ""netPrice"": ""H"", ""coupon"": ""I""}",EXACT_PN,PASSED_VALIDATION,-
STOCK-R16-P2,SM-A076BLVCTHL,STANDARD_SM,Galaxy A07 5G 6/128GB,-,STANDARD_PAYMENT,6999.0,500.0,0,0,0,6499.0,01,-,2026-08-02,2026-09-06,ACTIVE,Stock.xlsx,Promotion,16,"{""pn"": ""B"", ""rrp"": ""D"", ""discount"": ""J"", ""netPrice"": ""K"", ""coupon"": ""L""}",EXACT_PN,WARNING,-
STOCK-R16-STUDENT,SM-A076BLVCTHL,STANDARD_SM,Galaxy A07 5G 6/128GB,-,STUDENT,6999.0,0,0,0,699,6300.0,Studentcrd,-,2026-08-02,2026-09-06,ACTIVE,Stock.xlsx,Promotion,16,"{""pn"": ""B"", ""rrp"": ""D"", ""studentRate"": ""P"", ""studentNet"": ""Q""}",EXACT_PN,WARNING,-
STOCK-R17-P2,SM-A076BZKCTHL,STANDARD_SM,,-,STANDARD_PAYMENT,6999.0,500.0,0,0,0,6499.0,02,-,2026-08-02,2026-09-06,ACTIVE,Stock.xlsx,Promotion,17,"{""pn"": ""B"", ""rrp"": ""D"", ""discount"": ""J"", ""netPrice"": ""K"", ""coupon"": ""L""}",EXACT_PN,WARNING,-
STOCK-R17-STUDENT,SM-A076BZKCTHL,STANDARD_SM,,-,STUDENT,6999.0,0,0,0,699,6300.0,Studentcrd,-,2026-08-02,2026-09-06,ACTIVE,Stock.xlsx,Promotion,17,"{""pn"": ""B"", ""rrp"": ""D"", ""studentRate"": ""P"", ""studentNet"": ""Q""}",EXACT_PN,WARNING,-
STOCK-R18-P1,F-A174G128BDTH,PASS_F,Galaxy A17 LTE 8/128 GB,-,SF_PLUS,7999.0,0,1000.0,0,0,6999.0,01,-,2026-08-02,2026-09-06,ACTIVE,Stock.xlsx,Promotion,18,"{""pn"": ""B"", ""rrp"": ""D"", ""discount"": ""G"", ""netPrice"": ""H"", ""coupon"": ""I""}",EXACT_PN,PASSED_VALIDATION,-
STOCK-R19-P1,F-A174G128KDTH,PASS_F,,-,SF_PLUS,7999.0,0,1000.0,0,0,6999.0,01,-,2026-08-02,2026-09-06,ACTIVE,Stock.xlsx,Promotion,19,"{""pn"": ""B"", ""rrp"": ""D"", ""discount"": ""G"", ""netPrice"": ""H"", ""coupon"": ""I""}",EXACT_PN,PASSED_VALIDATION,-
STOCK-R20-P1,SM-A175FLBDTHL,STANDARD_SM,,-,SF_PLUS,7999.0,0,1000.0,0,0,6999.0,01,-,2026-08-02,2026-09-06,ACTIVE,Stock.xlsx,Promotion,20,"{""pn"": ""B"", ""rrp"": ""D"", ""discount"": ""G"", ""netPrice"": ""H"", ""coupon"": ""I""}",EXACT_PN,PASSED_VALIDATION,-
STOCK-R21-P1,SM-A175FZKDTHL,STANDARD_SM,,-,SF_PLUS,7999.0,0,1000.0,0,0,6999.0,01,-,2026-08-02,2026-09-06,ACTIVE,Stock.xlsx,Promotion,21,"{""pn"": ""B"", ""rrp"": ""D"", ""discount"": ""G"", ""netPrice"": ""H"", ""coupon"": ""I""}",EXACT_PN,PASSED_VALIDATION,-
STOCK-R22-P1,SM-A176BZBJTHL,STANDARD_SM,Galaxy A17 5G 8/128 GB,-,SF_PLUS,8999.0,0,1500.0,0,0,7499.0,01,-,2026-08-02,2026-09-06,ACTIVE,Stock.xlsx,Promotion,22,"{""pn"": ""B"", ""rrp"": ""D"", ""discount"": ""G"", ""netPrice"": ""H"", ""coupon"": ""I""}",EXACT_PN,PASSED_VALIDATION,-
STOCK-R23-P1,SM-A176BZKJTHL,STANDARD_SM,,-,SF_PLUS,8999.0,0,1500.0,0,0,7499.0,01,-,2026-08-02,2026-09-06,ACTIVE,Stock.xlsx,Promotion,23,"{""pn"": ""B"", ""rrp"": ""D"", ""discount"": ""G"", ""netPrice"": ""H"", ""coupon"": ""I""}",EXACT_PN,PASSED_VALIDATION,-
STOCK-R24-P1,F-A175G128BLTH,PASS_F,,-,SF_PLUS,8999.0,0,1500.0,0,0,7499.0,01,-,2026-08-02,2026-09-06,ACTIVE,Stock.xlsx,Promotion,24,"{""pn"": ""B"", ""rrp"": ""D"", ""discount"": ""G"", ""netPrice"": ""H"", ""coupon"": ""I""}",EXACT_PN,PASSED_VALIDATION,-
STOCK-R25-P1,F-A175G128BKTH,PASS_F,,-,SF_PLUS,8999.0,0,1500.0,0,0,7499.0,01,-,2026-08-02,2026-09-06,ACTIVE,Stock.xlsx,Promotion,25,"{""pn"": ""B"", ""rrp"": ""D"", ""discount"": ""G"", ""netPrice"": ""H"", ""coupon"": ""I""}",EXACT_PN,PASSED_VALIDATION,-
STOCK-R26-P1,SM-A176BZBKTHL,STANDARD_SM,Galaxy A17 5G 8/256 GB,-,SF_PLUS,10599.0,0,1600.0,0,0,8999.0,01,-,2026-08-02,2026-09-06,ACTIVE,Stock.xlsx,Promotion,26,"{""pn"": ""B"", ""rrp"": ""D"", ""discount"": ""G"", ""netPrice"": ""H"", ""coupon"": ""I""}",EXACT_PN,PASSED_VALIDATION,-
STOCK-R26-STUDENT,SM-A176BZBKTHL,STANDARD_SM,Galaxy A17 5G 8/256 GB,-,STUDENT,10599.0,0,0,0,1059,9540.0,Studentcrd,-,2026-08-02,2026-09-06,ACTIVE,Stock.xlsx,Promotion,26,"{""pn"": ""B"", ""rrp"": ""D"", ""studentRate"": ""P"", ""studentNet"": ""Q""}",EXACT_PN,WARNING,-
STOCK-R27-P1,SM-A176BZKKTHL,STANDARD_SM,,-,SF_PLUS,10599.0,0,1600.0,0,0,8999.0,01,-,2026-08-02,2026-09-06,ACTIVE,Stock.xlsx,Promotion,27,"{""pn"": ""B"", ""rrp"": ""D"", ""discount"": ""G"", ""netPrice"": ""H"", ""coupon"": ""I""}",EXACT_PN,PASSED_VALIDATION,-
STOCK-R27-STUDENT,SM-A176BZKKTHL,STANDARD_SM,,-,STUDENT,10599.0,0,0,0,1059,9540.0,Studentcrd,-,2026-08-02,2026-09-06,ACTIVE,Stock.xlsx,Promotion,27,"{""pn"": ""B"", ""rrp"": ""D"", ""studentRate"": ""P"", ""studentNet"": ""Q""}",EXACT_PN,WARNING,-
STOCK-R28-P1,F-A175G256BLTH,PASS_F,,-,SF_PLUS,10599.0,0,1600.0,0,0,8999.0,01,-,2026-08-02,2026-09-06,ACTIVE,Stock.xlsx,Promotion,28,"{""pn"": ""B"", ""rrp"": ""D"", ""discount"": ""G"", ""netPrice"": ""H"", ""coupon"": ""I""}",EXACT_PN,PASSED_VALIDATION,-
STOCK-R28-STUDENT,F-A175G256BLTH,PASS_F,,-,STUDENT,10599.0,0,0,0,1059,9540.0,Studentcrd,-,2026-08-02,2026-09-06,ACTIVE,Stock.xlsx,Promotion,28,"{""pn"": ""B"", ""rrp"": ""D"", ""studentRate"": ""P"", ""studentNet"": ""Q""}",EXACT_PN,WARNING,-
STOCK-R29-P1,F-A175G256BKTH,PASS_F,,-,SF_PLUS,10599.0,0,1600.0,0,0,8999.0,01,-,2026-08-02,2026-09-06,ACTIVE,Stock.xlsx,Promotion,29,"{""pn"": ""B"", ""rrp"": ""D"", ""discount"": ""G"", ""netPrice"": ""H"", ""coupon"": ""I""}",EXACT_PN,PASSED_VALIDATION,-
STOCK-R29-STUDENT,F-A175G256BKTH,PASS_F,,-,STUDENT,10599.0,0,0,0,1059,9540.0,Studentcrd,-,2026-08-02,2026-09-06,ACTIVE,Stock.xlsx,Promotion,29,"{""pn"": ""B"", ""rrp"": ""D"", ""studentRate"": ""P"", ""studentNet"": ""Q""}",EXACT_PN,WARNING,-
STOCK-R30-P2,SM-A276BLIGTHL,STANDARD_SM,Galaxy A27 5G 8/128GB,-,STANDARD_PAYMENT,10999.0,1000.0,0,0,0,9999.0,01,-,2026-08-02,2026-09-06,ACTIVE,Stock.xlsx,Promotion,30,"{""pn"": ""B"", ""rrp"": ""D"", ""discount"": ""J"", ""netPrice"": ""K"", ""coupon"": ""L""}",EXACT_PN,WARNING,-
STOCK-R31-P2,SM-A276BZKGTHL,STANDARD_SM,,-,STANDARD_PAYMENT,10999.0,1000.0,0,0,0,9999.0,02,-,2026-08-02,2026-09-06,ACTIVE,Stock.xlsx,Promotion,31,"{""pn"": ""B"", ""rrp"": ""D"", ""discount"": ""J"", ""netPrice"": ""K"", ""coupon"": ""L""}",EXACT_PN,WARNING,-
STOCK-R32-STUDENT,SM-A376BDGTTHL,STANDARD_SM,Galaxy A37 5G 8/256GB,-,STUDENT,13999.0,0,0,0,559,13440.0,Studentcrd,-,2026-08-02,2026-09-06,ACTIVE,Stock.xlsx,Promotion,32,"{""pn"": ""B"", ""rrp"": ""D"", ""studentRate"": ""P"", ""studentNet"": ""Q""}",EXACT_PN,WARNING,-
STOCK-R33-STUDENT,SM-A376BLVTTHL,STANDARD_SM,,-,STUDENT,13999.0,0,0,0,559,13440.0,Studentcrd,-,2026-08-02,2026-09-06,ACTIVE,Stock.xlsx,Promotion,33,"{""pn"": ""B"", ""rrp"": ""D"", ""studentRate"": ""P"", ""studentNet"": ""Q""}",EXACT_PN,WARNING,-
STOCK-R34-STUDENT,SM-A376BZATTHL,STANDARD_SM,,-,STUDENT,13999.0,0,0,0,559,13440.0,Studentcrd,-,2026-08-02,2026-09-06,ACTIVE,Stock.xlsx,Promotion,34,"{""pn"": ""B"", ""rrp"": ""D"", ""studentRate"": ""P"", ""studentNet"": ""Q""}",EXACT_PN,WARNING,-
STOCK-R35-P2,SM-A576BDBSTHL,STANDARD_SM,Galaxy A57 5G 8/256GB,-,STANDARD_PAYMENT,16999.0,2000.0,0,0,0,14999.0,01,-,2026-08-02,2026-09-06,ACTIVE,Stock.xlsx,Promotion,35,"{""pn"": ""B"", ""rrp"": ""D"", ""discount"": ""J"", ""netPrice"": ""K"", ""coupon"": ""L""}",EXACT_PN,WARNING,-
STOCK-R35-STUDENT,SM-A576BDBSTHL,STANDARD_SM,Galaxy A57 5G 8/256GB,-,STUDENT,16999.0,0,0,0,2549,14450.0,Studentcrd,-,2026-08-02,2026-09-06,ACTIVE,Stock.xlsx,Promotion,35,"{""pn"": ""B"", ""rrp"": ""D"", ""studentRate"": ""P"", ""studentNet"": ""Q""}",EXACT_PN,WARNING,-
STOCK-R36-P2,SM-A576BZVSTHL,STANDARD_SM,,-,STANDARD_PAYMENT,16999.0,2000.0,0,0,0,14999.0,02,-,2026-08-02,2026-09-06,ACTIVE,Stock.xlsx,Promotion,36,"{""pn"": ""B"", ""rrp"": ""D"", ""discount"": ""J"", ""netPrice"": ""K"", ""coupon"": ""L""}",EXACT_PN,WARNING,-
STOCK-R36-STUDENT,SM-A576BZVSTHL,STANDARD_SM,,-,STUDENT,16999.0,0,0,0,2549,14450.0,Studentcrd,-,2026-08-02,2026-09-06,ACTIVE,Stock.xlsx,Promotion,36,"{""pn"": ""B"", ""rrp"": ""D"", ""studentRate"": ""P"", ""studentNet"": ""Q""}",EXACT_PN,WARNING,-
STOCK-R37-P2,SM-A576BZASTHL,STANDARD_SM,,-,STANDARD_PAYMENT,16999.0,2000.0,0,0,0,14999.0,02,-,2026-08-02,2026-09-06,ACTIVE,Stock.xlsx,Promotion,37,"{""pn"": ""B"", ""rrp"": ""D"", ""discount"": ""J"", ""netPrice"": ""K"", ""coupon"": ""L""}",EXACT_PN,WARNING,-
STOCK-R37-STUDENT,SM-A576BZASTHL,STANDARD_SM,,-,STUDENT,16999.0,0,0,0,2549,14450.0,Studentcrd,-,2026-08-02,2026-09-06,ACTIVE,Stock.xlsx,Promotion,37,"{""pn"": ""B"", ""rrp"": ""D"", ""studentRate"": ""P"", ""studentNet"": ""Q""}",EXACT_PN,WARNING,-
STOCK-R38-P2,SM-A576BDBTTHL,STANDARD_SM,Galaxy A57 5G 12/256GB,-,STANDARD_PAYMENT,17999.0,2000.0,0,0,0,15999.0,02,-,2026-08-02,2026-09-06,ACTIVE,Stock.xlsx,Promotion,38,"{""pn"": ""B"", ""rrp"": ""D"", ""discount"": ""J"", ""netPrice"": ""K"", ""coupon"": ""L""}",EXACT_PN,WARNING,-
STOCK-R38-STUDENT,SM-A576BDBTTHL,STANDARD_SM,Galaxy A57 5G 12/256GB,-,STUDENT,17999.0,0,0,0,2519,15480.0,Studentcrd,-,2026-08-02,2026-09-06,ACTIVE,Stock.xlsx,Promotion,38,"{""pn"": ""B"", ""rrp"": ""D"", ""studentRate"": ""P"", ""studentNet"": ""Q""}",EXACT_PN,WARNING,-
STOCK-R39-P2,SM-A576BZVTTHL,STANDARD_SM,,-,STANDARD_PAYMENT,17999.0,2000.0,0,0,0,15999.0,02,-,2026-08-02,2026-09-06,ACTIVE,Stock.xlsx,Promotion,39,"{""pn"": ""B"", ""rrp"": ""D"", ""discount"": ""J"", ""netPrice"": ""K"", ""coupon"": ""L""}",EXACT_PN,WARNING,-
STOCK-R39-STUDENT,SM-A576BZVTTHL,STANDARD_SM,,-,STUDENT,17999.0,0,0,0,2519,15480.0,Studentcrd,-,2026-08-02,2026-09-06,ACTIVE,Stock.xlsx,Promotion,39,"{""pn"": ""B"", ""rrp"": ""D"", ""studentRate"": ""P"", ""studentNet"": ""Q""}",EXACT_PN,WARNING,-
STOCK-R40-P2,SM-A576BZATTHL,STANDARD_SM,,-,STANDARD_PAYMENT,17999.0,2000.0,0,0,0,15999.0,02,-,2026-08-02,2026-09-06,ACTIVE,Stock.xlsx,Promotion,40,"{""pn"": ""B"", ""rrp"": ""D"", ""discount"": ""J"", ""netPrice"": ""K"", ""coupon"": ""L""}",EXACT_PN,WARNING,-
STOCK-R40-STUDENT,SM-A576BZATTHL,STANDARD_SM,,-,STUDENT,17999.0,0,0,0,2519,15480.0,Studentcrd,-,2026-08-02,2026-09-06,ACTIVE,Stock.xlsx,Promotion,40,"{""pn"": ""B"", ""rrp"": ""D"", ""studentRate"": ""P"", ""studentNet"": ""Q""}",EXACT_PN,WARNING,-
STOCK-R41-P2,SM-A576BDBUTHL,STANDARD_SM,Galaxy A57 5G 12/512GB,-,STANDARD_PAYMENT,20999.0,2000.0,0,0,0,18999.0,02,-,2026-08-02,2026-09-06,ACTIVE,Stock.xlsx,Promotion,41,"{""pn"": ""B"", ""rrp"": ""D"", ""discount"": ""J"", ""netPrice"": ""K"", ""coupon"": ""L""}",EXACT_PN,WARNING,-
STOCK-R41-STUDENT,SM-A576BDBUTHL,STANDARD_SM,Galaxy A57 5G 12/512GB,-,STUDENT,20999.0,0,0,0,2519,18480.0,Studentcrd,-,2026-08-02,2026-09-06,ACTIVE,Stock.xlsx,Promotion,41,"{""pn"": ""B"", ""rrp"": ""D"", ""studentRate"": ""P"", ""studentNet"": ""Q""}",EXACT_PN,WARNING,-
STOCK-R42-P2,SM-A576BZVUTHL,STANDARD_SM,,-,STANDARD_PAYMENT,20999.0,2000.0,0,0,0,18999.0,02,-,2026-08-02,2026-09-06,ACTIVE,Stock.xlsx,Promotion,42,"{""pn"": ""B"", ""rrp"": ""D"", ""discount"": ""J"", ""netPrice"": ""K"", ""coupon"": ""L""}",EXACT_PN,WARNING,-
STOCK-R42-STUDENT,SM-A576BZVUTHL,STANDARD_SM,,-,STUDENT,20999.0,0,0,0,2519,18480.0,Studentcrd,-,2026-08-02,2026-09-06,ACTIVE,Stock.xlsx,Promotion,42,"{""pn"": ""B"", ""rrp"": ""D"", ""studentRate"": ""P"", ""studentNet"": ""Q""}",EXACT_PN,WARNING,-
STOCK-R43-P2,SM-A576BZAUTHL,STANDARD_SM,,-,STANDARD_PAYMENT,20999.0,2000.0,0,0,0,18999.0,02,-,2026-08-02,2026-09-06,ACTIVE,Stock.xlsx,Promotion,43,"{""pn"": ""B"", ""rrp"": ""D"", ""discount"": ""J"", ""netPrice"": ""K"", ""coupon"": ""L""}",EXACT_PN,WARNING,-
STOCK-R43-STUDENT,SM-A576BZAUTHL,STANDARD_SM,,-,STUDENT,20999.0,0,0,0,2519,18480.0,Studentcrd,-,2026-08-02,2026-09-06,ACTIVE,Stock.xlsx,Promotion,43,"{""pn"": ""B"", ""rrp"": ""D"", ""studentRate"": ""P"", ""studentNet"": ""Q""}",EXACT_PN,WARNING,-
STOCK-R44-P1,SM-S731BDBBTHL,STANDARD_SM,Galaxy S25 FE (8/128GB),-,SF_PLUS,22900.0,0,3000.0,0,0,19900.0,01,-,2026-08-02,2026-09-06,ACTIVE,Stock.xlsx,Promotion,44,"{""pn"": ""B"", ""rrp"": ""D"", ""discount"": ""G"", ""netPrice"": ""H"", ""coupon"": ""I""}",EXACT_PN,WARNING,-
STOCK-R44-P2,SM-S731BDBBTHL,STANDARD_SM,Galaxy S25 FE (8/128GB),-,STANDARD_PAYMENT,22900.0,5000.0,0,0,0,17900.0,02,-,2026-08-02,2026-09-06,ACTIVE,Stock.xlsx,Promotion,44,"{""pn"": ""B"", ""rrp"": ""D"", ""discount"": ""J"", ""netPrice"": ""K"", ""coupon"": ""L""}",EXACT_PN,WARNING,-
STOCK-R44-STUDENT,SM-S731BDBBTHL,STANDARD_SM,Galaxy S25 FE (8/128GB),-,STUDENT,22900.0,0,0,0,3435,19465.0,Studentcrd,-,2026-08-02,2026-09-06,ACTIVE,Stock.xlsx,Promotion,44,"{""pn"": ""B"", ""rrp"": ""D"", ""studentRate"": ""P"", ""studentNet"": ""Q""}",EXACT_PN,WARNING,-
STOCK-R45-P1,SM-S731BLBBTHL,STANDARD_SM,,-,SF_PLUS,22900.0,0,3000.0,0,0,19900.0,01,-,2026-08-02,2026-09-06,ACTIVE,Stock.xlsx,Promotion,45,"{""pn"": ""B"", ""rrp"": ""D"", ""discount"": ""G"", ""netPrice"": ""H"", ""coupon"": ""I""}",EXACT_PN,PASSED_VALIDATION,-
STOCK-R45-P2,SM-S731BLBBTHL,STANDARD_SM,,-,STANDARD_PAYMENT,22900.0,5000.0,0,0,0,17900.0,02,-,2026-08-02,2026-09-06,ACTIVE,Stock.xlsx,Promotion,45,"{""pn"": ""B"", ""rrp"": ""D"", ""discount"": ""J"", ""netPrice"": ""K"", ""coupon"": ""L""}",EXACT_PN,WARNING,-
STOCK-R45-STUDENT,SM-S731BLBBTHL,STANDARD_SM,,-,STUDENT,22900.0,0,0,0,3435,19465.0,Studentcrd,-,2026-08-02,2026-09-06,ACTIVE,Stock.xlsx,Promotion,45,"{""pn"": ""B"", ""rrp"": ""D"", ""studentRate"": ""P"", ""studentNet"": ""Q""}",EXACT_PN,WARNING,-
STOCK-R46-P1,SM-S731BZKBTHL,STANDARD_SM,,-,SF_PLUS,22900.0,0,3000.0,0,0,19900.0,01,-,2026-08-02,2026-09-06,ACTIVE,Stock.xlsx,Promotion,46,"{""pn"": ""B"", ""rrp"": ""D"", ""discount"": ""G"", ""netPrice"": ""H"", ""coupon"": ""I""}",EXACT_PN,PASSED_VALIDATION,-
STOCK-R46-P2,SM-S731BZKBTHL,STANDARD_SM,,-,STANDARD_PAYMENT,22900.0,5000.0,0,0,0,17900.0,02,-,2026-08-02,2026-09-06,ACTIVE,Stock.xlsx,Promotion,46,"{""pn"": ""B"", ""rrp"": ""D"", ""discount"": ""J"", ""netPrice"": ""K"", ""coupon"": ""L""}",EXACT_PN,WARNING,-
STOCK-R46-STUDENT,SM-S731BZKBTHL,STANDARD_SM,,-,STUDENT,22900.0,0,0,0,3435,19465.0,Studentcrd,-,2026-08-02,2026-09-06,ACTIVE,Stock.xlsx,Promotion,46,"{""pn"": ""B"", ""rrp"": ""D"", ""studentRate"": ""P"", ""studentNet"": ""Q""}",EXACT_PN,WARNING,-
STOCK-R47-P1,SM-S731BZWBTHL,STANDARD_SM,,-,SF_PLUS,22900.0,0,3000.0,0,0,19900.0,01,-,2026-08-02,2026-09-06,ACTIVE,Stock.xlsx,Promotion,47,"{""pn"": ""B"", ""rrp"": ""D"", ""discount"": ""G"", ""netPrice"": ""H"", ""coupon"": ""I""}",EXACT_PN,PASSED_VALIDATION,-
STOCK-R47-P2,SM-S731BZWBTHL,STANDARD_SM,,-,STANDARD_PAYMENT,22900.0,5000.0,0,0,0,17900.0,02,-,2026-08-02,2026-09-06,ACTIVE,Stock.xlsx,Promotion,47,"{""pn"": ""B"", ""rrp"": ""D"", ""discount"": ""J"", ""netPrice"": ""K"", ""coupon"": ""L""}",EXACT_PN,WARNING,-
STOCK-R47-STUDENT,SM-S731BZWBTHL,STANDARD_SM,,-,STUDENT,22900.0,0,0,0,3435,19465.0,Studentcrd,-,2026-08-02,2026-09-06,ACTIVE,Stock.xlsx,Promotion,47,"{""pn"": ""B"", ""rrp"": ""D"", ""studentRate"": ""P"", ""studentNet"": ""Q""}",EXACT_PN,WARNING,-
STOCK-R48-P1,SM-S731BDBCTHL,STANDARD_SM,Galaxy S25 FE (8/256GB),-,SF_PLUS,26900.0,0,3000.0,0,0,23900.0,01,-,2026-08-02,2026-09-06,ACTIVE,Stock.xlsx,Promotion,48,"{""pn"": ""B"", ""rrp"": ""D"", ""discount"": ""G"", ""netPrice"": ""H"", ""coupon"": ""I""}",EXACT_PN,PASSED_VALIDATION,-
STOCK-R48-P2,SM-S731BDBCTHL,STANDARD_SM,Galaxy S25 FE (8/256GB),-,STANDARD_PAYMENT,26900.0,6000.0,0,0,0,20900.0,02,-,2026-08-02,2026-09-06,ACTIVE,Stock.xlsx,Promotion,48,"{""pn"": ""B"", ""rrp"": ""D"", ""discount"": ""J"", ""netPrice"": ""K"", ""coupon"": ""L""}",EXACT_PN,WARNING,-
STOCK-R48-STUDENT,SM-S731BDBCTHL,STANDARD_SM,Galaxy S25 FE (8/256GB),-,STUDENT,26900.0,0,0,0,4035,22865.0,Studentcrd,-,2026-08-02,2026-09-06,ACTIVE,Stock.xlsx,Promotion,48,"{""pn"": ""B"", ""rrp"": ""D"", ""studentRate"": ""P"", ""studentNet"": ""Q""}",EXACT_PN,WARNING,-
STOCK-R49-P1,SM-S731BLBCTHL,STANDARD_SM,,-,SF_PLUS,26900.0,0,3000.0,0,0,23900.0,01,-,2026-08-02,2026-09-06,ACTIVE,Stock.xlsx,Promotion,49,"{""pn"": ""B"", ""rrp"": ""D"", ""discount"": ""G"", ""netPrice"": ""H"", ""coupon"": ""I""}",EXACT_PN,PASSED_VALIDATION,-
STOCK-R49-P2,SM-S731BLBCTHL,STANDARD_SM,,-,STANDARD_PAYMENT,26900.0,6000.0,0,0,0,20900.0,02,-,2026-08-02,2026-09-06,ACTIVE,Stock.xlsx,Promotion,49,"{""pn"": ""B"", ""rrp"": ""D"", ""discount"": ""J"", ""netPrice"": ""K"", ""coupon"": ""L""}",EXACT_PN,WARNING,-
STOCK-R49-STUDENT,SM-S731BLBCTHL,STANDARD_SM,,-,STUDENT,26900.0,0,0,0,4035,22865.0,Studentcrd,-,2026-08-02,2026-09-06,ACTIVE,Stock.xlsx,Promotion,49,"{""pn"": ""B"", ""rrp"": ""D"", ""studentRate"": ""P"", ""studentNet"": ""Q""}",EXACT_PN,WARNING,-
STOCK-R50-P1,SM-S731BZKCTHL,STANDARD_SM,,-,SF_PLUS,26900.0,0,3000.0,0,0,23900.0,01,-,2026-08-02,2026-09-06,ACTIVE,Stock.xlsx,Promotion,50,"{""pn"": ""B"", ""rrp"": ""D"", ""discount"": ""G"", ""netPrice"": ""H"", ""coupon"": ""I""}",EXACT_PN,PASSED_VALIDATION,-
STOCK-R50-P2,SM-S731BZKCTHL,STANDARD_SM,,-,STANDARD_PAYMENT,26900.0,6000.0,0,0,0,20900.0,02,-,2026-08-02,2026-09-06,ACTIVE,Stock.xlsx,Promotion,50,"{""pn"": ""B"", ""rrp"": ""D"", ""discount"": ""J"", ""netPrice"": ""K"", ""coupon"": ""L""}",EXACT_PN,WARNING,-
STOCK-R50-STUDENT,SM-S731BZKCTHL,STANDARD_SM,,-,STUDENT,26900.0,0,0,0,4035,22865.0,Studentcrd,-,2026-08-02,2026-09-06,ACTIVE,Stock.xlsx,Promotion,50,"{""pn"": ""B"", ""rrp"": ""D"", ""studentRate"": ""P"", ""studentNet"": ""Q""}",EXACT_PN,WARNING,-
STOCK-R51-P1,SM-S731BZWCTHL,STANDARD_SM,,-,SF_PLUS,26900.0,0,3000.0,0,0,23900.0,01,-,2026-08-02,2026-09-06,ACTIVE,Stock.xlsx,Promotion,51,"{""pn"": ""B"", ""rrp"": ""D"", ""discount"": ""G"", ""netPrice"": ""H"", ""coupon"": ""I""}",EXACT_PN,PASSED_VALIDATION,-
STOCK-R51-P2,SM-S731BZWCTHL,STANDARD_SM,,-,STANDARD_PAYMENT,26900.0,6000.0,0,0,0,20900.0,02,-,2026-08-02,2026-09-06,ACTIVE,Stock.xlsx,Promotion,51,"{""pn"": ""B"", ""rrp"": ""D"", ""discount"": ""J"", ""netPrice"": ""K"", ""coupon"": ""L""}",EXACT_PN,WARNING,-
STOCK-R51-STUDENT,SM-S731BZWCTHL,STANDARD_SM,,-,STUDENT,26900.0,0,0,0,4035,22865.0,Studentcrd,-,2026-08-02,2026-09-06,ACTIVE,Stock.xlsx,Promotion,51,"{""pn"": ""B"", ""rrp"": ""D"", ""studentRate"": ""P"", ""studentNet"": ""Q""}",EXACT_PN,WARNING,-
STOCK-R52-P1,F-N1938BZKBTHL,PASS_F,Galaxy S25 Ultra 5G 12/256GB,-,SF_PLUS,42900.0,0,12000.0,0,0,30900.0,01,-,2026-08-02,2026-09-06,ACTIVE,Stock.xlsx,Promotion,52,"{""pn"": ""B"", ""rrp"": ""D"", ""discount"": ""G"", ""netPrice"": ""H"", ""coupon"": ""I""}",EXACT_PN,PASSED_VALIDATION,-
STOCK-R53-P1,SM-S938BZKBTHL,STANDARD_SM,,-,SF_PLUS,42900.0,0,12000.0,0,0,30900.0,01,-,2026-08-02,2026-09-06,ACTIVE,Stock.xlsx,Promotion,53,"{""pn"": ""B"", ""rrp"": ""D"", ""discount"": ""G"", ""netPrice"": ""H"", ""coupon"": ""I""}",EXACT_PN,PASSED_VALIDATION,-
STOCK-R54-P1,SM-S938BZBBTHL,STANDARD_SM,,-,SF_PLUS,42900.0,0,12000.0,0,0,30900.0,01,-,2026-08-02,2026-09-06,ACTIVE,Stock.xlsx,Promotion,54,"{""pn"": ""B"", ""rrp"": ""D"", ""discount"": ""G"", ""netPrice"": ""H"", ""coupon"": ""I""}",EXACT_PN,PASSED_VALIDATION,-
STOCK-R55-P1,SM-S938BZTBTHL,STANDARD_SM,,-,SF_PLUS,42900.0,0,12000.0,0,0,30900.0,01,-,2026-08-02,2026-09-06,ACTIVE,Stock.xlsx,Promotion,55,"{""pn"": ""B"", ""rrp"": ""D"", ""discount"": ""G"", ""netPrice"": ""H"", ""coupon"": ""I""}",EXACT_PN,PASSED_VALIDATION,-
STOCK-R56-P1,SM-S938BZSBTHL,STANDARD_SM,,-,SF_PLUS,42900.0,0,12000.0,0,0,30900.0,01,-,2026-08-02,2026-09-06,ACTIVE,Stock.xlsx,Promotion,56,"{""pn"": ""B"", ""rrp"": ""D"", ""discount"": ""G"", ""netPrice"": ""H"", ""coupon"": ""I""}",EXACT_PN,PASSED_VALIDATION,-
STOCK-R57-P1,F-N1938BZBBTHL,PASS_F,,-,SF_PLUS,42900.0,0,12000.0,0,0,30900.0,01,-,2026-08-02,2026-09-06,ACTIVE,Stock.xlsx,Promotion,57,"{""pn"": ""B"", ""rrp"": ""D"", ""discount"": ""G"", ""netPrice"": ""H"", ""coupon"": ""I""}",EXACT_PN,PASSED_VALIDATION,-
STOCK-R64-P1,SM-S942BZKCTHL,STANDARD_SM,Galaxy S26 5G 12/256GB,-,SF_PLUS,33900.0,0,6000.0,0,0,27900.0,01,-,2026-08-02,2026-09-06,ACTIVE,Stock.xlsx,Promotion,64,"{""pn"": ""B"", ""rrp"": ""D"", ""discount"": ""G"", ""netPrice"": ""H"", ""coupon"": ""I""}",EXACT_PN,WARNING,-
STOCK-R65-P1,SM-S942BLBCTHL,STANDARD_SM,,-,SF_PLUS,33900.0,0,6000.0,0,0,27900.0,01,-,2026-08-02,2026-09-06,ACTIVE,Stock.xlsx,Promotion,65,"{""pn"": ""B"", ""rrp"": ""D"", ""discount"": ""G"", ""netPrice"": ""H"", ""coupon"": ""I""}",EXACT_PN,PASSED_VALIDATION,-
STOCK-R66-P1,SM-S942BZVCTHL,STANDARD_SM,,-,SF_PLUS,33900.0,0,6000.0,0,0,27900.0,01,-,2026-08-02,2026-09-06,ACTIVE,Stock.xlsx,Promotion,66,"{""pn"": ""B"", ""rrp"": ""D"", ""discount"": ""G"", ""netPrice"": ""H"", ""coupon"": ""I""}",EXACT_PN,PASSED_VALIDATION,-
STOCK-R67-P1,SM-S942BZWCTHL,STANDARD_SM,,-,SF_PLUS,33900.0,0,6000.0,0,0,27900.0,01,-,2026-08-02,2026-09-06,ACTIVE,Stock.xlsx,Promotion,67,"{""pn"": ""B"", ""rrp"": ""D"", ""discount"": ""G"", ""netPrice"": ""H"", ""coupon"": ""I""}",EXACT_PN,PASSED_VALIDATION,-
STOCK-R68-P1,SM-S942BZKQTHL,STANDARD_SM,Galaxy S26 5G 12/512GB,-,SF_PLUS,41900.0,0,12000.0,0,0,29900.0,01,-,2026-08-02,2026-09-06,ACTIVE,Stock.xlsx,Promotion,68,"{""pn"": ""B"", ""rrp"": ""D"", ""discount"": ""G"", ""netPrice"": ""H"", ""coupon"": ""I""}",EXACT_PN,PASSED_VALIDATION,-
STOCK-R69-P1,SM-S942BLBQTHL,STANDARD_SM,,-,SF_PLUS,41900.0,0,12000.0,0,0,29900.0,01,-,2026-08-02,2026-09-06,ACTIVE,Stock.xlsx,Promotion,69,"{""pn"": ""B"", ""rrp"": ""D"", ""discount"": ""G"", ""netPrice"": ""H"", ""coupon"": ""I""}",EXACT_PN,PASSED_VALIDATION,-
STOCK-R70-P1,SM-S942BZVQTHL,STANDARD_SM,,-,SF_PLUS,41900.0,0,12000.0,0,0,29900.0,01,-,2026-08-02,2026-09-06,ACTIVE,Stock.xlsx,Promotion,70,"{""pn"": ""B"", ""rrp"": ""D"", ""discount"": ""G"", ""netPrice"": ""H"", ""coupon"": ""I""}",EXACT_PN,PASSED_VALIDATION,-
STOCK-R71-P1,SM-S942BZWQTHL,STANDARD_SM,,-,SF_PLUS,41900.0,0,12000.0,0,0,29900.0,01,-,2026-08-02,2026-09-06,ACTIVE,Stock.xlsx,Promotion,71,"{""pn"": ""B"", ""rrp"": ""D"", ""discount"": ""G"", ""netPrice"": ""H"", ""coupon"": ""I""}",EXACT_PN,PASSED_VALIDATION,-
STOCK-R72-P1,SM-S947BZKBTHL,STANDARD_SM,Galaxy S26+ 5G 12/256GB,-,SF_PLUS,40900.0,0,10000.0,0,0,30900.0,01,-,2026-08-02,2026-09-06,ACTIVE,Stock.xlsx,Promotion,72,"{""pn"": ""B"", ""rrp"": ""D"", ""discount"": ""G"", ""netPrice"": ""H"", ""coupon"": ""I""}",EXACT_PN,WARNING,-
STOCK-R73-P1,SM-S947BLBBTHL,STANDARD_SM,,-,SF_PLUS,40900.0,0,10000.0,0,0,30900.0,01,-,2026-08-02,2026-09-06,ACTIVE,Stock.xlsx,Promotion,73,"{""pn"": ""B"", ""rrp"": ""D"", ""discount"": ""G"", ""netPrice"": ""H"", ""coupon"": ""I""}",EXACT_PN,PASSED_VALIDATION,-
STOCK-R74-P1,SM-S947BZVBTHL,STANDARD_SM,,-,SF_PLUS,40900.0,0,10000.0,0,0,30900.0,01,-,2026-08-02,2026-09-06,ACTIVE,Stock.xlsx,Promotion,74,"{""pn"": ""B"", ""rrp"": ""D"", ""discount"": ""G"", ""netPrice"": ""H"", ""coupon"": ""I""}",EXACT_PN,PASSED_VALIDATION,-
STOCK-R75-P1,SM-S947BZWBTHL,STANDARD_SM,,-,SF_PLUS,40900.0,0,10000.0,0,0,30900.0,01,-,2026-08-02,2026-09-06,ACTIVE,Stock.xlsx,Promotion,75,"{""pn"": ""B"", ""rrp"": ""D"", ""discount"": ""G"", ""netPrice"": ""H"", ""coupon"": ""I""}",EXACT_PN,PASSED_VALIDATION,-
STOCK-R76-P1,SM-S947BZKCTHL,STANDARD_SM,Galaxy S26+ 5G 12/512GB,-,SF_PLUS,48900.0,0,12000.0,0,0,36900.0,01,-,2026-08-02,2026-09-06,ACTIVE,Stock.xlsx,Promotion,76,"{""pn"": ""B"", ""rrp"": ""D"", ""discount"": ""G"", ""netPrice"": ""H"", ""coupon"": ""I""}",EXACT_PN,PASSED_VALIDATION,-
STOCK-R77-P1,SM-S947BLBCTHL,STANDARD_SM,,-,SF_PLUS,48900.0,0,12000.0,0,0,36900.0,01,-,2026-08-02,2026-09-06,ACTIVE,Stock.xlsx,Promotion,77,"{""pn"": ""B"", ""rrp"": ""D"", ""discount"": ""G"", ""netPrice"": ""H"", ""coupon"": ""I""}",EXACT_PN,PASSED_VALIDATION,-
STOCK-R78-P1,SM-S947BZVCTHL,STANDARD_SM,,-,SF_PLUS,48900.0,0,12000.0,0,0,36900.0,01,-,2026-08-02,2026-09-06,ACTIVE,Stock.xlsx,Promotion,78,"{""pn"": ""B"", ""rrp"": ""D"", ""discount"": ""G"", ""netPrice"": ""H"", ""coupon"": ""I""}",EXACT_PN,PASSED_VALIDATION,-
STOCK-R79-P1,SM-S947BZWCTHL,STANDARD_SM,,-,SF_PLUS,48900.0,0,12000.0,0,0,36900.0,01,-,2026-08-02,2026-09-06,ACTIVE,Stock.xlsx,Promotion,79,"{""pn"": ""B"", ""rrp"": ""D"", ""discount"": ""G"", ""netPrice"": ""H"", ""coupon"": ""I""}",EXACT_PN,PASSED_VALIDATION,-
STOCK-R80-P1,SM-S948BZKBTHL,STANDARD_SM,Galaxy S26 Ultra 5G 12/256GB,-,SF_PLUS,46900.0,0,5000.0,0,0,41900.0,01,-,2026-08-02,2026-09-06,ACTIVE,Stock.xlsx,Promotion,80,"{""pn"": ""B"", ""rrp"": ""D"", ""discount"": ""G"", ""netPrice"": ""H"", ""coupon"": ""I""}",EXACT_PN,PASSED_VALIDATION,-
STOCK-R80-STUDENT,SM-S948BZKBTHL,STANDARD_SM,Galaxy S26 Ultra 5G 12/256GB,-,STUDENT,46900.0,0,0,0,7035,39865.0,Studentcrd,-,2026-08-02,2026-09-06,ACTIVE,Stock.xlsx,Promotion,80,"{""pn"": ""B"", ""rrp"": ""D"", ""studentRate"": ""P"", ""studentNet"": ""Q""}",EXACT_PN,WARNING,-
STOCK-R81-P1,SM-S948BLBBTHL,STANDARD_SM,,-,SF_PLUS,46900.0,0,5000.0,0,0,41900.0,01,-,2026-08-02,2026-09-06,ACTIVE,Stock.xlsx,Promotion,81,"{""pn"": ""B"", ""rrp"": ""D"", ""discount"": ""G"", ""netPrice"": ""H"", ""coupon"": ""I""}",EXACT_PN,PASSED_VALIDATION,-
STOCK-R81-STUDENT,SM-S948BLBBTHL,STANDARD_SM,,-,STUDENT,46900.0,0,0,0,7035,39865.0,Studentcrd,-,2026-08-02,2026-09-06,ACTIVE,Stock.xlsx,Promotion,81,"{""pn"": ""B"", ""rrp"": ""D"", ""studentRate"": ""P"", ""studentNet"": ""Q""}",EXACT_PN,WARNING,-
STOCK-R82-P1,SM-S948BZVBTHL,STANDARD_SM,,-,SF_PLUS,46900.0,0,5000.0,0,0,41900.0,01,-,2026-08-02,2026-09-06,ACTIVE,Stock.xlsx,Promotion,82,"{""pn"": ""B"", ""rrp"": ""D"", ""discount"": ""G"", ""netPrice"": ""H"", ""coupon"": ""I""}",EXACT_PN,PASSED_VALIDATION,-
STOCK-R82-STUDENT,SM-S948BZVBTHL,STANDARD_SM,,-,STUDENT,46900.0,0,0,0,7035,39865.0,Studentcrd,-,2026-08-02,2026-09-06,ACTIVE,Stock.xlsx,Promotion,82,"{""pn"": ""B"", ""rrp"": ""D"", ""studentRate"": ""P"", ""studentNet"": ""Q""}",EXACT_PN,WARNING,-
STOCK-R83-P1,SM-S948BZWBTHL,STANDARD_SM,,-,SF_PLUS,46900.0,0,5000.0,0,0,41900.0,01,-,2026-08-02,2026-09-06,ACTIVE,Stock.xlsx,Promotion,83,"{""pn"": ""B"", ""rrp"": ""D"", ""discount"": ""G"", ""netPrice"": ""H"", ""coupon"": ""I""}",EXACT_PN,PASSED_VALIDATION,-
STOCK-R83-STUDENT,SM-S948BZWBTHL,STANDARD_SM,,-,STUDENT,46900.0,0,0,0,7035,39865.0,Studentcrd,-,2026-08-02,2026-09-06,ACTIVE,Stock.xlsx,Promotion,83,"{""pn"": ""B"", ""rrp"": ""D"", ""studentRate"": ""P"", ""studentNet"": ""Q""}",EXACT_PN,WARNING,-
STOCK-R84-P1,SM-S948BZKCTHL,STANDARD_SM,Galaxy S26 Ultra 5G 12/512GB,-,SF_PLUS,54900.0,0,5000.0,0,0,49900.0,01,-,2026-08-02,2026-09-06,ACTIVE,Stock.xlsx,Promotion,84,"{""pn"": ""B"", ""rrp"": ""D"", ""discount"": ""G"", ""netPrice"": ""H"", ""coupon"": ""I""}",EXACT_PN,PASSED_VALIDATION,-
STOCK-R84-STUDENT,SM-S948BZKCTHL,STANDARD_SM,Galaxy S26 Ultra 5G 12/512GB,-,STUDENT,54900.0,0,0,0,8235,46665.0,Studentcrd,-,2026-08-02,2026-09-06,ACTIVE,Stock.xlsx,Promotion,84,"{""pn"": ""B"", ""rrp"": ""D"", ""studentRate"": ""P"", ""studentNet"": ""Q""}",EXACT_PN,WARNING,-
STOCK-R85-P1,SM-S948BLBCTHL,STANDARD_SM,,-,SF_PLUS,54900.0,0,5000.0,0,0,49900.0,01,-,2026-08-02,2026-09-06,ACTIVE,Stock.xlsx,Promotion,85,"{""pn"": ""B"", ""rrp"": ""D"", ""discount"": ""G"", ""netPrice"": ""H"", ""coupon"": ""I""}",EXACT_PN,PASSED_VALIDATION,-
STOCK-R85-STUDENT,SM-S948BLBCTHL,STANDARD_SM,,-,STUDENT,54900.0,0,0,0,8235,46665.0,Studentcrd,-,2026-08-02,2026-09-06,ACTIVE,Stock.xlsx,Promotion,85,"{""pn"": ""B"", ""rrp"": ""D"", ""studentRate"": ""P"", ""studentNet"": ""Q""}",EXACT_PN,WARNING,-
STOCK-R86-P1,SM-S948BZVCTHL,STANDARD_SM,,-,SF_PLUS,54900.0,0,5000.0,0,0,49900.0,01,-,2026-08-02,2026-09-06,ACTIVE,Stock.xlsx,Promotion,86,"{""pn"": ""B"", ""rrp"": ""D"", ""discount"": ""G"", ""netPrice"": ""H"", ""coupon"": ""I""}",EXACT_PN,PASSED_VALIDATION,-
STOCK-R86-STUDENT,SM-S948BZVCTHL,STANDARD_SM,,-,STUDENT,54900.0,0,0,0,8235,46665.0,Studentcrd,-,2026-08-02,2026-09-06,ACTIVE,Stock.xlsx,Promotion,86,"{""pn"": ""B"", ""rrp"": ""D"", ""studentRate"": ""P"", ""studentNet"": ""Q""}",EXACT_PN,WARNING,-
STOCK-R87-P1,SM-S948BZWCTHL,STANDARD_SM,,-,SF_PLUS,54900.0,0,5000.0,0,0,49900.0,01,-,2026-08-02,2026-09-06,ACTIVE,Stock.xlsx,Promotion,87,"{""pn"": ""B"", ""rrp"": ""D"", ""discount"": ""G"", ""netPrice"": ""H"", ""coupon"": ""I""}",EXACT_PN,PASSED_VALIDATION,-
STOCK-R87-STUDENT,SM-S948BZWCTHL,STANDARD_SM,,-,STUDENT,54900.0,0,0,0,8235,46665.0,Studentcrd,-,2026-08-02,2026-09-06,ACTIVE,Stock.xlsx,Promotion,87,"{""pn"": ""B"", ""rrp"": ""D"", ""studentRate"": ""P"", ""studentNet"": ""Q""}",EXACT_PN,WARNING,-
STOCK-R88-P1,SM-S948BZKQTHL,STANDARD_SM,Galaxy S26 Ultra 5G 12/1TB,-,SF_PLUS,66900.0,0,5000.0,0,0,61900.0,01,-,2026-08-02,2026-09-06,ACTIVE,Stock.xlsx,Promotion,88,"{""pn"": ""B"", ""rrp"": ""D"", ""discount"": ""G"", ""netPrice"": ""H"", ""coupon"": ""I""}",EXACT_PN,PASSED_VALIDATION,-
STOCK-R89-P1,SM-S948BLBQTHL,STANDARD_SM,,-,SF_PLUS,66900.0,0,5000.0,0,0,61900.0,01,-,2026-08-02,2026-09-06,ACTIVE,Stock.xlsx,Promotion,89,"{""pn"": ""B"", ""rrp"": ""D"", ""discount"": ""G"", ""netPrice"": ""H"", ""coupon"": ""I""}",EXACT_PN,PASSED_VALIDATION,-
STOCK-R90-P1,SM-S948BZVQTHL,STANDARD_SM,,-,SF_PLUS,66900.0,0,5000.0,0,0,61900.0,01,-,2026-08-02,2026-09-06,ACTIVE,Stock.xlsx,Promotion,90,"{""pn"": ""B"", ""rrp"": ""D"", ""discount"": ""G"", ""netPrice"": ""H"", ""coupon"": ""I""}",EXACT_PN,PASSED_VALIDATION,-
STOCK-R91-P1,SM-S948BZWQTHL,STANDARD_SM,,-,SF_PLUS,66900.0,0,5000.0,0,0,61900.0,01,-,2026-08-02,2026-09-06,ACTIVE,Stock.xlsx,Promotion,91,"{""pn"": ""B"", ""rrp"": ""D"", ""discount"": ""G"", ""netPrice"": ""H"", ""coupon"": ""I""}",EXACT_PN,PASSED_VALIDATION,-
STOCK-R92-P1,SM-F766BZRATHL,STANDARD_SM,Galaxy Z Flip7 12/256GB,-,SF_PLUS,40900.0,0,11000.0,0,0,29900.0,01,-,2026-08-02,2026-09-06,ACTIVE,Stock.xlsx,Promotion,92,"{""pn"": ""B"", ""rrp"": ""D"", ""discount"": ""G"", ""netPrice"": ""H"", ""coupon"": ""I""}",EXACT_PN,PASSED_VALIDATION,-
STOCK-R93-P1,SM-F766BZKATHL,STANDARD_SM,,-,SF_PLUS,40900.0,0,11000.0,0,0,29900.0,01,-,2026-08-02,2026-09-06,ACTIVE,Stock.xlsx,Promotion,93,"{""pn"": ""B"", ""rrp"": ""D"", ""discount"": ""G"", ""netPrice"": ""H"", ""coupon"": ""I""}",EXACT_PN,PASSED_VALIDATION,-
STOCK-R94-P1,SM-F766BDBATHL,STANDARD_SM,,-,SF_PLUS,40900.0,0,11000.0,0,0,29900.0,01,-,2026-08-02,2026-09-06,ACTIVE,Stock.xlsx,Promotion,94,"{""pn"": ""B"", ""rrp"": ""D"", ""discount"": ""G"", ""netPrice"": ""H"", ""coupon"": ""I""}",EXACT_PN,PASSED_VALIDATION,-
STOCK-R95-P1,SM-F766BZRETHL,STANDARD_SM,Galaxy Z Flip7 12/512GB,-,SF_PLUS,48900.0,0,11000.0,0,0,37900.0,01,-,2026-08-02,2026-09-06,ACTIVE,Stock.xlsx,Promotion,95,"{""pn"": ""B"", ""rrp"": ""D"", ""discount"": ""G"", ""netPrice"": ""H"", ""coupon"": ""I""}",EXACT_PN,PASSED_VALIDATION,-
STOCK-R96-P1,SM-F766BZKETHL,STANDARD_SM,,-,SF_PLUS,48900.0,0,11000.0,0,0,37900.0,01,-,2026-08-02,2026-09-06,ACTIVE,Stock.xlsx,Promotion,96,"{""pn"": ""B"", ""rrp"": ""D"", ""discount"": ""G"", ""netPrice"": ""H"", ""coupon"": ""I""}",EXACT_PN,PASSED_VALIDATION,-
STOCK-R97-P1,SM-F766BDBETHL,STANDARD_SM,,-,SF_PLUS,48900.0,0,11000.0,0,0,37900.0,01,-,2026-08-02,2026-09-06,ACTIVE,Stock.xlsx,Promotion,97,"{""pn"": ""B"", ""rrp"": ""D"", ""discount"": ""G"", ""netPrice"": ""H"", ""coupon"": ""I""}",EXACT_PN,PASSED_VALIDATION,-
STOCK-R98-P1,F-NS776BLIATHL,PASS_F,Galaxy Z Flip 8 12/256GB  รหัส F,-,SF_PLUS,42900.0,0,8000.0,0,0,34900.0,01,-,2026-08-02,2026-09-06,ACTIVE,Stock.xlsx,Promotion,98,"{""pn"": ""B"", ""rrp"": ""D"", ""discount"": ""G"", ""netPrice"": ""H"", ""coupon"": ""I""}",EXACT_PN,WARNING,-
STOCK-R99-P1,F-NS776BZKATHL,PASS_F,,-,SF_PLUS,42900.0,0,8000.0,0,0,34900.0,01,-,2026-08-02,2026-09-06,ACTIVE,Stock.xlsx,Promotion,99,"{""pn"": ""B"", ""rrp"": ""D"", ""discount"": ""G"", ""netPrice"": ""H"", ""coupon"": ""I""}",EXACT_PN,PASSED_VALIDATION,-
STOCK-R100-P1,F-NS776BZWATHL,PASS_F,,-,SF_PLUS,42900.0,0,8000.0,0,0,34900.0,01,-,2026-08-02,2026-09-06,ACTIVE,Stock.xlsx,Promotion,100,"{""pn"": ""B"", ""rrp"": ""D"", ""discount"": ""G"", ""netPrice"": ""H"", ""coupon"": ""I""}",EXACT_PN,PASSED_VALIDATION,-
STOCK-R101-P1,F-NS776BLIETHL,PASS_F,Galaxy Z Flip 8 12/512GB  รหัส F,-,SF_PLUS,50900.0,0,8000.0,0,0,42900.0,01,-,2026-08-02,2026-09-06,ACTIVE,Stock.xlsx,Promotion,101,"{""pn"": ""B"", ""rrp"": ""D"", ""discount"": ""G"", ""netPrice"": ""H"", ""coupon"": ""I""}",EXACT_PN,PASSED_VALIDATION,-
STOCK-R102-P1,F-NS776BZKETHL,PASS_F,,-,SF_PLUS,50900.0,0,8000.0,0,0,42900.0,01,-,2026-08-02,2026-09-06,ACTIVE,Stock.xlsx,Promotion,102,"{""pn"": ""B"", ""rrp"": ""D"", ""discount"": ""G"", ""netPrice"": ""H"", ""coupon"": ""I""}",EXACT_PN,PASSED_VALIDATION,-
STOCK-R103-P1,F-NS776BZWETHL,PASS_F,,-,SF_PLUS,50900.0,0,8000.0,0,0,42900.0,01,-,2026-08-02,2026-09-06,ACTIVE,Stock.xlsx,Promotion,103,"{""pn"": ""B"", ""rrp"": ""D"", ""discount"": ""G"", ""netPrice"": ""H"", ""coupon"": ""I""}",EXACT_PN,PASSED_VALIDATION,-
STOCK-R104-P1,SM-F776BLIATHL,STANDARD_SM,Galaxy Z Flip 8 12/256GB,-,SF_PLUS,42900.0,0,5000.0,0,0,37900.0,01,-,2026-08-02,2026-09-06,ACTIVE,Stock.xlsx,Promotion,104,"{""pn"": ""B"", ""rrp"": ""D"", ""discount"": ""G"", ""netPrice"": ""H"", ""coupon"": ""I""}",EXACT_PN,PASSED_VALIDATION,-
STOCK-R105-P1,SM-F776BZKATHL,STANDARD_SM,,-,SF_PLUS,42900.0,0,5000.0,0,0,37900.0,01,-,2026-08-02,2026-09-06,ACTIVE,Stock.xlsx,Promotion,105,"{""pn"": ""B"", ""rrp"": ""D"", ""discount"": ""G"", ""netPrice"": ""H"", ""coupon"": ""I""}",EXACT_PN,PASSED_VALIDATION,-
STOCK-R106-P1,SM-F776BZWATHL,STANDARD_SM,,-,SF_PLUS,42900.0,0,5000.0,0,0,37900.0,01,-,2026-08-02,2026-09-06,ACTIVE,Stock.xlsx,Promotion,106,"{""pn"": ""B"", ""rrp"": ""D"", ""discount"": ""G"", ""netPrice"": ""H"", ""coupon"": ""I""}",EXACT_PN,PASSED_VALIDATION,-
STOCK-R107-P1,SM-F776BLIETHL,STANDARD_SM,Galaxy Z Flip 8 12/512GB,-,SF_PLUS,50900.0,0,5000.0,0,0,45900.0,01,-,2026-08-02,2026-09-06,ACTIVE,Stock.xlsx,Promotion,107,"{""pn"": ""B"", ""rrp"": ""D"", ""discount"": ""G"", ""netPrice"": ""H"", ""coupon"": ""I""}",EXACT_PN,PASSED_VALIDATION,-
STOCK-R108-P1,SM-F776BZKETHL,STANDARD_SM,,-,SF_PLUS,50900.0,0,5000.0,0,0,45900.0,01,-,2026-08-02,2026-09-06,ACTIVE,Stock.xlsx,Promotion,108,"{""pn"": ""B"", ""rrp"": ""D"", ""discount"": ""G"", ""netPrice"": ""H"", ""coupon"": ""I""}",EXACT_PN,PASSED_VALIDATION,-
STOCK-R109-P1,SM-F776BZWETHL,STANDARD_SM,,-,SF_PLUS,50900.0,0,5000.0,0,0,45900.0,01,-,2026-08-02,2026-09-06,ACTIVE,Stock.xlsx,Promotion,109,"{""pn"": ""B"", ""rrp"": ""D"", ""discount"": ""G"", ""netPrice"": ""H"", ""coupon"": ""I""}",EXACT_PN,PASSED_VALIDATION,-
STOCK-R110-P1,SM-F966BZKDTHL,STANDARD_SM,Galaxy Z Fold7 (12/256GB),-,SF_PLUS,67900.0,0,18000.0,0,0,49900.0,01,-,2026-08-02,2026-09-06,ACTIVE,Stock.xlsx,Promotion,110,"{""pn"": ""B"", ""rrp"": ""D"", ""discount"": ""G"", ""netPrice"": ""H"", ""coupon"": ""I""}",EXACT_PN,PASSED_VALIDATION,-
STOCK-R111-P1,SM-F966BZSDTHL,STANDARD_SM,,-,SF_PLUS,67900.0,0,18000.0,0,0,49900.0,01,-,2026-08-02,2026-09-06,ACTIVE,Stock.xlsx,Promotion,111,"{""pn"": ""B"", ""rrp"": ""D"", ""discount"": ""G"", ""netPrice"": ""H"", ""coupon"": ""I""}",EXACT_PN,PASSED_VALIDATION,-
STOCK-R112-P1,SM-F966BDBDTHL,STANDARD_SM,,-,SF_PLUS,67900.0,0,18000.0,0,0,49900.0,01,-,2026-08-02,2026-09-06,ACTIVE,Stock.xlsx,Promotion,112,"{""pn"": ""B"", ""rrp"": ""D"", ""discount"": ""G"", ""netPrice"": ""H"", ""coupon"": ""I""}",EXACT_PN,PASSED_VALIDATION,-
STOCK-R113-P1,SM-F966BZKGTHL,STANDARD_SM,Galaxy Z Fold7 (12/512GB),-,SF_PLUS,75900.0,0,18000.0,0,0,57900.0,01,-,2026-08-02,2026-09-06,ACTIVE,Stock.xlsx,Promotion,113,"{""pn"": ""B"", ""rrp"": ""D"", ""discount"": ""G"", ""netPrice"": ""H"", ""coupon"": ""I""}",EXACT_PN,PASSED_VALIDATION,-
STOCK-R114-P1,SM-F966BZSGTHL,STANDARD_SM,,-,SF_PLUS,75900.0,0,18000.0,0,0,57900.0,01,-,2026-08-02,2026-09-06,ACTIVE,Stock.xlsx,Promotion,114,"{""pn"": ""B"", ""rrp"": ""D"", ""discount"": ""G"", ""netPrice"": ""H"", ""coupon"": ""I""}",EXACT_PN,PASSED_VALIDATION,-
STOCK-R115-P1,SM-F966BDBGTHL,STANDARD_SM,,-,SF_PLUS,75900.0,0,18000.0,0,0,57900.0,01,-,2026-08-02,2026-09-06,ACTIVE,Stock.xlsx,Promotion,115,"{""pn"": ""B"", ""rrp"": ""D"", ""discount"": ""G"", ""netPrice"": ""H"", ""coupon"": ""I""}",EXACT_PN,PASSED_VALIDATION,-
STOCK-R116-P1,SM-F966BZKHTHL,STANDARD_SM,Galaxy Z Fold7 (16/1TB),-,SF_PLUS,87900.0,0,18000.0,0,0,69900.0,01,-,2026-08-02,2026-09-06,ACTIVE,Stock.xlsx,Promotion,116,"{""pn"": ""B"", ""rrp"": ""D"", ""discount"": ""G"", ""netPrice"": ""H"", ""coupon"": ""I""}",EXACT_PN,PASSED_VALIDATION,-
STOCK-R117-P1,SM-F966BDBHTHL,STANDARD_SM,,-,SF_PLUS,87900.0,0,18000.0,0,0,69900.0,01,-,2026-08-02,2026-09-06,ACTIVE,Stock.xlsx,Promotion,117,"{""pn"": ""B"", ""rrp"": ""D"", ""discount"": ""G"", ""netPrice"": ""H"", ""coupon"": ""I""}",EXACT_PN,PASSED_VALIDATION,-
STOCK-R118-FOLD8-UNPROVEN,F-NS971BLVDTHL,PASS_F,Galaxy Z Fold 8 12/256GB  รหัส F,-,SF_PLUS,61900.0,0,1000.0,0,0,60900.0,01,-,2026-08-02,2026-09-06,ACTIVE,Stock.xlsx,Promotion,118,"{""pn"": ""B"", ""rrp"": ""D"", ""colG_discount"": ""G"", ""colH_net"": ""H"", ""colI_coupon"": ""I""}",EXACT_PN,BLOCKED,PROMOTION_TYPE_NOT_PROVEN
STOCK-R119-FOLD8-UNPROVEN,F-NS971BZKDTHL,PASS_F,,-,SF_PLUS,61900.0,0,1000.0,0,0,60900.0,01,-,2026-08-02,2026-09-06,ACTIVE,Stock.xlsx,Promotion,119,"{""pn"": ""B"", ""rrp"": ""D"", ""colG_discount"": ""G"", ""colH_net"": ""H"", ""colI_coupon"": ""I""}",EXACT_PN,BLOCKED,PROMOTION_TYPE_NOT_PROVEN
STOCK-R120-FOLD8-UNPROVEN,F-NS971BZWDTHL,PASS_F,,-,SF_PLUS,61900.0,0,1000.0,0,0,60900.0,01,-,2026-08-02,2026-09-06,ACTIVE,Stock.xlsx,Promotion,120,"{""pn"": ""B"", ""rrp"": ""D"", ""colG_discount"": ""G"", ""colH_net"": ""H"", ""colI_coupon"": ""I""}",EXACT_PN,BLOCKED,PROMOTION_TYPE_NOT_PROVEN
STOCK-R121-FOLD8-UNPROVEN,F-NS971BLVGTHL,PASS_F,Galaxy Z Fold 8 12/512GB  รหัส F,-,SF_PLUS,69900.0,0,5000.0,0,0,64900.0,01,-,2026-08-02,2026-09-06,ACTIVE,Stock.xlsx,Promotion,121,"{""pn"": ""B"", ""rrp"": ""D"", ""colG_discount"": ""G"", ""colH_net"": ""H"", ""colI_coupon"": ""I""}",EXACT_PN,BLOCKED,PROMOTION_TYPE_NOT_PROVEN
STOCK-R122-FOLD8-UNPROVEN,F-NS971BZKGTHL,PASS_F,,-,SF_PLUS,69900.0,0,5000.0,0,0,64900.0,01,-,2026-08-02,2026-09-06,ACTIVE,Stock.xlsx,Promotion,122,"{""pn"": ""B"", ""rrp"": ""D"", ""colG_discount"": ""G"", ""colH_net"": ""H"", ""colI_coupon"": ""I""}",EXACT_PN,BLOCKED,PROMOTION_TYPE_NOT_PROVEN
STOCK-R123-FOLD8-UNPROVEN,F-NS971BZWGTHL,PASS_F,,-,SF_PLUS,69900.0,0,5000.0,0,0,64900.0,01,-,2026-08-02,2026-09-06,ACTIVE,Stock.xlsx,Promotion,123,"{""pn"": ""B"", ""rrp"": ""D"", ""colG_discount"": ""G"", ""colH_net"": ""H"", ""colI_coupon"": ""I""}",EXACT_PN,BLOCKED,PROMOTION_TYPE_NOT_PROVEN
STOCK-R124-FOLD8-UNPROVEN,F-NS971BLVHTHL,PASS_F,Galaxy Z Fold 8 16/1TB  รหัส F,-,SF_PLUS,85900.0,0,5000.0,0,0,80900.0,01,-,2026-08-02,2026-09-06,ACTIVE,Stock.xlsx,Promotion,124,"{""pn"": ""B"", ""rrp"": ""D"", ""colG_discount"": ""G"", ""colH_net"": ""H"", ""colI_coupon"": ""I""}",EXACT_PN,BLOCKED,PROMOTION_TYPE_NOT_PROVEN
STOCK-R125-FOLD8-UNPROVEN,F-NS971BZKHTHL,PASS_F,,-,SF_PLUS,85900.0,0,5000.0,0,0,80900.0,01,-,2026-08-02,2026-09-06,ACTIVE,Stock.xlsx,Promotion,125,"{""pn"": ""B"", ""rrp"": ""D"", ""colG_discount"": ""G"", ""colH_net"": ""H"", ""colI_coupon"": ""I""}",EXACT_PN,BLOCKED,PROMOTION_TYPE_NOT_PROVEN
STOCK-R126-FOLD8-UNPROVEN,F-NS971BZWHTHL,PASS_F,,-,SF_PLUS,85900.0,0,5000.0,0,0,80900.0,01,-,2026-08-02,2026-09-06,ACTIVE,Stock.xlsx,Promotion,126,"{""pn"": ""B"", ""rrp"": ""D"", ""colG_discount"": ""G"", ""colH_net"": ""H"", ""colI_coupon"": ""I""}",EXACT_PN,BLOCKED,PROMOTION_TYPE_NOT_PROVEN
STOCK-R136-FOLD8-UNPROVEN,F-NS976BZKDTHL,PASS_F,Galaxy Z Fold 8 Ultra 12/256GB  รหัส F,-,SF_PLUS,69900.0,0,1000.0,0,0,68900.0,01,-,2026-08-02,2026-09-06,ACTIVE,Stock.xlsx,Promotion,136,"{""pn"": ""B"", ""rrp"": ""D"", ""colG_discount"": ""G"", ""colH_net"": ""H"", ""colI_coupon"": ""I""}",EXACT_PN,BLOCKED,PROMOTION_TYPE_NOT_PROVEN
STOCK-R137-FOLD8-UNPROVEN,F-NS976BZVDTHL,PASS_F,,-,SF_PLUS,69900.0,0,1000.0,0,0,68900.0,01,-,2026-08-02,2026-09-06,ACTIVE,Stock.xlsx,Promotion,137,"{""pn"": ""B"", ""rrp"": ""D"", ""colG_discount"": ""G"", ""colH_net"": ""H"", ""colI_coupon"": ""I""}",EXACT_PN,BLOCKED,PROMOTION_TYPE_NOT_PROVEN
STOCK-R138-FOLD8-UNPROVEN,F-NS976BZWDTHL,PASS_F,,-,SF_PLUS,69900.0,0,1000.0,0,0,68900.0,01,-,2026-08-02,2026-09-06,ACTIVE,Stock.xlsx,Promotion,138,"{""pn"": ""B"", ""rrp"": ""D"", ""colG_discount"": ""G"", ""colH_net"": ""H"", ""colI_coupon"": ""I""}",EXACT_PN,BLOCKED,PROMOTION_TYPE_NOT_PROVEN
STOCK-R139-FOLD8-UNPROVEN,F-NS976BZKGTHL,PASS_F,Galaxy Z Fold 8 Ultra 12/512GB  รหัส F,-,SF_PLUS,77900.0,0,5000.0,0,0,72900.0,01,-,2026-08-02,2026-09-06,ACTIVE,Stock.xlsx,Promotion,139,"{""pn"": ""B"", ""rrp"": ""D"", ""colG_discount"": ""G"", ""colH_net"": ""H"", ""colI_coupon"": ""I""}",EXACT_PN,BLOCKED,PROMOTION_TYPE_NOT_PROVEN
STOCK-R140-FOLD8-UNPROVEN,F-NS976BZVGTHL,PASS_F,,-,SF_PLUS,77900.0,0,5000.0,0,0,72900.0,01,-,2026-08-02,2026-09-06,ACTIVE,Stock.xlsx,Promotion,140,"{""pn"": ""B"", ""rrp"": ""D"", ""colG_discount"": ""G"", ""colH_net"": ""H"", ""colI_coupon"": ""I""}",EXACT_PN,BLOCKED,PROMOTION_TYPE_NOT_PROVEN
STOCK-R141-FOLD8-UNPROVEN,F-NS976BZWGTHL,PASS_F,,-,SF_PLUS,77900.0,0,5000.0,0,0,72900.0,01,-,2026-08-02,2026-09-06,ACTIVE,Stock.xlsx,Promotion,141,"{""pn"": ""B"", ""rrp"": ""D"", ""colG_discount"": ""G"", ""colH_net"": ""H"", ""colI_coupon"": ""I""}",EXACT_PN,BLOCKED,PROMOTION_TYPE_NOT_PROVEN
STOCK-R142-FOLD8-UNPROVEN,F-NS976BZKHTHL,PASS_F,Galaxy Z Fold 8 Ultra 16/1TB  รหัส F,-,SF_PLUS,93900.0,0,5000.0,0,0,88900.0,01,-,2026-08-02,2026-09-06,ACTIVE,Stock.xlsx,Promotion,142,"{""pn"": ""B"", ""rrp"": ""D"", ""colG_discount"": ""G"", ""colH_net"": ""H"", ""colI_coupon"": ""I""}",EXACT_PN,BLOCKED,PROMOTION_TYPE_NOT_PROVEN
STOCK-R143-FOLD8-UNPROVEN,F-NS976BZVHTHL,PASS_F,,-,SF_PLUS,93900.0,0,5000.0,0,0,88900.0,01,-,2026-08-02,2026-09-06,ACTIVE,Stock.xlsx,Promotion,143,"{""pn"": ""B"", ""rrp"": ""D"", ""colG_discount"": ""G"", ""colH_net"": ""H"", ""colI_coupon"": ""I""}",EXACT_PN,BLOCKED,PROMOTION_TYPE_NOT_PROVEN
STOCK-R144-FOLD8-UNPROVEN,F-NS976BZWHTHL,PASS_F,,-,SF_PLUS,93900.0,0,5000.0,0,0,88900.0,01,-,2026-08-02,2026-09-06,ACTIVE,Stock.xlsx,Promotion,144,"{""pn"": ""B"", ""rrp"": ""D"", ""colG_discount"": ""G"", ""colH_net"": ""H"", ""colI_coupon"": ""I""}",EXACT_PN,BLOCKED,PROMOTION_TYPE_NOT_PROVEN
STOCK-R155-P1,SM-X936BZAATHL,STANDARD_SM,Galaxy Tab S11Ultra 5G 12/256GB,-,SF_PLUS,48900.0,0,5000.0,0,0,43900.0,01,-,2026-08-02,2026-09-06,ACTIVE,Stock.xlsx,Promotion,155,"{""pn"": ""B"", ""rrp"": ""D"", ""discount"": ""G"", ""netPrice"": ""H"", ""coupon"": ""I""}",EXACT_PN,PASSED_VALIDATION,-
STOCK-R155-STUDENT,SM-X936BZAATHL,STANDARD_SM,Galaxy Tab S11Ultra 5G 12/256GB,-,STUDENT,48900.0,0,0,0,7335,41565.0,Studentcrd,-,2026-08-02,2026-09-06,ACTIVE,Stock.xlsx,Promotion,155,"{""pn"": ""B"", ""rrp"": ""D"", ""studentRate"": ""P"", ""studentNet"": ""Q""}",EXACT_PN,WARNING,-
STOCK-R156-P1,SM-X826BZAATHL,STANDARD_SM,Galaxy Tab S10Plus 5G,-,SF_PLUS,43900.0,0,13000.0,0,0,30900.0,01,-,2026-08-02,2026-09-06,ACTIVE,Stock.xlsx,Promotion,156,"{""pn"": ""B"", ""rrp"": ""D"", ""discount"": ""G"", ""netPrice"": ""H"", ""coupon"": ""I""}",EXACT_PN,PASSED_VALIDATION,-
STOCK-R158-P1,SM-X736BZAATHL,STANDARD_SM,Galaxy Tab S11 5G 12/128GB,-,SF_PLUS,33900.0,0,3500.0,0,0,30400.0,01,-,2026-08-02,2026-09-06,ACTIVE,Stock.xlsx,Promotion,158,"{""pn"": ""B"", ""rrp"": ""D"", ""discount"": ""G"", ""netPrice"": ""H"", ""coupon"": ""I""}",EXACT_PN,PASSED_VALIDATION,-
STOCK-R158-STUDENT,SM-X736BZAATHL,STANDARD_SM,Galaxy Tab S11 5G 12/128GB,-,STUDENT,33900.0,0,0,0,5085,28815.0,Studentcrd,-,2026-08-02,2026-09-06,ACTIVE,Stock.xlsx,Promotion,158,"{""pn"": ""B"", ""rrp"": ""D"", ""studentRate"": ""P"", ""studentNet"": ""Q""}",EXACT_PN,WARNING,-
STOCK-R159-P1,SM-X736BZSATHL,STANDARD_SM,,-,SF_PLUS,33900.0,0,3500.0,0,0,30400.0,01,-,2026-08-02,2026-09-06,ACTIVE,Stock.xlsx,Promotion,159,"{""pn"": ""B"", ""rrp"": ""D"", ""discount"": ""G"", ""netPrice"": ""H"", ""coupon"": ""I""}",EXACT_PN,PASSED_VALIDATION,-
STOCK-R159-STUDENT,SM-X736BZSATHL,STANDARD_SM,,-,STUDENT,33900.0,0,0,0,5085,28815.0,Studentcrd,-,2026-08-02,2026-09-06,ACTIVE,Stock.xlsx,Promotion,159,"{""pn"": ""B"", ""rrp"": ""D"", ""studentRate"": ""P"", ""studentNet"": ""Q""}",EXACT_PN,WARNING,-
STOCK-R160-P1,SM-X730NZAATHL,STANDARD_SM,Galaxy Tab S11 Wi-Fi 12/128GB,-,SF_PLUS,28900.0,0,3500.0,0,0,25400.0,01,-,2026-08-02,2026-09-06,ACTIVE,Stock.xlsx,Promotion,160,"{""pn"": ""B"", ""rrp"": ""D"", ""discount"": ""G"", ""netPrice"": ""H"", ""coupon"": ""I""}",EXACT_PN,PASSED_VALIDATION,-
STOCK-R160-STUDENT,SM-X730NZAATHL,STANDARD_SM,Galaxy Tab S11 Wi-Fi 12/128GB,-,STUDENT,28900.0,0,0,0,4335,24565.0,Studentcrd,-,2026-08-02,2026-09-06,ACTIVE,Stock.xlsx,Promotion,160,"{""pn"": ""B"", ""rrp"": ""D"", ""studentRate"": ""P"", ""studentNet"": ""Q""}",EXACT_PN,WARNING,-
STOCK-R161-P1,SM-X730NZSATHL,STANDARD_SM,,-,SF_PLUS,28900.0,0,3500.0,0,0,25400.0,01,-,2026-08-02,2026-09-06,ACTIVE,Stock.xlsx,Promotion,161,"{""pn"": ""B"", ""rrp"": ""D"", ""discount"": ""G"", ""netPrice"": ""H"", ""coupon"": ""I""}",EXACT_PN,PASSED_VALIDATION,-
STOCK-R161-STUDENT,SM-X730NZSATHL,STANDARD_SM,,-,STUDENT,28900.0,0,0,0,4335,24565.0,Studentcrd,-,2026-08-02,2026-09-06,ACTIVE,Stock.xlsx,Promotion,161,"{""pn"": ""B"", ""rrp"": ""D"", ""studentRate"": ""P"", ""studentNet"": ""Q""}",EXACT_PN,WARNING,-
STOCK-R162-P1,SM-X626BZAETHL,STANDARD_SM,Galaxy Tab S10FE Plus 5G 12/256GB,-,SF_PLUS,30900.0,0,5000.0,0,0,25900.0,01,-,2026-08-02,2026-09-06,ACTIVE,Stock.xlsx,Promotion,162,"{""pn"": ""B"", ""rrp"": ""D"", ""discount"": ""G"", ""netPrice"": ""H"", ""coupon"": ""I""}",EXACT_PN,PASSED_VALIDATION,-
STOCK-R162-STUDENT,SM-X626BZAETHL,STANDARD_SM,Galaxy Tab S10FE Plus 5G 12/256GB,-,STUDENT,30900.0,0,0,0,4635,26265.0,Studentcrd,-,2026-08-02,2026-09-06,ACTIVE,Stock.xlsx,Promotion,162,"{""pn"": ""B"", ""rrp"": ""D"", ""studentRate"": ""P"", ""studentNet"": ""Q""}",EXACT_PN,WARNING,-
STOCK-R163-P1,SM-X620NZAETHL,STANDARD_SM,Galaxy Tab S10FE Plus Wi-Fi 12/256GB,-,SF_PLUS,27900.0,0,5000.0,0,0,22900.0,01,-,2026-08-02,2026-09-06,ACTIVE,Stock.xlsx,Promotion,163,"{""pn"": ""B"", ""rrp"": ""D"", ""discount"": ""G"", ""netPrice"": ""H"", ""coupon"": ""I""}",EXACT_PN,PASSED_VALIDATION,-
STOCK-R163-STUDENT,SM-X620NZAETHL,STANDARD_SM,Galaxy Tab S10FE Plus Wi-Fi 12/256GB,-,STUDENT,27900.0,0,0,0,4185,23715.0,Studentcrd,-,2026-08-02,2026-09-06,ACTIVE,Stock.xlsx,Promotion,163,"{""pn"": ""B"", ""rrp"": ""D"", ""studentRate"": ""P"", ""studentNet"": ""Q""}",EXACT_PN,WARNING,-
STOCK-R164-P1,SM-X526BLBATHL,STANDARD_SM,Galaxy Tab S10 FE 5G 8/128GB,-,SF_PLUS,22900.0,0,3500.0,0,0,19400.0,01,-,2026-08-02,2026-09-06,ACTIVE,Stock.xlsx,Promotion,164,"{""pn"": ""B"", ""rrp"": ""D"", ""discount"": ""G"", ""netPrice"": ""H"", ""coupon"": ""I""}",EXACT_PN,PASSED_VALIDATION,-
STOCK-R164-STUDENT,SM-X526BLBATHL,STANDARD_SM,Galaxy Tab S10 FE 5G 8/128GB,-,STUDENT,22900.0,0,0,0,3435,19465.0,Studentcrd,-,2026-08-02,2026-09-06,ACTIVE,Stock.xlsx,Promotion,164,"{""pn"": ""B"", ""rrp"": ""D"", ""studentRate"": ""P"", ""studentNet"": ""Q""}",EXACT_PN,WARNING,-
STOCK-R165-P1,SM-X526BZAATHL,STANDARD_SM,,-,SF_PLUS,22900.0,0,3500.0,0,0,19400.0,01,-,2026-08-02,2026-09-06,ACTIVE,Stock.xlsx,Promotion,165,"{""pn"": ""B"", ""rrp"": ""D"", ""discount"": ""G"", ""netPrice"": ""H"", ""coupon"": ""I""}",EXACT_PN,PASSED_VALIDATION,-
STOCK-R165-STUDENT,SM-X526BZAATHL,STANDARD_SM,,-,STUDENT,22900.0,0,0,0,3435,19465.0,Studentcrd,-,2026-08-02,2026-09-06,ACTIVE,Stock.xlsx,Promotion,165,"{""pn"": ""B"", ""rrp"": ""D"", ""studentRate"": ""P"", ""studentNet"": ""Q""}",EXACT_PN,WARNING,-
STOCK-R166-P1,SM-X520NLBATHL,STANDARD_SM,Galaxy Tab S10 FE Wifi 8/128GB,-,SF_PLUS,19900.0,0,3500.0,0,0,16400.0,01,-,2026-08-02,2026-09-06,ACTIVE,Stock.xlsx,Promotion,166,"{""pn"": ""B"", ""rrp"": ""D"", ""discount"": ""G"", ""netPrice"": ""H"", ""coupon"": ""I""}",EXACT_PN,PASSED_VALIDATION,-
STOCK-R166-STUDENT,SM-X520NLBATHL,STANDARD_SM,Galaxy Tab S10 FE Wifi 8/128GB,-,STUDENT,19900.0,0,0,0,2985,16915.0,Studentcrd,-,2026-08-02,2026-09-06,ACTIVE,Stock.xlsx,Promotion,166,"{""pn"": ""B"", ""rrp"": ""D"", ""studentRate"": ""P"", ""studentNet"": ""Q""}",EXACT_PN,WARNING,-
STOCK-R167-P1,SM-X520NZAATHL,STANDARD_SM,,-,SF_PLUS,19900.0,0,3500.0,0,0,16400.0,01,-,2026-08-02,2026-09-06,ACTIVE,Stock.xlsx,Promotion,167,"{""pn"": ""B"", ""rrp"": ""D"", ""discount"": ""G"", ""netPrice"": ""H"", ""coupon"": ""I""}",EXACT_PN,PASSED_VALIDATION,-
STOCK-R167-STUDENT,SM-X520NZAATHL,STANDARD_SM,,-,STUDENT,19900.0,0,0,0,2985,16915.0,Studentcrd,-,2026-08-02,2026-09-06,ACTIVE,Stock.xlsx,Promotion,167,"{""pn"": ""B"", ""rrp"": ""D"", ""studentRate"": ""P"", ""studentNet"": ""Q""}",EXACT_PN,WARNING,-
STOCK-R168-P1,F-X406BZAAFCX4,PASS_F,Galaxy Tab S10 Lite 5G 6/128GB แถม KB,-,SF_PLUS,16990.0,0,500.0,0,0,16490.0,01,-,2026-08-02,2026-09-06,ACTIVE,Stock.xlsx,Promotion,168,"{""pn"": ""B"", ""rrp"": ""D"", ""discount"": ""G"", ""netPrice"": ""H"", ""coupon"": ""I""}",EXACT_PN,PASSED_VALIDATION,-
STOCK-R168-STUDENT,F-X406BZAAFCX4,PASS_F,Galaxy Tab S10 Lite 5G 6/128GB แถม KB,-,STUDENT,16990.0,0,0,0,1699,15291.0,Studentcrd,-,2026-08-02,2026-09-06,ACTIVE,Stock.xlsx,Promotion,168,"{""pn"": ""B"", ""rrp"": ""D"", ""studentRate"": ""P"", ""studentNet"": ""Q""}",EXACT_PN,WARNING,-
STOCK-R169-P1,F-X406BZRAFCX4,PASS_F,,-,SF_PLUS,16990.0,0,500.0,0,0,16490.0,01,-,2026-08-02,2026-09-06,ACTIVE,Stock.xlsx,Promotion,169,"{""pn"": ""B"", ""rrp"": ""D"", ""discount"": ""G"", ""netPrice"": ""H"", ""coupon"": ""I""}",EXACT_PN,PASSED_VALIDATION,-
STOCK-R169-STUDENT,F-X406BZRAFCX4,PASS_F,,-,STUDENT,16990.0,0,0,0,1699,15291.0,Studentcrd,-,2026-08-02,2026-09-06,ACTIVE,Stock.xlsx,Promotion,169,"{""pn"": ""B"", ""rrp"": ""D"", ""studentRate"": ""P"", ""studentNet"": ""Q""}",EXACT_PN,WARNING,-
STOCK-R170-P1,SM-X406BZAATHL,STANDARD_SM,Galaxy Tab S10 Lite 5G 6/128GB,-,SF_PLUS,16990.0,0,2500.0,0,0,14490.0,01,-,2026-08-02,2026-09-06,ACTIVE,Stock.xlsx,Promotion,170,"{""pn"": ""B"", ""rrp"": ""D"", ""discount"": ""G"", ""netPrice"": ""H"", ""coupon"": ""I""}",EXACT_PN,PASSED_VALIDATION,-
STOCK-R170-STUDENT,SM-X406BZAATHL,STANDARD_SM,Galaxy Tab S10 Lite 5G 6/128GB,-,STUDENT,16990.0,0,0,0,1699,15291.0,Studentcrd,-,2026-08-02,2026-09-06,ACTIVE,Stock.xlsx,Promotion,170,"{""pn"": ""B"", ""rrp"": ""D"", ""studentRate"": ""P"", ""studentNet"": ""Q""}",EXACT_PN,WARNING,-
STOCK-R172-P1,F-X400NZAAFCX4,PASS_F,Galaxy Tab S10 Lite Wifi 6/128GB แถม KB,-,SF_PLUS,12990.0,0,500.0,0,0,12490.0,01,-,2026-08-02,2026-09-06,ACTIVE,Stock.xlsx,Promotion,172,"{""pn"": ""B"", ""rrp"": ""D"", ""discount"": ""G"", ""netPrice"": ""H"", ""coupon"": ""I""}",EXACT_PN,PASSED_VALIDATION,-
STOCK-R172-STUDENT,F-X400NZAAFCX4,PASS_F,Galaxy Tab S10 Lite Wifi 6/128GB แถม KB,-,STUDENT,12990.0,0,0,0,1299,11691.0,Studentcrd,-,2026-08-02,2026-09-06,ACTIVE,Stock.xlsx,Promotion,172,"{""pn"": ""B"", ""rrp"": ""D"", ""studentRate"": ""P"", ""studentNet"": ""Q""}",EXACT_PN,WARNING,-
STOCK-R173-P1,F-X400NZRAFCX4,PASS_F,,-,SF_PLUS,12990.0,0,500.0,0,0,12490.0,01,-,2026-08-02,2026-09-06,ACTIVE,Stock.xlsx,Promotion,173,"{""pn"": ""B"", ""rrp"": ""D"", ""discount"": ""G"", ""netPrice"": ""H"", ""coupon"": ""I""}",EXACT_PN,PASSED_VALIDATION,-
STOCK-R173-STUDENT,F-X400NZRAFCX4,PASS_F,,-,STUDENT,12990.0,0,0,0,1299,11691.0,Studentcrd,-,2026-08-02,2026-09-06,ACTIVE,Stock.xlsx,Promotion,173,"{""pn"": ""B"", ""rrp"": ""D"", ""studentRate"": ""P"", ""studentNet"": ""Q""}",EXACT_PN,WARNING,-
STOCK-R174-P1,SM-X400NZAATHL,STANDARD_SM,Galaxy Tab S10 Lite Wifi 6/128GB,-,SF_PLUS,12990.0,0,2500.0,0,0,10490.0,01,-,2026-08-02,2026-09-06,ACTIVE,Stock.xlsx,Promotion,174,"{""pn"": ""B"", ""rrp"": ""D"", ""discount"": ""G"", ""netPrice"": ""H"", ""coupon"": ""I""}",EXACT_PN,PASSED_VALIDATION,-
STOCK-R174-STUDENT,SM-X400NZAATHL,STANDARD_SM,Galaxy Tab S10 Lite Wifi 6/128GB,-,STUDENT,12990.0,0,0,0,1299,11691.0,Studentcrd,-,2026-08-02,2026-09-06,ACTIVE,Stock.xlsx,Promotion,174,"{""pn"": ""B"", ""rrp"": ""D"", ""studentRate"": ""P"", ""studentNet"": ""Q""}",EXACT_PN,WARNING,-
STOCK-R175-P1,SM-X400NZRATHL,STANDARD_SM,,-,SF_PLUS,12990.0,0,2500.0,0,0,10490.0,01,-,2026-08-02,2026-09-06,ACTIVE,Stock.xlsx,Promotion,175,"{""pn"": ""B"", ""rrp"": ""D"", ""discount"": ""G"", ""netPrice"": ""H"", ""coupon"": ""I""}",EXACT_PN,PASSED_VALIDATION,-
STOCK-R175-STUDENT,SM-X400NZRATHL,STANDARD_SM,,-,STUDENT,12990.0,0,0,0,1299,11691.0,Studentcrd,-,2026-08-02,2026-09-06,ACTIVE,Stock.xlsx,Promotion,175,"{""pn"": ""B"", ""rrp"": ""D"", ""studentRate"": ""P"", ""studentNet"": ""Q""}",EXACT_PN,WARNING,-
STOCK-R176-P1,F-X236BZAAFBX2,PASS_F,Galaxy Tab A11Plus 5G 6/128GB,-,SF_PLUS,10490.0,0,500.0,0,0,9990.0,01,-,2026-08-02,2026-09-06,ACTIVE,Stock.xlsx,Promotion,176,"{""pn"": ""B"", ""rrp"": ""D"", ""discount"": ""G"", ""netPrice"": ""H"", ""coupon"": ""I""}",EXACT_PN,PASSED_VALIDATION,-
STOCK-R176-P2,F-X236BZAAFBX2,PASS_F,Galaxy Tab A11Plus 5G 6/128GB,-,STANDARD_PAYMENT,10490.0,1500.0,0,0,0,8990.0,04,-,2026-08-02,2026-09-06,ACTIVE,Stock.xlsx,Promotion,176,"{""pn"": ""B"", ""rrp"": ""D"", ""discount"": ""J"", ""netPrice"": ""K"", ""coupon"": ""L""}",EXACT_PN,WARNING,-
STOCK-R176-STUDENT,F-X236BZAAFBX2,PASS_F,Galaxy Tab A11Plus 5G 6/128GB,-,STUDENT,10490.0,0,0,0,1573,8917.0,Studentcrd,-,2026-08-02,2026-09-06,ACTIVE,Stock.xlsx,Promotion,176,"{""pn"": ""B"", ""rrp"": ""D"", ""studentRate"": ""P"", ""studentNet"": ""Q""}",EXACT_PN,WARNING,-
STOCK-R177-P1,SM-X236BZAATHL,STANDARD_SM,Galaxy Tab A11Plus 5G 6/128GB,-,SF_PLUS,10490.0,0,500.0,0,0,9990.0,01,-,2026-08-02,2026-09-06,ACTIVE,Stock.xlsx,Promotion,177,"{""pn"": ""B"", ""rrp"": ""D"", ""discount"": ""G"", ""netPrice"": ""H"", ""coupon"": ""I""}",EXACT_PN,PASSED_VALIDATION,-
STOCK-R177-P2,SM-X236BZAATHL,STANDARD_SM,Galaxy Tab A11Plus 5G 6/128GB,-,STANDARD_PAYMENT,10490.0,1500.0,0,0,0,8990.0,02,-,2026-08-02,2026-09-06,ACTIVE,Stock.xlsx,Promotion,177,"{""pn"": ""B"", ""rrp"": ""D"", ""discount"": ""J"", ""netPrice"": ""K"", ""coupon"": ""L""}",EXACT_PN,WARNING,-
STOCK-R177-STUDENT,SM-X236BZAATHL,STANDARD_SM,Galaxy Tab A11Plus 5G 6/128GB,-,STUDENT,10490.0,0,0,0,1573,8917.0,Studentcrd,-,2026-08-02,2026-09-06,ACTIVE,Stock.xlsx,Promotion,177,"{""pn"": ""B"", ""rrp"": ""D"", ""studentRate"": ""P"", ""studentNet"": ""Q""}",EXACT_PN,WARNING,-
STOCK-R178-P1,F-X230NZAAFBX2,PASS_F,Galaxy Tab A11Plus Wi-Fi 6/128GB,-,SF_PLUS,8490.0,0,500.0,0,0,7990.0,01,-,2026-08-02,2026-09-06,ACTIVE,Stock.xlsx,Promotion,178,"{""pn"": ""B"", ""rrp"": ""D"", ""discount"": ""G"", ""netPrice"": ""H"", ""coupon"": ""I""}",EXACT_PN,PASSED_VALIDATION,-
STOCK-R178-P2,F-X230NZAAFBX2,PASS_F,Galaxy Tab A11Plus Wi-Fi 6/128GB,-,STANDARD_PAYMENT,8490.0,1500.0,0,0,0,6990.0,02,-,2026-08-02,2026-09-06,ACTIVE,Stock.xlsx,Promotion,178,"{""pn"": ""B"", ""rrp"": ""D"", ""discount"": ""J"", ""netPrice"": ""K"", ""coupon"": ""L""}",EXACT_PN,WARNING,-
STOCK-R178-STUDENT,F-X230NZAAFBX2,PASS_F,Galaxy Tab A11Plus Wi-Fi 6/128GB,-,STUDENT,8490.0,0,0,0,1273,7217.0,Studentcrd,-,2026-08-02,2026-09-06,ACTIVE,Stock.xlsx,Promotion,178,"{""pn"": ""B"", ""rrp"": ""D"", ""studentRate"": ""P"", ""studentNet"": ""Q""}",EXACT_PN,WARNING,-
STOCK-R179-P1,SM-X230NZAATHL,STANDARD_SM,Galaxy Tab A11Plus Wi-Fi 6/128GB,-,SF_PLUS,8490.0,0,500.0,0,0,7990.0,01,-,2026-08-02,2026-09-06,ACTIVE,Stock.xlsx,Promotion,179,"{""pn"": ""B"", ""rrp"": ""D"", ""discount"": ""G"", ""netPrice"": ""H"", ""coupon"": ""I""}",EXACT_PN,PASSED_VALIDATION,-
STOCK-R179-P2,SM-X230NZAATHL,STANDARD_SM,Galaxy Tab A11Plus Wi-Fi 6/128GB,-,STANDARD_PAYMENT,8490.0,1500.0,0,0,0,6990.0,02,-,2026-08-02,2026-09-06,ACTIVE,Stock.xlsx,Promotion,179,"{""pn"": ""B"", ""rrp"": ""D"", ""discount"": ""J"", ""netPrice"": ""K"", ""coupon"": ""L""}",EXACT_PN,WARNING,-
STOCK-R179-STUDENT,SM-X230NZAATHL,STANDARD_SM,Galaxy Tab A11Plus Wi-Fi 6/128GB,-,STUDENT,8490.0,0,0,0,1273,7217.0,Studentcrd,-,2026-08-02,2026-09-06,ACTIVE,Stock.xlsx,Promotion,179,"{""pn"": ""B"", ""rrp"": ""D"", ""studentRate"": ""P"", ""studentNet"": ""Q""}",EXACT_PN,WARNING,-
STOCK-R180-P1,SM-X135GZAETHL,STANDARD_SM,Galaxy Tab A11 LTE 8/128GB,-,SF_PLUS,7490.0,0,500.0,0,0,6990.0,01,-,2026-08-02,2026-09-06,ACTIVE,Stock.xlsx,Promotion,180,"{""pn"": ""B"", ""rrp"": ""D"", ""discount"": ""G"", ""netPrice"": ""H"", ""coupon"": ""I""}",EXACT_PN,PASSED_VALIDATION,-
STOCK-R180-P2,SM-X135GZAETHL,STANDARD_SM,Galaxy Tab A11 LTE 8/128GB,-,STANDARD_PAYMENT,7490.0,1500.0,0,0,0,5990.0,02,-,2026-08-02,2026-09-06,ACTIVE,Stock.xlsx,Promotion,180,"{""pn"": ""B"", ""rrp"": ""D"", ""discount"": ""J"", ""netPrice"": ""K"", ""coupon"": ""L""}",EXACT_PN,WARNING,-
STOCK-R180-STUDENT,SM-X135GZAETHL,STANDARD_SM,Galaxy Tab A11 LTE 8/128GB,-,STUDENT,7490.0,0,0,0,1123,6367.0,Studentcrd,-,2026-08-02,2026-09-06,ACTIVE,Stock.xlsx,Promotion,180,"{""pn"": ""B"", ""rrp"": ""D"", ""studentRate"": ""P"", ""studentNet"": ""Q""}",EXACT_PN,WARNING,-
STOCK-R182-P1,SM-R410NZKAASA,STANDARD_SM,Samsung Galaxy Buds Core,-,SF_PLUS,1490.0,0,200.0,0,0,1290.0,03,-,2026-08-02,2026-09-06,ACTIVE,Stock.xlsx,Promotion,182,"{""pn"": ""B"", ""rrp"": ""D"", ""discount"": ""G"", ""netPrice"": ""H"", ""coupon"": ""I""}",EXACT_PN,PASSED_VALIDATION,-
STOCK-R183-P1,SM-R410NZWAASA,STANDARD_SM,,-,SF_PLUS,1490.0,0,200.0,0,0,1290.0,01,-,2026-08-02,2026-09-06,ACTIVE,Stock.xlsx,Promotion,183,"{""pn"": ""B"", ""rrp"": ""D"", ""discount"": ""G"", ""netPrice"": ""H"", ""coupon"": ""I""}",EXACT_PN,PASSED_VALIDATION,-
STOCK-R184-P1,SM-R420NZKAASA,STANDARD_SM,Samsung Galaxy Buds3 FE,-,SF_PLUS,4290.0,0,0.3,0,0,3003.0,01,-,2026-08-02,2026-09-06,ACTIVE,Stock.xlsx,Promotion,184,"{""pn"": ""B"", ""rrp"": ""D"", ""discount"": ""G"", ""netPrice"": ""H"", ""coupon"": ""I""}",EXACT_PN,BLOCKED,PRICE_EQUATION_MISMATCH
STOCK-R185-P1,SM-R420NZAAASA,STANDARD_SM,,-,SF_PLUS,4290.0,0,0.3,0,0,3003.0,01,-,2026-08-02,2026-09-06,ACTIVE,Stock.xlsx,Promotion,185,"{""pn"": ""B"", ""rrp"": ""D"", ""discount"": ""G"", ""netPrice"": ""H"", ""coupon"": ""I""}",EXACT_PN,BLOCKED,PRICE_EQUATION_MISMATCH
STOCK-R186-P1,SM-R540NZKAASA,STANDARD_SM,Samsung Galaxy Buds4,-,SF_PLUS,5990.0,0,0.3,0,0,4193.0,01,-,2026-08-02,2026-09-06,ACTIVE,Stock.xlsx,Promotion,186,"{""pn"": ""B"", ""rrp"": ""D"", ""discount"": ""G"", ""netPrice"": ""H"", ""coupon"": ""I""}",EXACT_PN,BLOCKED,PRICE_EQUATION_MISMATCH
STOCK-R187-P1,SM-R540NZWAASA,STANDARD_SM,,-,SF_PLUS,5990.0,0,0.3,0,0,4193.0,01,-,2026-08-02,2026-09-06,ACTIVE,Stock.xlsx,Promotion,187,"{""pn"": ""B"", ""rrp"": ""D"", ""discount"": ""G"", ""netPrice"": ""H"", ""coupon"": ""I""}",EXACT_PN,BLOCKED,PRICE_EQUATION_MISMATCH
STOCK-R188-P1,SM-R640NZKAASA,STANDARD_SM,Samsung Galaxy Buds4 Pro,-,SF_PLUS,7990.0,0,0.3,0,0,5593.0,01,-,2026-08-02,2026-09-06,ACTIVE,Stock.xlsx,Promotion,188,"{""pn"": ""B"", ""rrp"": ""D"", ""discount"": ""G"", ""netPrice"": ""H"", ""coupon"": ""I""}",EXACT_PN,BLOCKED,PRICE_EQUATION_MISMATCH
STOCK-R189-P1,SM-R640NZWAASA,STANDARD_SM,,-,SF_PLUS,7990.0,0,0.3,0,0,5593.0,01,-,2026-08-02,2026-09-06,ACTIVE,Stock.xlsx,Promotion,189,"{""pn"": ""B"", ""rrp"": ""D"", ""discount"": ""G"", ""netPrice"": ""H"", ""coupon"": ""I""}",EXACT_PN,BLOCKED,PRICE_EQUATION_MISMATCH
STOCK-R190-P1,SM-R640NZDAASA,STANDARD_SM,,-,SF_PLUS,7990.0,0,0.3,0,0,5593.0,01,-,2026-08-02,2026-09-06,ACTIVE,Stock.xlsx,Promotion,190,"{""pn"": ""B"", ""rrp"": ""D"", ""discount"": ""G"", ""netPrice"": ""H"", ""coupon"": ""I""}",EXACT_PN,BLOCKED,PRICE_EQUATION_MISMATCH
STOCK-R200-P1,SM-L320NDAAASA,STANDARD_SM,Samsung Galaxy Watch8 40mm BT,-,SF_PLUS,11900.0,0,4000.0,0,0,7900.0,01,-,2026-08-02,2026-09-06,ACTIVE,Stock.xlsx,Promotion,200,"{""pn"": ""B"", ""rrp"": ""D"", ""discount"": ""G"", ""netPrice"": ""H"", ""coupon"": ""I""}",EXACT_PN,PASSED_VALIDATION,-
STOCK-R201-P1,SM-L320NZSAASA,STANDARD_SM,,-,SF_PLUS,11900.0,0,4000.0,0,0,7900.0,01,-,2026-08-02,2026-09-06,ACTIVE,Stock.xlsx,Promotion,201,"{""pn"": ""B"", ""rrp"": ""D"", ""discount"": ""G"", ""netPrice"": ""H"", ""coupon"": ""I""}",EXACT_PN,PASSED_VALIDATION,-
STOCK-R202-P1,SM-L330NDAAASA,STANDARD_SM,Samsung Galaxy Watch8 44mm BT,-,SF_PLUS,13900.0,0,4000.0,0,0,9900.0,01,-,2026-08-02,2026-09-06,ACTIVE,Stock.xlsx,Promotion,202,"{""pn"": ""B"", ""rrp"": ""D"", ""discount"": ""G"", ""netPrice"": ""H"", ""coupon"": ""I""}",EXACT_PN,PASSED_VALIDATION,-
STOCK-R203-P1,SM-L500NZKAASA,STANDARD_SM,Samsung Galaxy Watch8 Classic BT,-,SF_PLUS,17900.0,0,0.3,0,0,12530.0,01,-,2026-08-02,2026-09-06,ACTIVE,Stock.xlsx,Promotion,203,"{""pn"": ""B"", ""rrp"": ""D"", ""discount"": ""G"", ""netPrice"": ""H"", ""coupon"": ""I""}",EXACT_PN,BLOCKED,PRICE_EQUATION_MISMATCH
STOCK-R204-P1,SM-L500NZWAASA,STANDARD_SM,Samsung Galaxy Watch8 Classic BT,-,SF_PLUS,17900.0,0,0.3,0,0,12530.0,01,-,2026-08-02,2026-09-06,ACTIVE,Stock.xlsx,Promotion,204,"{""pn"": ""B"", ""rrp"": ""D"", ""discount"": ""G"", ""netPrice"": ""H"", ""coupon"": ""I""}",EXACT_PN,BLOCKED,PRICE_EQUATION_MISMATCH
STOCK-R205-P1,SM-L505FZKATHL,STANDARD_SM,Samsung Galaxy Watch8 Classic LTE,-,SF_PLUS,19900.0,0,0.3,0,0,13930.0,01,-,2026-08-02,2026-09-06,ACTIVE,Stock.xlsx,Promotion,205,"{""pn"": ""B"", ""rrp"": ""D"", ""discount"": ""G"", ""netPrice"": ""H"", ""coupon"": ""I""}",EXACT_PN,BLOCKED,PRICE_EQUATION_MISMATCH
STOCK-R206-P1,SM-L340NZEAASA,STANDARD_SM,Samsung Galaxy Watch9 40mm,-,SF_PLUS,12900.0,0,0.3,0,0,9030.0,01,-,2026-08-02,2026-09-06,ACTIVE,Stock.xlsx,Promotion,206,"{""pn"": ""B"", ""rrp"": ""D"", ""discount"": ""G"", ""netPrice"": ""H"", ""coupon"": ""I""}",EXACT_PN,BLOCKED,PRICE_EQUATION_MISMATCH
STOCK-R207-P1,SM-L340NZKAASA,STANDARD_SM,,-,SF_PLUS,12900.0,0,0.3,0,0,9030.0,01,-,2026-08-02,2026-09-06,ACTIVE,Stock.xlsx,Promotion,207,"{""pn"": ""B"", ""rrp"": ""D"", ""discount"": ""G"", ""netPrice"": ""H"", ""coupon"": ""I""}",EXACT_PN,BLOCKED,PRICE_EQUATION_MISMATCH
STOCK-R208-P1,SM-L350NZSAASA,STANDARD_SM,Samsung Galaxy Watch9 44mm,-,SF_PLUS,14900.0,0,0.3,0,0,10430.0,01,-,2026-08-02,2026-09-06,ACTIVE,Stock.xlsx,Promotion,208,"{""pn"": ""B"", ""rrp"": ""D"", ""discount"": ""G"", ""netPrice"": ""H"", ""coupon"": ""I""}",EXACT_PN,BLOCKED,PRICE_EQUATION_MISMATCH
STOCK-R209-P1,SM-L350NZKAASA,STANDARD_SM,,-,SF_PLUS,14900.0,0,0.3,0,0,10430.0,01,-,2026-08-02,2026-09-06,ACTIVE,Stock.xlsx,Promotion,209,"{""pn"": ""B"", ""rrp"": ""D"", ""discount"": ""G"", ""netPrice"": ""H"", ""coupon"": ""I""}",EXACT_PN,BLOCKED,PRICE_EQUATION_MISMATCH
STOCK-R210-P1,SM-L705FDAATHL,STANDARD_SM,Samsung Galaxy Watch Ultra 2024,-,SF_PLUS,23900.0,0,0.5,0,0,11950.0,05,-,2026-08-02,2026-09-06,ACTIVE,Stock.xlsx,Promotion,210,"{""pn"": ""B"", ""rrp"": ""D"", ""discount"": ""G"", ""netPrice"": ""H"", ""coupon"": ""I""}",EXACT_PN,BLOCKED,PRICE_EQUATION_MISMATCH
STOCK-R211-P1,SM-L705FZTATHL,STANDARD_SM,,-,SF_PLUS,23900.0,0,0.5,0,0,11950.0,01,-,2026-08-02,2026-09-06,ACTIVE,Stock.xlsx,Promotion,211,"{""pn"": ""B"", ""rrp"": ""D"", ""discount"": ""G"", ""netPrice"": ""H"", ""coupon"": ""I""}",EXACT_PN,BLOCKED,PRICE_EQUATION_MISMATCH
STOCK-R212-P1,SM-L705FZWATHL,STANDARD_SM,,-,SF_PLUS,23900.0,0,0.5,0,0,11950.0,01,-,2026-08-02,2026-09-06,ACTIVE,Stock.xlsx,Promotion,212,"{""pn"": ""B"", ""rrp"": ""D"", ""discount"": ""G"", ""netPrice"": ""H"", ""coupon"": ""I""}",EXACT_PN,BLOCKED,PRICE_EQUATION_MISMATCH
STOCK-R213-P1,SM-L705FZB1THL,STANDARD_SM,Samsung Galaxy Watch Ultra 2025,-,SF_PLUS,24900.0,0,0.35,0,0,16185.0,03,-,2026-08-02,2026-09-06,ACTIVE,Stock.xlsx,Promotion,213,"{""pn"": ""B"", ""rrp"": ""D"", ""discount"": ""G"", ""netPrice"": ""H"", ""coupon"": ""I""}",EXACT_PN,BLOCKED,PRICE_EQUATION_MISMATCH
STOCK-R214-P1,SM-L705FZA1THL,STANDARD_SM,,-,SF_PLUS,24900.0,0,0.35,0,0,16185.0,01,-,2026-08-02,2026-09-06,ACTIVE,Stock.xlsx,Promotion,214,"{""pn"": ""B"", ""rrp"": ""D"", ""discount"": ""G"", ""netPrice"": ""H"", ""coupon"": ""I""}",EXACT_PN,BLOCKED,PRICE_EQUATION_MISMATCH
STOCK-R215-P1,SM-L705FZS1THL,STANDARD_SM,,-,SF_PLUS,24900.0,0,0.35,0,0,16185.0,01,-,2026-08-02,2026-09-06,ACTIVE,Stock.xlsx,Promotion,215,"{""pn"": ""B"", ""rrp"": ""D"", ""discount"": ""G"", ""netPrice"": ""H"", ""coupon"": ""I""}",EXACT_PN,BLOCKED,PRICE_EQUATION_MISMATCH
STOCK-R216-P1,SM-L715FZKATHL,STANDARD_SM,Samsung Galaxy Watch Ultra2,-,SF_PLUS,25900.0,0,0.3,0,0,18130.0,01,-,2026-08-02,2026-09-06,ACTIVE,Stock.xlsx,Promotion,216,"{""pn"": ""B"", ""rrp"": ""D"", ""discount"": ""G"", ""netPrice"": ""H"", ""coupon"": ""I""}",EXACT_PN,BLOCKED,PRICE_EQUATION_MISMATCH
STOCK-R217-P1,SM-L715FZSATHL,STANDARD_SM,,-,SF_PLUS,25900.0,0,0.3,0,0,18130.0,01,-,2026-08-02,2026-09-06,ACTIVE,Stock.xlsx,Promotion,217,"{""pn"": ""B"", ""rrp"": ""D"", ""discount"": ""G"", ""netPrice"": ""H"", ""coupon"": ""I""}",EXACT_PN,BLOCKED,PRICE_EQUATION_MISMATCH
STOCK-R220-P1,EF-DX920UBEGTH,STANDARD_ACCESSORY,Tab S10Ultra Book Cover Keyboard Slim,-,SF_PLUS,6990.0,0,0,0,0,3495.0,02,-,2026-08-02,2026-09-06,ACTIVE,Stock.xlsx,Promotion,220,"{""pn"": ""B"", ""rrp"": ""D"", ""discount"": ""G"", ""netPrice"": ""H"", ""coupon"": ""I""}",EXACT_PN,BLOCKED,PRICE_EQUATION_MISMATCH
STOCK-R221-P1,EF-DX820UBEGTH,STANDARD_ACCESSORY,Tab S10Plus Book Cover Keyboard Slim,-,SF_PLUS,5990.0,0,0,0,0,2995.0,01,-,2026-08-02,2026-09-06,ACTIVE,Stock.xlsx,Promotion,221,"{""pn"": ""B"", ""rrp"": ""D"", ""discount"": ""G"", ""netPrice"": ""H"", ""coupon"": ""I""}",EXACT_PN,BLOCKED,PRICE_EQUATION_MISMATCH
STOCK-R222-P1,EF-BX810PBEGWW,STANDARD_ACCESSORY,Tab S9Plus S10Plus Smart Book Cover,-,SF_PLUS,2990.0,0,0,0,0,1495.0,01,-,2026-08-02,2026-09-06,ACTIVE,Stock.xlsx,Promotion,222,"{""pn"": ""B"", ""rrp"": ""D"", ""discount"": ""G"", ""netPrice"": ""H"", ""coupon"": ""I""}",EXACT_PN,BLOCKED,PRICE_EQUATION_MISMATCH
STOCK-R223-P1,EF-BX810PLEGWW,STANDARD_ACCESSORY,Tab S9Plus S10Plus Smart Book Cover,-,SF_PLUS,2990.0,0,0,0,0,1495.0,01,-,2026-08-02,2026-09-06,ACTIVE,Stock.xlsx,Promotion,223,"{""pn"": ""B"", ""rrp"": ""D"", ""discount"": ""G"", ""netPrice"": ""H"", ""coupon"": ""I""}",EXACT_PN,BLOCKED,PRICE_EQUATION_MISMATCH
STOCK-R224-P1,GP-FCX828NNABH,STANDARD_ACCESSORY,Tab S10Plus Neos Pogo Keyboard Cover,-,SF_PLUS,3990.0,0,0,0,0,1995.0,01,-,2026-08-02,2026-09-06,ACTIVE,Stock.xlsx,Promotion,224,"{""pn"": ""B"", ""rrp"": ""D"", ""discount"": ""G"", ""netPrice"": ""H"", ""coupon"": ""I""}",EXACT_PN,BLOCKED,PRICE_EQUATION_MISMATCH
STOCK-R225-P1,EF-DX620UBEGTH,STANDARD_ACCESSORY,Tab S10FE Plus (AI) Book Cover Keyboard Slim,-,SF_PLUS,5990.0,0,0,0,0,2995.0,01,-,2026-08-02,2026-09-06,ACTIVE,Stock.xlsx,Promotion,225,"{""pn"": ""B"", ""rrp"": ""D"", ""discount"": ""G"", ""netPrice"": ""H"", ""coupon"": ""I""}",EXACT_PN,BLOCKED,PRICE_EQUATION_MISMATCH
STOCK-R228-P1,EF-DX720UBEGTH,STANDARD_ACCESSORY,Tab S9(AI) Book Cover Keyboard,-,SF_PLUS,4990.0,0,0,0,0,2495.0,01,-,2026-08-02,2026-09-06,ACTIVE,Stock.xlsx,Promotion,228,"{""pn"": ""B"", ""rrp"": ""D"", ""discount"": ""G"", ""netPrice"": ""H"", ""coupon"": ""I""}",EXACT_PN,BLOCKED,PRICE_EQUATION_MISMATCH
STOCK-R229-P1,EF-DX710UBEGTH,STANDARD_ACCESSORY,Tab S9 Book Cover Keyboard,-,SF_PLUS,4990.0,0,0,0,0,2495.0,01,-,2026-08-02,2026-09-06,ACTIVE,Stock.xlsx,Promotion,229,"{""pn"": ""B"", ""rrp"": ""D"", ""discount"": ""G"", ""netPrice"": ""H"", ""coupon"": ""I""}",EXACT_PN,BLOCKED,PRICE_EQUATION_MISMATCH
STOCK-R230-P1,EF-BX710PBEGWW,STANDARD_ACCESSORY,Tab S9 Smart Book Cover,-,SF_PLUS,2490.0,0,0,0,0,1245.0,01,-,2026-08-02,2026-09-06,ACTIVE,Stock.xlsx,Promotion,230,"{""pn"": ""B"", ""rrp"": ""D"", ""discount"": ""G"", ""netPrice"": ""H"", ""coupon"": ""I""}",EXACT_PN,BLOCKED,PRICE_EQUATION_MISMATCH
STOCK-R232-P1,EF-BX210TBEGWW,STANDARD_ACCESSORY,Tab A9 Plus Book cover,-,SF_PLUS,1390.0,0,0,0,0,695.0,01,-,2026-08-02,2026-09-06,ACTIVE,Stock.xlsx,Promotion,232,"{""pn"": ""B"", ""rrp"": ""D"", ""discount"": ""G"", ""netPrice"": ""H"", ""coupon"": ""I""}",EXACT_PN,BLOCKED,PRICE_EQUATION_MISMATCH
STOCK-R233-P1,EF-BX210TWEGWW,STANDARD_ACCESSORY,,-,SF_PLUS,1390.0,0,0,0,0,695.0,01,-,2026-08-02,2026-09-06,ACTIVE,Stock.xlsx,Promotion,233,"{""pn"": ""B"", ""rrp"": ""D"", ""discount"": ""G"", ""netPrice"": ""H"", ""coupon"": ""I""}",EXACT_PN,BLOCKED,PRICE_EQUATION_MISMATCH
STOCK-R234-P1,EF-BX210TLEGWW,STANDARD_ACCESSORY,,-,SF_PLUS,1390.0,0,0,0,0,695.0,01,-,2026-08-02,2026-09-06,ACTIVE,Stock.xlsx,Promotion,234,"{""pn"": ""B"", ""rrp"": ""D"", ""discount"": ""G"", ""netPrice"": ""H"", ""coupon"": ""I""}",EXACT_PN,BLOCKED,PRICE_EQUATION_MISMATCH
STOCK-R235-P1,EF-BX110TBEGWW,STANDARD_ACCESSORY,Tab A9 Book cover,-,SF_PLUS,990.0,0,0,0,0,495.0,01,-,2026-08-02,2026-09-06,ACTIVE,Stock.xlsx,Promotion,235,"{""pn"": ""B"", ""rrp"": ""D"", ""discount"": ""G"", ""netPrice"": ""H"", ""coupon"": ""I""}",EXACT_PN,BLOCKED,PRICE_EQUATION_MISMATCH
