variantId,model,P/N Masked,productCodeType,saleMode,errorCode,errorExplanation,sourceFileDisplayName,sourceSheet,sourceRow,rawTextExcerpt,requiredAction
RET-อัพเดท-R4-FLASHSALE,Galaxy S26 Ultra,N/A,STANDARD_SM,STANDARD_PAYMENT,QUARANTINED_UNPROVEN,Quarantined by Rule Engine: QUARANTINED_UNPROVEN. Strictly prohibited from retail sale.,Promotion Retail Aug 2026.xlsx,อัพเดท 28 Aug - 6 Sep ล่าสุด,4,,Verify formula in source Excel workbook or wait for branch supervisor confirmation
RET-อัพเดท-R5-FLASHSALE,Galaxy S26 Ultra,N/A,STANDARD_SM,STANDARD_PAYMENT,QUARANTINED_UNPROVEN,Quarantined by Rule Engine: QUARANTINED_UNPROVEN. Strictly prohibited from retail sale.,Promotion Retail Aug 2026.xlsx,อัพเดท 28 Aug - 6 Sep ล่าสุด,5,,Verify formula in source Excel workbook or wait for branch supervisor confirmation
RET-อัพเดท-R6-FLASHSALE,Galaxy S26 Ultra,N/A,STANDARD_SM,STANDARD_PAYMENT,QUARANTINED_UNPROVEN,Quarantined by Rule Engine: QUARANTINED_UNPROVEN. Strictly prohibited from retail sale.,Promotion Retail Aug 2026.xlsx,อัพเดท 28 Aug - 6 Sep ล่าสุด,6,,Verify formula in source Excel workbook or wait for branch supervisor confirmation
RET-อัพเดท-R24-TRADEUP,Galaxy Z Flip8,N/A,STANDARD_SM,TRADE_UP,PRICE_EQUATION_MISMATCH,Quarantined by Rule Engine: PRICE_EQUATION_MISMATCH. Strictly prohibited from retail sale.,Promotion Retail Aug 2026.xlsx,อัพเดท 28 Aug - 6 Sep ล่าสุด,24,,Verify formula in source Excel workbook or wait for branch supervisor confirmation
RET-อัพเดท-R25-TRADEUP,Galaxy Z Flip8,N/A,STANDARD_SM,TRADE_UP,PRICE_EQUATION_MISMATCH,Quarantined by Rule Engine: PRICE_EQUATION_MISMATCH. Strictly prohibited from retail sale.,Promotion Retail Aug 2026.xlsx,อัพเดท 28 Aug - 6 Sep ล่าสุด,25,,Verify formula in source Excel workbook or wait for branch supervisor confirmation
RET-อัพเดท-R39-FLASHSALE,"Galaxy A17 5G
(ตั้งแต่ 17 สิงหาคม - 6 กันยายน 69)",N/A,STANDARD_SM,STANDARD_PAYMENT,QUARANTINED_UNPROVEN,Quarantined by Rule Engine: QUARANTINED_UNPROVEN. Strictly prohibited from retail sale.,Promotion Retail Aug 2026.xlsx,อัพเดท 28 Aug - 6 Sep ล่าสุด,39,,Verify formula in source Excel workbook or wait for branch supervisor confirmation
RET-19 -27-R4-SF_PLUS,Galaxy S26 Ultra,N/A,STANDARD_SM,SF_PLUS,QUARANTINED_UNPROVEN,Quarantined by Rule Engine: QUARANTINED_UNPROVEN. Strictly prohibited from retail sale.,Promotion Retail Aug 2026.xlsx,19 -27  Aug,4,,Verify formula in source Excel workbook or wait for branch supervisor confirmation
RET-19 -27-R4-TRADEUP,Galaxy S26 Ultra,N/A,STANDARD_SM,TRADE_UP,QUARANTINED_UNPROVEN,Quarantined by Rule Engine: QUARANTINED_UNPROVEN. Strictly prohibited from retail sale.,Promotion Retail Aug 2026.xlsx,19 -27  Aug,4,,Verify formula in source Excel workbook or wait for branch supervisor confirmation
RET-19 -27-R4-FLASHSALE,Galaxy S26 Ultra,N/A,STANDARD_SM,STANDARD_PAYMENT,QUARANTINED_UNPROVEN,Quarantined by Rule Engine: QUARANTINED_UNPROVEN. Strictly prohibited from retail sale.,Promotion Retail Aug 2026.xlsx,19 -27  Aug,4,,Verify formula in source Excel workbook or wait for branch supervisor confirmation
RET-19 -27-R5-SF_PLUS,Galaxy S26 Ultra,N/A,STANDARD_SM,SF_PLUS,QUARANTINED_UNPROVEN,Quarantined by Rule Engine: QUARANTINED_UNPROVEN. Strictly prohibited from retail sale.,Promotion Retail Aug 2026.xlsx,19 -27  Aug,5,,Verify formula in source Excel workbook or wait for branch supervisor confirmation
RET-19 -27-R5-TRADEUP,Galaxy S26 Ultra,N/A,STANDARD_SM,TRADE_UP,QUARANTINED_UNPROVEN,Quarantined by Rule Engine: QUARANTINED_UNPROVEN. Strictly prohibited from retail sale.,Promotion Retail Aug 2026.xlsx,19 -27  Aug,5,,Verify formula in source Excel workbook or wait for branch supervisor confirmation
RET-19 -27-R5-STUDENT,Galaxy S26 Ultra,N/A,STANDARD_SM,STUDENT,QUARANTINED_UNPROVEN,Quarantined by Rule Engine: QUARANTINED_UNPROVEN. Strictly prohibited from retail sale.,Promotion Retail Aug 2026.xlsx,19 -27  Aug,5,,Verify formula in source Excel workbook or wait for branch supervisor confirmation
RET-19 -27-R5-FLASHSALE,Galaxy S26 Ultra,N/A,STANDARD_SM,STANDARD_PAYMENT,QUARANTINED_UNPROVEN,Quarantined by Rule Engine: QUARANTINED_UNPROVEN. Strictly prohibited from retail sale.,Promotion Retail Aug 2026.xlsx,19 -27  Aug,5,,Verify formula in source Excel workbook or wait for branch supervisor confirmation
RET-19 -27-R6-SF_PLUS,Galaxy S26 Ultra,N/A,STANDARD_SM,SF_PLUS,QUARANTINED_UNPROVEN,Quarantined by Rule Engine: QUARANTINED_UNPROVEN. Strictly prohibited from retail sale.,Promotion Retail Aug 2026.xlsx,19 -27  Aug,6,,Verify formula in source Excel workbook or wait for branch supervisor confirmation
RET-19 -27-R6-TRADEUP,Galaxy S26 Ultra,N/A,STANDARD_SM,TRADE_UP,QUARANTINED_UNPROVEN,Quarantined by Rule Engine: QUARANTINED_UNPROVEN. Strictly prohibited from retail sale.,Promotion Retail Aug 2026.xlsx,19 -27  Aug,6,,Verify formula in source Excel workbook or wait for branch supervisor confirmation
RET-19 -27-R6-STUDENT,Galaxy S26 Ultra,N/A,STANDARD_SM,STUDENT,QUARANTINED_UNPROVEN,Quarantined by Rule Engine: QUARANTINED_UNPROVEN. Strictly prohibited from retail sale.,Promotion Retail Aug 2026.xlsx,19 -27  Aug,6,,Verify formula in source Excel workbook or wait for branch supervisor confirmation
RET-19 -27-R6-FLASHSALE,Galaxy S26 Ultra,N/A,STANDARD_SM,STANDARD_PAYMENT,QUARANTINED_UNPROVEN,Quarantined by Rule Engine: QUARANTINED_UNPROVEN. Strictly prohibited from retail sale.,Promotion Retail Aug 2026.xlsx,19 -27  Aug,6,,Verify formula in source Excel workbook or wait for branch supervisor confirmation
RET-19 -27-R7-SF_PLUS,Galaxy S26+,N/A,STANDARD_SM,SF_PLUS,QUARANTINED_UNPROVEN,Quarantined by Rule Engine: QUARANTINED_UNPROVEN. Strictly prohibited from retail sale.,Promotion Retail Aug 2026.xlsx,19 -27  Aug,7,,Verify formula in source Excel workbook or wait for branch supervisor confirmation
RET-19 -27-R8-SF_PLUS,Galaxy S26+,N/A,STANDARD_SM,SF_PLUS,QUARANTINED_UNPROVEN,Quarantined by Rule Engine: QUARANTINED_UNPROVEN. Strictly prohibited from retail sale.,Promotion Retail Aug 2026.xlsx,19 -27  Aug,8,,Verify formula in source Excel workbook or wait for branch supervisor confirmation
RET-19 -27-R9-SF_PLUS,Galaxy S26,N/A,STANDARD_SM,SF_PLUS,QUARANTINED_UNPROVEN,Quarantined by Rule Engine: QUARANTINED_UNPROVEN. Strictly prohibited from retail sale.,Promotion Retail Aug 2026.xlsx,19 -27  Aug,9,,Verify formula in source Excel workbook or wait for branch supervisor confirmation
RET-19 -27-R10-SF_PLUS,Galaxy S26,N/A,STANDARD_SM,SF_PLUS,QUARANTINED_UNPROVEN,Quarantined by Rule Engine: QUARANTINED_UNPROVEN. Strictly prohibited from retail sale.,Promotion Retail Aug 2026.xlsx,19 -27  Aug,10,,Verify formula in source Excel workbook or wait for branch supervisor confirmation
RET-19 -27-R11-SF_PLUS,Galaxy S25 Ultra,N/A,PASS_F,SF_PLUS,QUARANTINED_UNPROVEN,Quarantined by Rule Engine: QUARANTINED_UNPROVEN. Strictly prohibited from retail sale.,Promotion Retail Aug 2026.xlsx,19 -27  Aug,11,,Verify formula in source Excel workbook or wait for branch supervisor confirmation
RET-19 -27-R12-SF_PLUS,"Galaxy S25 FE
(ร่วม SF+)",N/A,STANDARD_SM,SF_PLUS,QUARANTINED_UNPROVEN,Quarantined by Rule Engine: QUARANTINED_UNPROVEN. Strictly prohibited from retail sale.,Promotion Retail Aug 2026.xlsx,19 -27  Aug,12,,Verify formula in source Excel workbook or wait for branch supervisor confirmation
RET-19 -27-R12-STUDENT,"Galaxy S25 FE
(ร่วม SF+)",N/A,STANDARD_SM,STUDENT,QUARANTINED_UNPROVEN,Quarantined by Rule Engine: QUARANTINED_UNPROVEN. Strictly prohibited from retail sale.,Promotion Retail Aug 2026.xlsx,19 -27  Aug,12,,Verify formula in source Excel workbook or wait for branch supervisor confirmation
RET-19 -27-R13-SF_PLUS,"Galaxy S25 FE
(ร่วม SF+)",N/A,STANDARD_SM,SF_PLUS,QUARANTINED_UNPROVEN,Quarantined by Rule Engine: QUARANTINED_UNPROVEN. Strictly prohibited from retail sale.,Promotion Retail Aug 2026.xlsx,19 -27  Aug,13,,Verify formula in source Excel workbook or wait for branch supervisor confirmation
RET-19 -27-R13-STUDENT,"Galaxy S25 FE
(ร่วม SF+)",N/A,STANDARD_SM,STUDENT,QUARANTINED_UNPROVEN,Quarantined by Rule Engine: QUARANTINED_UNPROVEN. Strictly prohibited from retail sale.,Promotion Retail Aug 2026.xlsx,19 -27  Aug,13,,Verify formula in source Excel workbook or wait for branch supervisor confirmation
RET-19 -27-R14-STANDARD_PAYMENT,"Galaxy S25 FE
(ไม่ร่วม SF+)",N/A,STANDARD_SM,STANDARD_PAYMENT,QUARANTINED_UNPROVEN,Quarantined by Rule Engine: QUARANTINED_UNPROVEN. Strictly prohibited from retail sale.,Promotion Retail Aug 2026.xlsx,19 -27  Aug,14,,Verify formula in source Excel workbook or wait for branch supervisor confirmation
RET-19 -27-R15-STANDARD_PAYMENT,"Galaxy S25 FE
(ไม่ร่วม SF+)",N/A,STANDARD_SM,STANDARD_PAYMENT,QUARANTINED_UNPROVEN,Quarantined by Rule Engine: QUARANTINED_UNPROVEN. Strictly prohibited from retail sale.,Promotion Retail Aug 2026.xlsx,19 -27  Aug,15,,Verify formula in source Excel workbook or wait for branch supervisor confirmation
RET-19 -27-R16-TRADEUP,Galaxy Z Fold8 Ultra,N/A,STANDARD_SM,TRADE_UP,QUARANTINED_UNPROVEN,Quarantined by Rule Engine: QUARANTINED_UNPROVEN. Strictly prohibited from retail sale.,Promotion Retail Aug 2026.xlsx,19 -27  Aug,16,,Verify formula in source Excel workbook or wait for branch supervisor confirmation
RET-19 -27-R17-TRADEUP,Galaxy Z Fold8 Ultra,N/A,STANDARD_SM,TRADE_UP,QUARANTINED_UNPROVEN,Quarantined by Rule Engine: QUARANTINED_UNPROVEN. Strictly prohibited from retail sale.,Promotion Retail Aug 2026.xlsx,19 -27  Aug,17,,Verify formula in source Excel workbook or wait for branch supervisor confirmation
RET-19 -27-R18-TRADEUP,Galaxy Z Fold8 Ultra,N/A,STANDARD_SM,TRADE_UP,QUARANTINED_UNPROVEN,Quarantined by Rule Engine: QUARANTINED_UNPROVEN. Strictly prohibited from retail sale.,Promotion Retail Aug 2026.xlsx,19 -27  Aug,18,,Verify formula in source Excel workbook or wait for branch supervisor confirmation
RET-19 -27-R19-TRADEUP,Galaxy Z Fold8,N/A,STANDARD_SM,TRADE_UP,QUARANTINED_UNPROVEN,Quarantined by Rule Engine: QUARANTINED_UNPROVEN. Strictly prohibited from retail sale.,Promotion Retail Aug 2026.xlsx,19 -27  Aug,19,,Verify formula in source Excel workbook or wait for branch supervisor confirmation
RET-19 -27-R20-TRADEUP,Galaxy Z Fold8,N/A,STANDARD_SM,TRADE_UP,QUARANTINED_UNPROVEN,Quarantined by Rule Engine: QUARANTINED_UNPROVEN. Strictly prohibited from retail sale.,Promotion Retail Aug 2026.xlsx,19 -27  Aug,20,,Verify formula in source Excel workbook or wait for branch supervisor confirmation
RET-19 -27-R21-TRADEUP,Galaxy Z Fold8,N/A,STANDARD_SM,TRADE_UP,QUARANTINED_UNPROVEN,Quarantined by Rule Engine: QUARANTINED_UNPROVEN. Strictly prohibited from retail sale.,Promotion Retail Aug 2026.xlsx,19 -27  Aug,21,,Verify formula in source Excel workbook or wait for branch supervisor confirmation
RET-19 -27-R22-TRADEUP,Galaxy Z Flip8,N/A,STANDARD_SM,TRADE_UP,PRICE_EQUATION_MISMATCH,Quarantined by Rule Engine: PRICE_EQUATION_MISMATCH. Strictly prohibited from retail sale.,Promotion Retail Aug 2026.xlsx,19 -27  Aug,22,,Verify formula in source Excel workbook or wait for branch supervisor confirmation
RET-19 -27-R23-TRADEUP,Galaxy Z Flip8,N/A,STANDARD_SM,TRADE_UP,PRICE_EQUATION_MISMATCH,Quarantined by Rule Engine: PRICE_EQUATION_MISMATCH. Strictly prohibited from retail sale.,Promotion Retail Aug 2026.xlsx,19 -27  Aug,23,,Verify formula in source Excel workbook or wait for branch supervisor confirmation
RET-19 -27-R24-SF_PLUS,Galaxy Z Fold 7,N/A,STANDARD_SM,SF_PLUS,QUARANTINED_UNPROVEN,Quarantined by Rule Engine: QUARANTINED_UNPROVEN. Strictly prohibited from retail sale.,Promotion Retail Aug 2026.xlsx,19 -27  Aug,24,,Verify formula in source Excel workbook or wait for branch supervisor confirmation
RET-19 -27-R25-SF_PLUS,Galaxy Z Fold 7,N/A,STANDARD_SM,SF_PLUS,QUARANTINED_UNPROVEN,Quarantined by Rule Engine: QUARANTINED_UNPROVEN. Strictly prohibited from retail sale.,Promotion Retail Aug 2026.xlsx,19 -27  Aug,25,,Verify formula in source Excel workbook or wait for branch supervisor confirmation
RET-19 -27-R26-SF_PLUS,Galaxy Z Fold 7,N/A,STANDARD_SM,SF_PLUS,QUARANTINED_UNPROVEN,Quarantined by Rule Engine: QUARANTINED_UNPROVEN. Strictly prohibited from retail sale.,Promotion Retail Aug 2026.xlsx,19 -27  Aug,26,,Verify formula in source Excel workbook or wait for branch supervisor confirmation
RET-19 -27-R27-SF_PLUS,Galaxy Z Flip7,N/A,STANDARD_SM,SF_PLUS,QUARANTINED_UNPROVEN,Quarantined by Rule Engine: QUARANTINED_UNPROVEN. Strictly prohibited from retail sale.,Promotion Retail Aug 2026.xlsx,19 -27  Aug,27,,Verify formula in source Excel workbook or wait for branch supervisor confirmation
RET-19 -27-R28-SF_PLUS,Galaxy Z Flip7,N/A,STANDARD_SM,SF_PLUS,QUARANTINED_UNPROVEN,Quarantined by Rule Engine: QUARANTINED_UNPROVEN. Strictly prohibited from retail sale.,Promotion Retail Aug 2026.xlsx,19 -27  Aug,28,,Verify formula in source Excel workbook or wait for branch supervisor confirmation
RET-19 -27-R29-SF_PLUS,Galaxy A57 5G,N/A,STANDARD_SM,SF_PLUS,QUARANTINED_UNPROVEN,Quarantined by Rule Engine: QUARANTINED_UNPROVEN. Strictly prohibited from retail sale.,Promotion Retail Aug 2026.xlsx,19 -27  Aug,29,,Verify formula in source Excel workbook or wait for branch supervisor confirmation
RET-19 -27-R29-STUDENT,Galaxy A57 5G,N/A,STANDARD_SM,STUDENT,QUARANTINED_UNPROVEN,Quarantined by Rule Engine: QUARANTINED_UNPROVEN. Strictly prohibited from retail sale.,Promotion Retail Aug 2026.xlsx,19 -27  Aug,29,,Verify formula in source Excel workbook or wait for branch supervisor confirmation
RET-19 -27-R30-SF_PLUS,Galaxy A57 5G,N/A,STANDARD_SM,SF_PLUS,QUARANTINED_UNPROVEN,Quarantined by Rule Engine: QUARANTINED_UNPROVEN. Strictly prohibited from retail sale.,Promotion Retail Aug 2026.xlsx,19 -27  Aug,30,,Verify formula in source Excel workbook or wait for branch supervisor confirmation
RET-19 -27-R30-STUDENT,Galaxy A57 5G,N/A,STANDARD_SM,STUDENT,QUARANTINED_UNPROVEN,Quarantined by Rule Engine: QUARANTINED_UNPROVEN. Strictly prohibited from retail sale.,Promotion Retail Aug 2026.xlsx,19 -27  Aug,30,,Verify formula in source Excel workbook or wait for branch supervisor confirmation
RET-19 -27-R31-SF_PLUS,Galaxy A57 5G,N/A,STANDARD_SM,SF_PLUS,QUARANTINED_UNPROVEN,Quarantined by Rule Engine: QUARANTINED_UNPROVEN. Strictly prohibited from retail sale.,Promotion Retail Aug 2026.xlsx,19 -27  Aug,31,,Verify formula in source Excel workbook or wait for branch supervisor confirmation
RET-19 -27-R31-STUDENT,Galaxy A57 5G,N/A,STANDARD_SM,STUDENT,QUARANTINED_UNPROVEN,Quarantined by Rule Engine: QUARANTINED_UNPROVEN. Strictly prohibited from retail sale.,Promotion Retail Aug 2026.xlsx,19 -27  Aug,31,,Verify formula in source Excel workbook or wait for branch supervisor confirmation
RET-19 -27-R32-STANDARD_PAYMENT,"Galaxy A57 5G 
(ไม่สามารถใช้ร่วมกับ SF+ ได้)",N/A,STANDARD_SM,STANDARD_PAYMENT,QUARANTINED_UNPROVEN,Quarantined by Rule Engine: QUARANTINED_UNPROVEN. Strictly prohibited from retail sale.,Promotion Retail Aug 2026.xlsx,19 -27  Aug,32,,Verify formula in source Excel workbook or wait for branch supervisor confirmation
RET-19 -27-R32-STUDENT,"Galaxy A57 5G 
(ไม่สามารถใช้ร่วมกับ SF+ ได้)",N/A,STANDARD_SM,STUDENT,QUARANTINED_UNPROVEN,Quarantined by Rule Engine: QUARANTINED_UNPROVEN. Strictly prohibited from retail sale.,Promotion Retail Aug 2026.xlsx,19 -27  Aug,32,,Verify formula in source Excel workbook or wait for branch supervisor confirmation
RET-19 -27-R33-STANDARD_PAYMENT,"Galaxy A57 5G 
(ไม่สามารถใช้ร่วมกับ SF+ ได้)",N/A,STANDARD_SM,STANDARD_PAYMENT,QUARANTINED_UNPROVEN,Quarantined by Rule Engine: QUARANTINED_UNPROVEN. Strictly prohibited from retail sale.,Promotion Retail Aug 2026.xlsx,19 -27  Aug,33,,Verify formula in source Excel workbook or wait for branch supervisor confirmation
RET-19 -27-R33-STUDENT,"Galaxy A57 5G 
(ไม่สามารถใช้ร่วมกับ SF+ ได้)",N/A,STANDARD_SM,STUDENT,QUARANTINED_UNPROVEN,Quarantined by Rule Engine: QUARANTINED_UNPROVEN. Strictly prohibited from retail sale.,Promotion Retail Aug 2026.xlsx,19 -27  Aug,33,,Verify formula in source Excel workbook or wait for branch supervisor confirmation
RET-19 -27-R34-STANDARD_PAYMENT,"Galaxy A57 5G 
(ไม่สามารถใช้ร่วมกับ SF+ ได้)",N/A,STANDARD_SM,STANDARD_PAYMENT,QUARANTINED_UNPROVEN,Quarantined by Rule Engine: QUARANTINED_UNPROVEN. Strictly prohibited from retail sale.,Promotion Retail Aug 2026.xlsx,19 -27  Aug,34,,Verify formula in source Excel workbook or wait for branch supervisor confirmation
RET-19 -27-R34-STUDENT,"Galaxy A57 5G 
(ไม่สามารถใช้ร่วมกับ SF+ ได้)",N/A,STANDARD_SM,STUDENT,QUARANTINED_UNPROVEN,Quarantined by Rule Engine: QUARANTINED_UNPROVEN. Strictly prohibited from retail sale.,Promotion Retail Aug 2026.xlsx,19 -27  Aug,34,,Verify formula in source Excel workbook or wait for branch supervisor confirmation
RET-19 -27-R35-SF_PLUS,"Galaxy A37 5G
(ตั้งแต่ 17 สิงหาคม - 6 กันยายน 69)",N/A,STANDARD_SM,SF_PLUS,QUARANTINED_UNPROVEN,Quarantined by Rule Engine: QUARANTINED_UNPROVEN. Strictly prohibited from retail sale.,Promotion Retail Aug 2026.xlsx,19 -27  Aug,35,,Verify formula in source Excel workbook or wait for branch supervisor confirmation
RET-19 -27-R35-STUDENT,"Galaxy A37 5G
(ตั้งแต่ 17 สิงหาคม - 6 กันยายน 69)",N/A,STANDARD_SM,STUDENT,QUARANTINED_UNPROVEN,Quarantined by Rule Engine: QUARANTINED_UNPROVEN. Strictly prohibited from retail sale.,Promotion Retail Aug 2026.xlsx,19 -27  Aug,35,,Verify formula in source Excel workbook or wait for branch supervisor confirmation
RET-19 -27-R36-SF_PLUS,"Galaxy A27 5G
(ตั้งแต่ 17 สิงหาคม - 6 กันยายน 69)",N/A,STANDARD_SM,SF_PLUS,QUARANTINED_UNPROVEN,Quarantined by Rule Engine: QUARANTINED_UNPROVEN. Strictly prohibited from retail sale.,Promotion Retail Aug 2026.xlsx,19 -27  Aug,36,,Verify formula in source Excel workbook or wait for branch supervisor confirmation
RET-19 -27-R37-SF_PLUS,"Galaxy A17 5G
(ตั้งแต่ 17 สิงหาคม - 6 กันยายน 69)",N/A,STANDARD_SM,SF_PLUS,QUARANTINED_UNPROVEN,Quarantined by Rule Engine: QUARANTINED_UNPROVEN. Strictly prohibited from retail sale.,Promotion Retail Aug 2026.xlsx,19 -27  Aug,37,,Verify formula in source Excel workbook or wait for branch supervisor confirmation
RET-19 -27-R37-STUDENT,"Galaxy A17 5G
(ตั้งแต่ 17 สิงหาคม - 6 กันยายน 69)",N/A,STANDARD_SM,STUDENT,QUARANTINED_UNPROVEN,Quarantined by Rule Engine: QUARANTINED_UNPROVEN. Strictly prohibited from retail sale.,Promotion Retail Aug 2026.xlsx,19 -27  Aug,37,,Verify formula in source Excel workbook or wait for branch supervisor confirmation
RET-19 -27-R37-FLASHSALE,"Galaxy A17 5G
(ตั้งแต่ 17 สิงหาคม - 6 กันยายน 69)",N/A,STANDARD_SM,STANDARD_PAYMENT,QUARANTINED_UNPROVEN,Quarantined by Rule Engine: QUARANTINED_UNPROVEN. Strictly prohibited from retail sale.,Promotion Retail Aug 2026.xlsx,19 -27  Aug,37,,Verify formula in source Excel workbook or wait for branch supervisor confirmation
RET-19 -27-R38-SF_PLUS,"Galaxy A17 5G
(ตั้งแต่ 17 สิงหาคม - 6 กันยายน 69)",N/A,STANDARD_SM,SF_PLUS,QUARANTINED_UNPROVEN,Quarantined by Rule Engine: QUARANTINED_UNPROVEN. Strictly prohibited from retail sale.,Promotion Retail Aug 2026.xlsx,19 -27  Aug,38,,Verify formula in source Excel workbook or wait for branch supervisor confirmation
RET-19 -27-R39-SF_PLUS,"Galaxy A17 LTE
(ตั้งแต่ 17 สิงหาคม - 6 กันยายน 69)",N/A,STANDARD_SM,SF_PLUS,QUARANTINED_UNPROVEN,Quarantined by Rule Engine: QUARANTINED_UNPROVEN. Strictly prohibited from retail sale.,Promotion Retail Aug 2026.xlsx,19 -27  Aug,39,,Verify formula in source Excel workbook or wait for branch supervisor confirmation
RET-19 -27-R40-STUDENT,"Galaxy A07 5G
(SF+ campaign)",N/A,STANDARD_SM,STUDENT,QUARANTINED_UNPROVEN,Quarantined by Rule Engine: QUARANTINED_UNPROVEN. Strictly prohibited from retail sale.,Promotion Retail Aug 2026.xlsx,19 -27  Aug,40,,Verify formula in source Excel workbook or wait for branch supervisor confirmation
RET-19 -27-R41-STANDARD_PAYMENT,"Galaxy A07 5G
(ไม่ร่วม SF+)",N/A,STANDARD_SM,STANDARD_PAYMENT,QUARANTINED_UNPROVEN,Quarantined by Rule Engine: QUARANTINED_UNPROVEN. Strictly prohibited from retail sale.,Promotion Retail Aug 2026.xlsx,19 -27  Aug,41,,Verify formula in source Excel workbook or wait for branch supervisor confirmation
RET-19 -27-R41-STUDENT,"Galaxy A07 5G
(ไม่ร่วม SF+)",N/A,STANDARD_SM,STUDENT,QUARANTINED_UNPROVEN,Quarantined by Rule Engine: QUARANTINED_UNPROVEN. Strictly prohibited from retail sale.,Promotion Retail Aug 2026.xlsx,19 -27  Aug,41,,Verify formula in source Excel workbook or wait for branch supervisor confirmation
RET-19 -27-R42-SF_PLUS,"Galaxy A07 LTE
(ตั้งแต่ 17 สิงหาคม - 6 กันยายน 69)",N/A,STANDARD_SM,SF_PLUS,QUARANTINED_UNPROVEN,Quarantined by Rule Engine: QUARANTINED_UNPROVEN. Strictly prohibited from retail sale.,Promotion Retail Aug 2026.xlsx,19 -27  Aug,42,,Verify formula in source Excel workbook or wait for branch supervisor confirmation
RET-19 -27-R43-SF_PLUS,"Galaxy A07 LTE
(ตั้งแต่ 17 สิงหาคม - 6 กันยายน 69)",N/A,STANDARD_SM,SF_PLUS,QUARANTINED_UNPROVEN,Quarantined by Rule Engine: QUARANTINED_UNPROVEN. Strictly prohibited from retail sale.,Promotion Retail Aug 2026.xlsx,19 -27  Aug,43,,Verify formula in source Excel workbook or wait for branch supervisor confirmation
RET-19 -27-R44-SF_PLUS,"Galaxy A07 LTE
(ตั้งแต่ 17 สิงหาคม - 6 กันยายน 69)",N/A,STANDARD_SM,SF_PLUS,QUARANTINED_UNPROVEN,Quarantined by Rule Engine: QUARANTINED_UNPROVEN. Strictly prohibited from retail sale.,Promotion Retail Aug 2026.xlsx,19 -27  Aug,44,,Verify formula in source Excel workbook or wait for branch supervisor confirmation
RET- 17-18-R4-SF_PLUS,Galaxy S26 Ultra,N/A,STANDARD_SM,SF_PLUS,QUARANTINED_UNPROVEN,Quarantined by Rule Engine: QUARANTINED_UNPROVEN. Strictly prohibited from retail sale.,Promotion Retail Aug 2026.xlsx, 17-18  Aug,4,,Verify formula in source Excel workbook or wait for branch supervisor confirmation
RET- 17-18-R4-TRADEUP,Galaxy S26 Ultra,N/A,STANDARD_SM,TRADE_UP,QUARANTINED_UNPROVEN,Quarantined by Rule Engine: QUARANTINED_UNPROVEN. Strictly prohibited from retail sale.,Promotion Retail Aug 2026.xlsx, 17-18  Aug,4,,Verify formula in source Excel workbook or wait for branch supervisor confirmation
RET- 17-18-R4-FLASHSALE,Galaxy S26 Ultra,N/A,STANDARD_SM,STANDARD_PAYMENT,QUARANTINED_UNPROVEN,Quarantined by Rule Engine: QUARANTINED_UNPROVEN. Strictly prohibited from retail sale.,Promotion Retail Aug 2026.xlsx, 17-18  Aug,4,,Verify formula in source Excel workbook or wait for branch supervisor confirmation
RET- 17-18-R5-SF_PLUS,Galaxy S26 Ultra,N/A,STANDARD_SM,SF_PLUS,QUARANTINED_UNPROVEN,Quarantined by Rule Engine: QUARANTINED_UNPROVEN. Strictly prohibited from retail sale.,Promotion Retail Aug 2026.xlsx, 17-18  Aug,5,,Verify formula in source Excel workbook or wait for branch supervisor confirmation
RET- 17-18-R5-TRADEUP,Galaxy S26 Ultra,N/A,STANDARD_SM,TRADE_UP,QUARANTINED_UNPROVEN,Quarantined by Rule Engine: QUARANTINED_UNPROVEN. Strictly prohibited from retail sale.,Promotion Retail Aug 2026.xlsx, 17-18  Aug,5,,Verify formula in source Excel workbook or wait for branch supervisor confirmation
RET- 17-18-R5-STUDENT,Galaxy S26 Ultra,N/A,STANDARD_SM,STUDENT,QUARANTINED_UNPROVEN,Quarantined by Rule Engine: QUARANTINED_UNPROVEN. Strictly prohibited from retail sale.,Promotion Retail Aug 2026.xlsx, 17-18  Aug,5,,Verify formula in source Excel workbook or wait for branch supervisor confirmation
RET- 17-18-R5-FLASHSALE,Galaxy S26 Ultra,N/A,STANDARD_SM,STANDARD_PAYMENT,QUARANTINED_UNPROVEN,Quarantined by Rule Engine: QUARANTINED_UNPROVEN. Strictly prohibited from retail sale.,Promotion Retail Aug 2026.xlsx, 17-18  Aug,5,,Verify formula in source Excel workbook or wait for branch supervisor confirmation
RET- 17-18-R6-SF_PLUS,Galaxy S26 Ultra,N/A,STANDARD_SM,SF_PLUS,QUARANTINED_UNPROVEN,Quarantined by Rule Engine: QUARANTINED_UNPROVEN. Strictly prohibited from retail sale.,Promotion Retail Aug 2026.xlsx, 17-18  Aug,6,,Verify formula in source Excel workbook or wait for branch supervisor confirmation
RET- 17-18-R6-TRADEUP,Galaxy S26 Ultra,N/A,STANDARD_SM,TRADE_UP,QUARANTINED_UNPROVEN,Quarantined by Rule Engine: QUARANTINED_UNPROVEN. Strictly prohibited from retail sale.,Promotion Retail Aug 2026.xlsx, 17-18  Aug,6,,Verify formula in source Excel workbook or wait for branch supervisor confirmation
RET- 17-18-R6-STUDENT,Galaxy S26 Ultra,N/A,STANDARD_SM,STUDENT,QUARANTINED_UNPROVEN,Quarantined by Rule Engine: QUARANTINED_UNPROVEN. Strictly prohibited from retail sale.,Promotion Retail Aug 2026.xlsx, 17-18  Aug,6,,Verify formula in source Excel workbook or wait for branch supervisor confirmation
RET- 17-18-R6-FLASHSALE,Galaxy S26 Ultra,N/A,STANDARD_SM,STANDARD_PAYMENT,QUARANTINED_UNPROVEN,Quarantined by Rule Engine: QUARANTINED_UNPROVEN. Strictly prohibited from retail sale.,Promotion Retail Aug 2026.xlsx, 17-18  Aug,6,,Verify formula in source Excel workbook or wait for branch supervisor confirmation
RET- 17-18-R7-SF_PLUS,Galaxy S26+,N/A,STANDARD_SM,SF_PLUS,QUARANTINED_UNPROVEN,Quarantined by Rule Engine: QUARANTINED_UNPROVEN. Strictly prohibited from retail sale.,Promotion Retail Aug 2026.xlsx, 17-18  Aug,7,,Verify formula in source Excel workbook or wait for branch supervisor confirmation
RET- 17-18-R8-SF_PLUS,Galaxy S26+,N/A,STANDARD_SM,SF_PLUS,QUARANTINED_UNPROVEN,Quarantined by Rule Engine: QUARANTINED_UNPROVEN. Strictly prohibited from retail sale.,Promotion Retail Aug 2026.xlsx, 17-18  Aug,8,,Verify formula in source Excel workbook or wait for branch supervisor confirmation
RET- 17-18-R9-SF_PLUS,Galaxy S26,N/A,STANDARD_SM,SF_PLUS,QUARANTINED_UNPROVEN,Quarantined by Rule Engine: QUARANTINED_UNPROVEN. Strictly prohibited from retail sale.,Promotion Retail Aug 2026.xlsx, 17-18  Aug,9,,Verify formula in source Excel workbook or wait for branch supervisor confirmation
RET- 17-18-R10-SF_PLUS,Galaxy S26,N/A,STANDARD_SM,SF_PLUS,QUARANTINED_UNPROVEN,Quarantined by Rule Engine: QUARANTINED_UNPROVEN. Strictly prohibited from retail sale.,Promotion Retail Aug 2026.xlsx, 17-18  Aug,10,,Verify formula in source Excel workbook or wait for branch supervisor confirmation
RET- 17-18-R11-SF_PLUS,Galaxy S25 Ultra,N/A,PASS_F,SF_PLUS,QUARANTINED_UNPROVEN,Quarantined by Rule Engine: QUARANTINED_UNPROVEN. Strictly prohibited from retail sale.,Promotion Retail Aug 2026.xlsx, 17-18  Aug,11,,Verify formula in source Excel workbook or wait for branch supervisor confirmation
RET- 17-18-R12-SF_PLUS,"Galaxy S25 FE
(ร่วม SF+)",N/A,STANDARD_SM,SF_PLUS,QUARANTINED_UNPROVEN,Quarantined by Rule Engine: QUARANTINED_UNPROVEN. Strictly prohibited from retail sale.,Promotion Retail Aug 2026.xlsx, 17-18  Aug,12,,Verify formula in source Excel workbook or wait for branch supervisor confirmation
RET- 17-18-R12-STUDENT,"Galaxy S25 FE
(ร่วม SF+)",N/A,STANDARD_SM,STUDENT,QUARANTINED_UNPROVEN,Quarantined by Rule Engine: QUARANTINED_UNPROVEN. Strictly prohibited from retail sale.,Promotion Retail Aug 2026.xlsx, 17-18  Aug,12,,Verify formula in source Excel workbook or wait for branch supervisor confirmation
RET- 17-18-R13-SF_PLUS,"Galaxy S25 FE
(ร่วม SF+)",N/A,STANDARD_SM,SF_PLUS,QUARANTINED_UNPROVEN,Quarantined by Rule Engine: QUARANTINED_UNPROVEN. Strictly prohibited from retail sale.,Promotion Retail Aug 2026.xlsx, 17-18  Aug,13,,Verify formula in source Excel workbook or wait for branch supervisor confirmation
RET- 17-18-R13-STUDENT,"Galaxy S25 FE
(ร่วม SF+)",N/A,STANDARD_SM,STUDENT,QUARANTINED_UNPROVEN,Quarantined by Rule Engine: QUARANTINED_UNPROVEN. Strictly prohibited from retail sale.,Promotion Retail Aug 2026.xlsx, 17-18  Aug,13,,Verify formula in source Excel workbook or wait for branch supervisor confirmation
RET- 17-18-R14-STANDARD_PAYMENT,"Galaxy S25 FE
(ไม่ร่วม SF+)",N/A,STANDARD_SM,STANDARD_PAYMENT,QUARANTINED_UNPROVEN,Quarantined by Rule Engine: QUARANTINED_UNPROVEN. Strictly prohibited from retail sale.,Promotion Retail Aug 2026.xlsx, 17-18  Aug,14,,Verify formula in source Excel workbook or wait for branch supervisor confirmation
RET- 17-18-R15-STANDARD_PAYMENT,"Galaxy S25 FE
(ไม่ร่วม SF+)",N/A,STANDARD_SM,STANDARD_PAYMENT,QUARANTINED_UNPROVEN,Quarantined by Rule Engine: QUARANTINED_UNPROVEN. Strictly prohibited from retail sale.,Promotion Retail Aug 2026.xlsx, 17-18  Aug,15,,Verify formula in source Excel workbook or wait for branch supervisor confirmation
RET- 17-18-R16-TRADEUP,Galaxy Z Fold8 Ultra,N/A,STANDARD_SM,TRADE_UP,QUARANTINED_UNPROVEN,Quarantined by Rule Engine: QUARANTINED_UNPROVEN. Strictly prohibited from retail sale.,Promotion Retail Aug 2026.xlsx, 17-18  Aug,16,,Verify formula in source Excel workbook or wait for branch supervisor confirmation
RET- 17-18-R17-TRADEUP,Galaxy Z Fold8 Ultra,N/A,STANDARD_SM,TRADE_UP,QUARANTINED_UNPROVEN,Quarantined by Rule Engine: QUARANTINED_UNPROVEN. Strictly prohibited from retail sale.,Promotion Retail Aug 2026.xlsx, 17-18  Aug,17,,Verify formula in source Excel workbook or wait for branch supervisor confirmation
RET- 17-18-R18-TRADEUP,Galaxy Z Fold8 Ultra,N/A,STANDARD_SM,TRADE_UP,QUARANTINED_UNPROVEN,Quarantined by Rule Engine: QUARANTINED_UNPROVEN. Strictly prohibited from retail sale.,Promotion Retail Aug 2026.xlsx, 17-18  Aug,18,,Verify formula in source Excel workbook or wait for branch supervisor confirmation
RET- 17-18-R19-TRADEUP,Galaxy Z Fold8,N/A,STANDARD_SM,TRADE_UP,QUARANTINED_UNPROVEN,Quarantined by Rule Engine: QUARANTINED_UNPROVEN. Strictly prohibited from retail sale.,Promotion Retail Aug 2026.xlsx, 17-18  Aug,19,,Verify formula in source Excel workbook or wait for branch supervisor confirmation
RET- 17-18-R20-TRADEUP,Galaxy Z Fold8,N/A,STANDARD_SM,TRADE_UP,QUARANTINED_UNPROVEN,Quarantined by Rule Engine: QUARANTINED_UNPROVEN. Strictly prohibited from retail sale.,Promotion Retail Aug 2026.xlsx, 17-18  Aug,20,,Verify formula in source Excel workbook or wait for branch supervisor confirmation
RET- 17-18-R21-TRADEUP,Galaxy Z Fold8,N/A,STANDARD_SM,TRADE_UP,QUARANTINED_UNPROVEN,Quarantined by Rule Engine: QUARANTINED_UNPROVEN. Strictly prohibited from retail sale.,Promotion Retail Aug 2026.xlsx, 17-18  Aug,21,,Verify formula in source Excel workbook or wait for branch supervisor confirmation
RET- 17-18-R22-TRADEUP,Galaxy Z Flip8,N/A,STANDARD_SM,TRADE_UP,PRICE_EQUATION_MISMATCH,Quarantined by Rule Engine: PRICE_EQUATION_MISMATCH. Strictly prohibited from retail sale.,Promotion Retail Aug 2026.xlsx, 17-18  Aug,22,,Verify formula in source Excel workbook or wait for branch supervisor confirmation
RET- 17-18-R23-TRADEUP,Galaxy Z Flip8,N/A,STANDARD_SM,TRADE_UP,PRICE_EQUATION_MISMATCH,Quarantined by Rule Engine: PRICE_EQUATION_MISMATCH. Strictly prohibited from retail sale.,Promotion Retail Aug 2026.xlsx, 17-18  Aug,23,,Verify formula in source Excel workbook or wait for branch supervisor confirmation
RET- 17-18-R24-SF_PLUS,Galaxy Z Fold 7,N/A,STANDARD_SM,SF_PLUS,QUARANTINED_UNPROVEN,Quarantined by Rule Engine: QUARANTINED_UNPROVEN. Strictly prohibited from retail sale.,Promotion Retail Aug 2026.xlsx, 17-18  Aug,24,,Verify formula in source Excel workbook or wait for branch supervisor confirmation
RET- 17-18-R25-SF_PLUS,Galaxy Z Fold 7,N/A,STANDARD_SM,SF_PLUS,QUARANTINED_UNPROVEN,Quarantined by Rule Engine: QUARANTINED_UNPROVEN. Strictly prohibited from retail sale.,Promotion Retail Aug 2026.xlsx, 17-18  Aug,25,,Verify formula in source Excel workbook or wait for branch supervisor confirmation
RET- 17-18-R26-SF_PLUS,Galaxy Z Fold 7,N/A,STANDARD_SM,SF_PLUS,QUARANTINED_UNPROVEN,Quarantined by Rule Engine: QUARANTINED_UNPROVEN. Strictly prohibited from retail sale.,Promotion Retail Aug 2026.xlsx, 17-18  Aug,26,,Verify formula in source Excel workbook or wait for branch supervisor confirmation
RET- 17-18-R27-SF_PLUS,Galaxy Z Flip7,N/A,STANDARD_SM,SF_PLUS,QUARANTINED_UNPROVEN,Quarantined by Rule Engine: QUARANTINED_UNPROVEN. Strictly prohibited from retail sale.,Promotion Retail Aug 2026.xlsx, 17-18  Aug,27,,Verify formula in source Excel workbook or wait for branch supervisor confirmation
RET- 17-18-R28-SF_PLUS,Galaxy Z Flip7,N/A,STANDARD_SM,SF_PLUS,QUARANTINED_UNPROVEN,Quarantined by Rule Engine: QUARANTINED_UNPROVEN. Strictly prohibited from retail sale.,Promotion Retail Aug 2026.xlsx, 17-18  Aug,28,,Verify formula in source Excel workbook or wait for branch supervisor confirmation
RET- 17-18-R29-SF_PLUS,Galaxy A57 5G,N/A,STANDARD_SM,SF_PLUS,QUARANTINED_UNPROVEN,Quarantined by Rule Engine: QUARANTINED_UNPROVEN. Strictly prohibited from retail sale.,Promotion Retail Aug 2026.xlsx, 17-18  Aug,29,,Verify formula in source Excel workbook or wait for branch supervisor confirmation
RET- 17-18-R29-STUDENT,Galaxy A57 5G,N/A,STANDARD_SM,STUDENT,QUARANTINED_UNPROVEN,Quarantined by Rule Engine: QUARANTINED_UNPROVEN. Strictly prohibited from retail sale.,Promotion Retail Aug 2026.xlsx, 17-18  Aug,29,,Verify formula in source Excel workbook or wait for branch supervisor confirmation
RET- 17-18-R30-SF_PLUS,Galaxy A57 5G,N/A,STANDARD_SM,SF_PLUS,QUARANTINED_UNPROVEN,Quarantined by Rule Engine: QUARANTINED_UNPROVEN. Strictly prohibited from retail sale.,Promotion Retail Aug 2026.xlsx, 17-18  Aug,30,,Verify formula in source Excel workbook or wait for branch supervisor confirmation
RET- 17-18-R30-STUDENT,Galaxy A57 5G,N/A,STANDARD_SM,STUDENT,QUARANTINED_UNPROVEN,Quarantined by Rule Engine: QUARANTINED_UNPROVEN. Strictly prohibited from retail sale.,Promotion Retail Aug 2026.xlsx, 17-18  Aug,30,,Verify formula in source Excel workbook or wait for branch supervisor confirmation
RET- 17-18-R31-SF_PLUS,Galaxy A57 5G,N/A,STANDARD_SM,SF_PLUS,QUARANTINED_UNPROVEN,Quarantined by Rule Engine: QUARANTINED_UNPROVEN. Strictly prohibited from retail sale.,Promotion Retail Aug 2026.xlsx, 17-18  Aug,31,,Verify formula in source Excel workbook or wait for branch supervisor confirmation
RET- 17-18-R31-STUDENT,Galaxy A57 5G,N/A,STANDARD_SM,STUDENT,QUARANTINED_UNPROVEN,Quarantined by Rule Engine: QUARANTINED_UNPROVEN. Strictly prohibited from retail sale.,Promotion Retail Aug 2026.xlsx, 17-18  Aug,31,,Verify formula in source Excel workbook or wait for branch supervisor confirmation
RET- 17-18-R32-STANDARD_PAYMENT,"Galaxy A57 5G 
(ไม่สามารถใช้ร่วมกับ SF+ ได้)",N/A,STANDARD_SM,STANDARD_PAYMENT,QUARANTINED_UNPROVEN,Quarantined by Rule Engine: QUARANTINED_UNPROVEN. Strictly prohibited from retail sale.,Promotion Retail Aug 2026.xlsx, 17-18  Aug,32,,Verify formula in source Excel workbook or wait for branch supervisor confirmation
RET- 17-18-R32-STUDENT,"Galaxy A57 5G 
(ไม่สามารถใช้ร่วมกับ SF+ ได้)",N/A,STANDARD_SM,STUDENT,QUARANTINED_UNPROVEN,Quarantined by Rule Engine: QUARANTINED_UNPROVEN. Strictly prohibited from retail sale.,Promotion Retail Aug 2026.xlsx, 17-18  Aug,32,,Verify formula in source Excel workbook or wait for branch supervisor confirmation
RET- 17-18-R33-STANDARD_PAYMENT,"Galaxy A57 5G 
(ไม่สามารถใช้ร่วมกับ SF+ ได้)",N/A,STANDARD_SM,STANDARD_PAYMENT,QUARANTINED_UNPROVEN,Quarantined by Rule Engine: QUARANTINED_UNPROVEN. Strictly prohibited from retail sale.,Promotion Retail Aug 2026.xlsx, 17-18  Aug,33,,Verify formula in source Excel workbook or wait for branch supervisor confirmation
RET- 17-18-R33-STUDENT,"Galaxy A57 5G 
(ไม่สามารถใช้ร่วมกับ SF+ ได้)",N/A,STANDARD_SM,STUDENT,QUARANTINED_UNPROVEN,Quarantined by Rule Engine: QUARANTINED_UNPROVEN. Strictly prohibited from retail sale.,Promotion Retail Aug 2026.xlsx, 17-18  Aug,33,,Verify formula in source Excel workbook or wait for branch supervisor confirmation
RET- 17-18-R34-STANDARD_PAYMENT,"Galaxy A57 5G 
(ไม่สามารถใช้ร่วมกับ SF+ ได้)",N/A,STANDARD_SM,STANDARD_PAYMENT,QUARANTINED_UNPROVEN,Quarantined by Rule Engine: QUARANTINED_UNPROVEN. Strictly prohibited from retail sale.,Promotion Retail Aug 2026.xlsx, 17-18  Aug,34,,Verify formula in source Excel workbook or wait for branch supervisor confirmation
RET- 17-18-R34-STUDENT,"Galaxy A57 5G 
(ไม่สามารถใช้ร่วมกับ SF+ ได้)",N/A,STANDARD_SM,STUDENT,QUARANTINED_UNPROVEN,Quarantined by Rule Engine: QUARANTINED_UNPROVEN. Strictly prohibited from retail sale.,Promotion Retail Aug 2026.xlsx, 17-18  Aug,34,,Verify formula in source Excel workbook or wait for branch supervisor confirmation
RET- 17-18-R35-SF_PLUS,"Galaxy A37 5G
(ตั้งแต่ 17 สิงหาคม - 6 กันยายน 69)",N/A,STANDARD_SM,SF_PLUS,QUARANTINED_UNPROVEN,Quarantined by Rule Engine: QUARANTINED_UNPROVEN. Strictly prohibited from retail sale.,Promotion Retail Aug 2026.xlsx, 17-18  Aug,35,,Verify formula in source Excel workbook or wait for branch supervisor confirmation
RET- 17-18-R35-STUDENT,"Galaxy A37 5G
(ตั้งแต่ 17 สิงหาคม - 6 กันยายน 69)",N/A,STANDARD_SM,STUDENT,QUARANTINED_UNPROVEN,Quarantined by Rule Engine: QUARANTINED_UNPROVEN. Strictly prohibited from retail sale.,Promotion Retail Aug 2026.xlsx, 17-18  Aug,35,,Verify formula in source Excel workbook or wait for branch supervisor confirmation
RET- 17-18-R36-SF_PLUS,"Galaxy A27 5G
(ตั้งแต่ 17 สิงหาคม - 6 กันยายน 69)",N/A,STANDARD_SM,SF_PLUS,QUARANTINED_UNPROVEN,Quarantined by Rule Engine: QUARANTINED_UNPROVEN. Strictly prohibited from retail sale.,Promotion Retail Aug 2026.xlsx, 17-18  Aug,36,,Verify formula in source Excel workbook or wait for branch supervisor confirmation
RET- 17-18-R37-SF_PLUS,"Galaxy A17 5G
(ตั้งแต่ 17 สิงหาคม - 6 กันยายน 69)",N/A,STANDARD_SM,SF_PLUS,QUARANTINED_UNPROVEN,Quarantined by Rule Engine: QUARANTINED_UNPROVEN. Strictly prohibited from retail sale.,Promotion Retail Aug 2026.xlsx, 17-18  Aug,37,,Verify formula in source Excel workbook or wait for branch supervisor confirmation
RET- 17-18-R37-STUDENT,"Galaxy A17 5G
(ตั้งแต่ 17 สิงหาคม - 6 กันยายน 69)",N/A,STANDARD_SM,STUDENT,QUARANTINED_UNPROVEN,Quarantined by Rule Engine: QUARANTINED_UNPROVEN. Strictly prohibited from retail sale.,Promotion Retail Aug 2026.xlsx, 17-18  Aug,37,,Verify formula in source Excel workbook or wait for branch supervisor confirmation
RET- 17-18-R37-FLASHSALE,"Galaxy A17 5G
(ตั้งแต่ 17 สิงหาคม - 6 กันยายน 69)",N/A,STANDARD_SM,STANDARD_PAYMENT,QUARANTINED_UNPROVEN,Quarantined by Rule Engine: QUARANTINED_UNPROVEN. Strictly prohibited from retail sale.,Promotion Retail Aug 2026.xlsx, 17-18  Aug,37,,Verify formula in source Excel workbook or wait for branch supervisor confirmation
RET- 17-18-R38-SF_PLUS,"Galaxy A17 5G
(ตั้งแต่ 17 สิงหาคม - 6 กันยายน 69)",N/A,STANDARD_SM,SF_PLUS,QUARANTINED_UNPROVEN,Quarantined by Rule Engine: QUARANTINED_UNPROVEN. Strictly prohibited from retail sale.,Promotion Retail Aug 2026.xlsx, 17-18  Aug,38,,Verify formula in source Excel workbook or wait for branch supervisor confirmation
RET- 17-18-R39-SF_PLUS,"Galaxy A17 LTE
(ตั้งแต่ 17 สิงหาคม - 6 กันยายน 69)",N/A,STANDARD_SM,SF_PLUS,QUARANTINED_UNPROVEN,Quarantined by Rule Engine: QUARANTINED_UNPROVEN. Strictly prohibited from retail sale.,Promotion Retail Aug 2026.xlsx, 17-18  Aug,39,,Verify formula in source Excel workbook or wait for branch supervisor confirmation
RET- 17-18-R40-STUDENT,"Galaxy A07 5G
(SF+ campaign)",N/A,STANDARD_SM,STUDENT,QUARANTINED_UNPROVEN,Quarantined by Rule Engine: QUARANTINED_UNPROVEN. Strictly prohibited from retail sale.,Promotion Retail Aug 2026.xlsx, 17-18  Aug,40,,Verify formula in source Excel workbook or wait for branch supervisor confirmation
RET- 17-18-R41-STANDARD_PAYMENT,"Galaxy A07 5G
(ไม่ร่วม SF+)",N/A,STANDARD_SM,STANDARD_PAYMENT,QUARANTINED_UNPROVEN,Quarantined by Rule Engine: QUARANTINED_UNPROVEN. Strictly prohibited from retail sale.,Promotion Retail Aug 2026.xlsx, 17-18  Aug,41,,Verify formula in source Excel workbook or wait for branch supervisor confirmation
RET- 17-18-R41-STUDENT,"Galaxy A07 5G
(ไม่ร่วม SF+)",N/A,STANDARD_SM,STUDENT,QUARANTINED_UNPROVEN,Quarantined by Rule Engine: QUARANTINED_UNPROVEN. Strictly prohibited from retail sale.,Promotion Retail Aug 2026.xlsx, 17-18  Aug,41,,Verify formula in source Excel workbook or wait for branch supervisor confirmation
RET- 17-18-R42-SF_PLUS,"Galaxy A07 LTE
(ตั้งแต่ 17 สิงหาคม - 6 กันยายน 69)",N/A,STANDARD_SM,SF_PLUS,QUARANTINED_UNPROVEN,Quarantined by Rule Engine: QUARANTINED_UNPROVEN. Strictly prohibited from retail sale.,Promotion Retail Aug 2026.xlsx, 17-18  Aug,42,,Verify formula in source Excel workbook or wait for branch supervisor confirmation
RET- 17-18-R43-SF_PLUS,"Galaxy A07 LTE
(ตั้งแต่ 17 สิงหาคม - 6 กันยายน 69)",N/A,STANDARD_SM,SF_PLUS,QUARANTINED_UNPROVEN,Quarantined by Rule Engine: QUARANTINED_UNPROVEN. Strictly prohibited from retail sale.,Promotion Retail Aug 2026.xlsx, 17-18  Aug,43,,Verify formula in source Excel workbook or wait for branch supervisor confirmation
RET- 17-18-R44-SF_PLUS,"Galaxy A07 LTE
(ตั้งแต่ 17 สิงหาคม - 6 กันยายน 69)",N/A,STANDARD_SM,SF_PLUS,QUARANTINED_UNPROVEN,Quarantined by Rule Engine: QUARANTINED_UNPROVEN. Strictly prohibited from retail sale.,Promotion Retail Aug 2026.xlsx, 17-18  Aug,44,,Verify formula in source Excel workbook or wait for branch supervisor confirmation
RET- 14 Au-R4-SF_PLUS,Galaxy S26 Ultra,N/A,STANDARD_SM,SF_PLUS,QUARANTINED_UNPROVEN,Quarantined by Rule Engine: QUARANTINED_UNPROVEN. Strictly prohibited from retail sale.,Promotion Retail Aug 2026.xlsx, 14 Aug -16 Aug,4,,Verify formula in source Excel workbook or wait for branch supervisor confirmation
RET- 14 Au-R4-TRADEUP,Galaxy S26 Ultra,N/A,STANDARD_SM,TRADE_UP,QUARANTINED_UNPROVEN,Quarantined by Rule Engine: QUARANTINED_UNPROVEN. Strictly prohibited from retail sale.,Promotion Retail Aug 2026.xlsx, 14 Aug -16 Aug,4,,Verify formula in source Excel workbook or wait for branch supervisor confirmation
RET- 14 Au-R4-FLASHSALE,Galaxy S26 Ultra,N/A,STANDARD_SM,STANDARD_PAYMENT,QUARANTINED_UNPROVEN,Quarantined by Rule Engine: QUARANTINED_UNPROVEN. Strictly prohibited from retail sale.,Promotion Retail Aug 2026.xlsx, 14 Aug -16 Aug,4,,Verify formula in source Excel workbook or wait for branch supervisor confirmation
RET- 14 Au-R5-SF_PLUS,Galaxy S26 Ultra,N/A,STANDARD_SM,SF_PLUS,QUARANTINED_UNPROVEN,Quarantined by Rule Engine: QUARANTINED_UNPROVEN. Strictly prohibited from retail sale.,Promotion Retail Aug 2026.xlsx, 14 Aug -16 Aug,5,,Verify formula in source Excel workbook or wait for branch supervisor confirmation
RET- 14 Au-R5-TRADEUP,Galaxy S26 Ultra,N/A,STANDARD_SM,TRADE_UP,QUARANTINED_UNPROVEN,Quarantined by Rule Engine: QUARANTINED_UNPROVEN. Strictly prohibited from retail sale.,Promotion Retail Aug 2026.xlsx, 14 Aug -16 Aug,5,,Verify formula in source Excel workbook or wait for branch supervisor confirmation
RET- 14 Au-R5-STUDENT,Galaxy S26 Ultra,N/A,STANDARD_SM,STUDENT,QUARANTINED_UNPROVEN,Quarantined by Rule Engine: QUARANTINED_UNPROVEN. Strictly prohibited from retail sale.,Promotion Retail Aug 2026.xlsx, 14 Aug -16 Aug,5,,Verify formula in source Excel workbook or wait for branch supervisor confirmation
RET- 14 Au-R5-FLASHSALE,Galaxy S26 Ultra,N/A,STANDARD_SM,STANDARD_PAYMENT,QUARANTINED_UNPROVEN,Quarantined by Rule Engine: QUARANTINED_UNPROVEN. Strictly prohibited from retail sale.,Promotion Retail Aug 2026.xlsx, 14 Aug -16 Aug,5,,Verify formula in source Excel workbook or wait for branch supervisor confirmation
RET- 14 Au-R6-SF_PLUS,Galaxy S26 Ultra,N/A,STANDARD_SM,SF_PLUS,QUARANTINED_UNPROVEN,Quarantined by Rule Engine: QUARANTINED_UNPROVEN. Strictly prohibited from retail sale.,Promotion Retail Aug 2026.xlsx, 14 Aug -16 Aug,6,,Verify formula in source Excel workbook or wait for branch supervisor confirmation
RET- 14 Au-R6-TRADEUP,Galaxy S26 Ultra,N/A,STANDARD_SM,TRADE_UP,QUARANTINED_UNPROVEN,Quarantined by Rule Engine: QUARANTINED_UNPROVEN. Strictly prohibited from retail sale.,Promotion Retail Aug 2026.xlsx, 14 Aug -16 Aug,6,,Verify formula in source Excel workbook or wait for branch supervisor confirmation
RET- 14 Au-R6-STUDENT,Galaxy S26 Ultra,N/A,STANDARD_SM,STUDENT,QUARANTINED_UNPROVEN,Quarantined by Rule Engine: QUARANTINED_UNPROVEN. Strictly prohibited from retail sale.,Promotion Retail Aug 2026.xlsx, 14 Aug -16 Aug,6,,Verify formula in source Excel workbook or wait for branch supervisor confirmation
RET- 14 Au-R6-FLASHSALE,Galaxy S26 Ultra,N/A,STANDARD_SM,STANDARD_PAYMENT,QUARANTINED_UNPROVEN,Quarantined by Rule Engine: QUARANTINED_UNPROVEN. Strictly prohibited from retail sale.,Promotion Retail Aug 2026.xlsx, 14 Aug -16 Aug,6,,Verify formula in source Excel workbook or wait for branch supervisor confirmation
RET- 14 Au-R7-SF_PLUS,Galaxy S26+,N/A,STANDARD_SM,SF_PLUS,QUARANTINED_UNPROVEN,Quarantined by Rule Engine: QUARANTINED_UNPROVEN. Strictly prohibited from retail sale.,Promotion Retail Aug 2026.xlsx, 14 Aug -16 Aug,7,,Verify formula in source Excel workbook or wait for branch supervisor confirmation
RET- 14 Au-R8-SF_PLUS,Galaxy S26+,N/A,STANDARD_SM,SF_PLUS,QUARANTINED_UNPROVEN,Quarantined by Rule Engine: QUARANTINED_UNPROVEN. Strictly prohibited from retail sale.,Promotion Retail Aug 2026.xlsx, 14 Aug -16 Aug,8,,Verify formula in source Excel workbook or wait for branch supervisor confirmation
RET- 14 Au-R9-SF_PLUS,Galaxy S26,N/A,STANDARD_SM,SF_PLUS,QUARANTINED_UNPROVEN,Quarantined by Rule Engine: QUARANTINED_UNPROVEN. Strictly prohibited from retail sale.,Promotion Retail Aug 2026.xlsx, 14 Aug -16 Aug,9,,Verify formula in source Excel workbook or wait for branch supervisor confirmation
RET- 14 Au-R10-SF_PLUS,Galaxy S26,N/A,STANDARD_SM,SF_PLUS,QUARANTINED_UNPROVEN,Quarantined by Rule Engine: QUARANTINED_UNPROVEN. Strictly prohibited from retail sale.,Promotion Retail Aug 2026.xlsx, 14 Aug -16 Aug,10,,Verify formula in source Excel workbook or wait for branch supervisor confirmation
RET- 14 Au-R11-SF_PLUS,Galaxy S25 Ultra,N/A,PASS_F,SF_PLUS,QUARANTINED_UNPROVEN,Quarantined by Rule Engine: QUARANTINED_UNPROVEN. Strictly prohibited from retail sale.,Promotion Retail Aug 2026.xlsx, 14 Aug -16 Aug,11,,Verify formula in source Excel workbook or wait for branch supervisor confirmation
RET- 14 Au-R12-SF_PLUS,"Galaxy S25 FE
(ร่วม SF+)",N/A,STANDARD_SM,SF_PLUS,QUARANTINED_UNPROVEN,Quarantined by Rule Engine: QUARANTINED_UNPROVEN. Strictly prohibited from retail sale.,Promotion Retail Aug 2026.xlsx, 14 Aug -16 Aug,12,,Verify formula in source Excel workbook or wait for branch supervisor confirmation
RET- 14 Au-R12-STUDENT,"Galaxy S25 FE
(ร่วม SF+)",N/A,STANDARD_SM,STUDENT,QUARANTINED_UNPROVEN,Quarantined by Rule Engine: QUARANTINED_UNPROVEN. Strictly prohibited from retail sale.,Promotion Retail Aug 2026.xlsx, 14 Aug -16 Aug,12,,Verify formula in source Excel workbook or wait for branch supervisor confirmation
RET- 14 Au-R13-SF_PLUS,"Galaxy S25 FE
(ร่วม SF+)",N/A,STANDARD_SM,SF_PLUS,QUARANTINED_UNPROVEN,Quarantined by Rule Engine: QUARANTINED_UNPROVEN. Strictly prohibited from retail sale.,Promotion Retail Aug 2026.xlsx, 14 Aug -16 Aug,13,,Verify formula in source Excel workbook or wait for branch supervisor confirmation
RET- 14 Au-R13-STUDENT,"Galaxy S25 FE
(ร่วม SF+)",N/A,STANDARD_SM,STUDENT,QUARANTINED_UNPROVEN,Quarantined by Rule Engine: QUARANTINED_UNPROVEN. Strictly prohibited from retail sale.,Promotion Retail Aug 2026.xlsx, 14 Aug -16 Aug,13,,Verify formula in source Excel workbook or wait for branch supervisor confirmation
RET- 14 Au-R14-STANDARD_PAYMENT,"Galaxy S25 FE
(ไม่ร่วม SF+)",N/A,STANDARD_SM,STANDARD_PAYMENT,QUARANTINED_UNPROVEN,Quarantined by Rule Engine: QUARANTINED_UNPROVEN. Strictly prohibited from retail sale.,Promotion Retail Aug 2026.xlsx, 14 Aug -16 Aug,14,,Verify formula in source Excel workbook or wait for branch supervisor confirmation
RET- 14 Au-R15-STANDARD_PAYMENT,"Galaxy S25 FE
(ไม่ร่วม SF+)",N/A,STANDARD_SM,STANDARD_PAYMENT,QUARANTINED_UNPROVEN,Quarantined by Rule Engine: QUARANTINED_UNPROVEN. Strictly prohibited from retail sale.,Promotion Retail Aug 2026.xlsx, 14 Aug -16 Aug,15,,Verify formula in source Excel workbook or wait for branch supervisor confirmation
RET- 14 Au-R16-TRADEUP,Galaxy Z Fold8 Ultra,N/A,STANDARD_SM,TRADE_UP,QUARANTINED_UNPROVEN,Quarantined by Rule Engine: QUARANTINED_UNPROVEN. Strictly prohibited from retail sale.,Promotion Retail Aug 2026.xlsx, 14 Aug -16 Aug,16,,Verify formula in source Excel workbook or wait for branch supervisor confirmation
RET- 14 Au-R17-TRADEUP,Galaxy Z Fold8 Ultra,N/A,STANDARD_SM,TRADE_UP,QUARANTINED_UNPROVEN,Quarantined by Rule Engine: QUARANTINED_UNPROVEN. Strictly prohibited from retail sale.,Promotion Retail Aug 2026.xlsx, 14 Aug -16 Aug,17,,Verify formula in source Excel workbook or wait for branch supervisor confirmation
RET- 14 Au-R18-TRADEUP,Galaxy Z Fold8 Ultra,N/A,STANDARD_SM,TRADE_UP,QUARANTINED_UNPROVEN,Quarantined by Rule Engine: QUARANTINED_UNPROVEN. Strictly prohibited from retail sale.,Promotion Retail Aug 2026.xlsx, 14 Aug -16 Aug,18,,Verify formula in source Excel workbook or wait for branch supervisor confirmation
RET- 14 Au-R19-TRADEUP,Galaxy Z Fold8,N/A,STANDARD_SM,TRADE_UP,QUARANTINED_UNPROVEN,Quarantined by Rule Engine: QUARANTINED_UNPROVEN. Strictly prohibited from retail sale.,Promotion Retail Aug 2026.xlsx, 14 Aug -16 Aug,19,,Verify formula in source Excel workbook or wait for branch supervisor confirmation
RET- 14 Au-R20-TRADEUP,Galaxy Z Fold8,N/A,STANDARD_SM,TRADE_UP,QUARANTINED_UNPROVEN,Quarantined by Rule Engine: QUARANTINED_UNPROVEN. Strictly prohibited from retail sale.,Promotion Retail Aug 2026.xlsx, 14 Aug -16 Aug,20,,Verify formula in source Excel workbook or wait for branch supervisor confirmation
RET- 14 Au-R21-TRADEUP,Galaxy Z Fold8,N/A,STANDARD_SM,TRADE_UP,QUARANTINED_UNPROVEN,Quarantined by Rule Engine: QUARANTINED_UNPROVEN. Strictly prohibited from retail sale.,Promotion Retail Aug 2026.xlsx, 14 Aug -16 Aug,21,,Verify formula in source Excel workbook or wait for branch supervisor confirmation
RET- 14 Au-R22-TRADEUP,Galaxy Z Flip8,N/A,STANDARD_SM,TRADE_UP,PRICE_EQUATION_MISMATCH,Quarantined by Rule Engine: PRICE_EQUATION_MISMATCH. Strictly prohibited from retail sale.,Promotion Retail Aug 2026.xlsx, 14 Aug -16 Aug,22,,Verify formula in source Excel workbook or wait for branch supervisor confirmation
RET- 14 Au-R23-TRADEUP,Galaxy Z Flip8,N/A,STANDARD_SM,TRADE_UP,PRICE_EQUATION_MISMATCH,Quarantined by Rule Engine: PRICE_EQUATION_MISMATCH. Strictly prohibited from retail sale.,Promotion Retail Aug 2026.xlsx, 14 Aug -16 Aug,23,,Verify formula in source Excel workbook or wait for branch supervisor confirmation
RET- 14 Au-R24-SF_PLUS,Galaxy Z Fold 7,N/A,STANDARD_SM,SF_PLUS,QUARANTINED_UNPROVEN,Quarantined by Rule Engine: QUARANTINED_UNPROVEN. Strictly prohibited from retail sale.,Promotion Retail Aug 2026.xlsx, 14 Aug -16 Aug,24,,Verify formula in source Excel workbook or wait for branch supervisor confirmation
RET- 14 Au-R25-SF_PLUS,Galaxy Z Fold 7,N/A,STANDARD_SM,SF_PLUS,QUARANTINED_UNPROVEN,Quarantined by Rule Engine: QUARANTINED_UNPROVEN. Strictly prohibited from retail sale.,Promotion Retail Aug 2026.xlsx, 14 Aug -16 Aug,25,,Verify formula in source Excel workbook or wait for branch supervisor confirmation
RET- 14 Au-R26-SF_PLUS,Galaxy Z Fold 7,N/A,STANDARD_SM,SF_PLUS,QUARANTINED_UNPROVEN,Quarantined by Rule Engine: QUARANTINED_UNPROVEN. Strictly prohibited from retail sale.,Promotion Retail Aug 2026.xlsx, 14 Aug -16 Aug,26,,Verify formula in source Excel workbook or wait for branch supervisor confirmation
RET- 14 Au-R27-SF_PLUS,Galaxy Z Flip7,N/A,STANDARD_SM,SF_PLUS,QUARANTINED_UNPROVEN,Quarantined by Rule Engine: QUARANTINED_UNPROVEN. Strictly prohibited from retail sale.,Promotion Retail Aug 2026.xlsx, 14 Aug -16 Aug,27,,Verify formula in source Excel workbook or wait for branch supervisor confirmation
RET- 14 Au-R28-SF_PLUS,Galaxy Z Flip7,N/A,STANDARD_SM,SF_PLUS,QUARANTINED_UNPROVEN,Quarantined by Rule Engine: QUARANTINED_UNPROVEN. Strictly prohibited from retail sale.,Promotion Retail Aug 2026.xlsx, 14 Aug -16 Aug,28,,Verify formula in source Excel workbook or wait for branch supervisor confirmation
RET- 14 Au-R29-SF_PLUS,"Galaxy A57 5G
 ตั้งแต่ 3-16 สิงหาคม",N/A,STANDARD_SM,SF_PLUS,QUARANTINED_UNPROVEN,Quarantined by Rule Engine: QUARANTINED_UNPROVEN. Strictly prohibited from retail sale.,Promotion Retail Aug 2026.xlsx, 14 Aug -16 Aug,29,,Verify formula in source Excel workbook or wait for branch supervisor confirmation
RET- 14 Au-R29-STUDENT,"Galaxy A57 5G
 ตั้งแต่ 3-16 สิงหาคม",N/A,STANDARD_SM,STUDENT,QUARANTINED_UNPROVEN,Quarantined by Rule Engine: QUARANTINED_UNPROVEN. Strictly prohibited from retail sale.,Promotion Retail Aug 2026.xlsx, 14 Aug -16 Aug,29,,Verify formula in source Excel workbook or wait for branch supervisor confirmation
RET- 14 Au-R30-SF_PLUS,"Galaxy A57 5G
 ตั้งแต่ 3-16 สิงหาคม",N/A,STANDARD_SM,SF_PLUS,QUARANTINED_UNPROVEN,Quarantined by Rule Engine: QUARANTINED_UNPROVEN. Strictly prohibited from retail sale.,Promotion Retail Aug 2026.xlsx, 14 Aug -16 Aug,30,,Verify formula in source Excel workbook or wait for branch supervisor confirmation
RET- 14 Au-R30-STUDENT,"Galaxy A57 5G
 ตั้งแต่ 3-16 สิงหาคม",N/A,STANDARD_SM,STUDENT,QUARANTINED_UNPROVEN,Quarantined by Rule Engine: QUARANTINED_UNPROVEN. Strictly prohibited from retail sale.,Promotion Retail Aug 2026.xlsx, 14 Aug -16 Aug,30,,Verify formula in source Excel workbook or wait for branch supervisor confirmation
RET- 14 Au-R31-SF_PLUS,"Galaxy A57 5G
 ตั้งแต่ 3-16 สิงหาคม",N/A,STANDARD_SM,SF_PLUS,QUARANTINED_UNPROVEN,Quarantined by Rule Engine: QUARANTINED_UNPROVEN. Strictly prohibited from retail sale.,Promotion Retail Aug 2026.xlsx, 14 Aug -16 Aug,31,,Verify formula in source Excel workbook or wait for branch supervisor confirmation
RET- 14 Au-R31-STUDENT,"Galaxy A57 5G
 ตั้งแต่ 3-16 สิงหาคม",N/A,STANDARD_SM,STUDENT,QUARANTINED_UNPROVEN,Quarantined by Rule Engine: QUARANTINED_UNPROVEN. Strictly prohibited from retail sale.,Promotion Retail Aug 2026.xlsx, 14 Aug -16 Aug,31,,Verify formula in source Excel workbook or wait for branch supervisor confirmation
RET- 14 Au-R32-STANDARD_PAYMENT,"Galaxy A57 5G 
(ไม่สามารถใช้ร่วมกับ SF+ ได้)
ตั้งแต่ 3-16 สิงหาคม",N/A,STANDARD_SM,STANDARD_PAYMENT,QUARANTINED_UNPROVEN,Quarantined by Rule Engine: QUARANTINED_UNPROVEN. Strictly prohibited from retail sale.,Promotion Retail Aug 2026.xlsx, 14 Aug -16 Aug,32,,Verify formula in source Excel workbook or wait for branch supervisor confirmation
RET- 14 Au-R32-STUDENT,"Galaxy A57 5G 
(ไม่สามารถใช้ร่วมกับ SF+ ได้)
ตั้งแต่ 3-16 สิงหาคม",N/A,STANDARD_SM,STUDENT,QUARANTINED_UNPROVEN,Quarantined by Rule Engine: QUARANTINED_UNPROVEN. Strictly prohibited from retail sale.,Promotion Retail Aug 2026.xlsx, 14 Aug -16 Aug,32,,Verify formula in source Excel workbook or wait for branch supervisor confirmation
RET- 14 Au-R33-STANDARD_PAYMENT,"Galaxy A57 5G 
(ไม่สามารถใช้ร่วมกับ SF+ ได้)
ตั้งแต่ 3-16 สิงหาคม",N/A,STANDARD_SM,STANDARD_PAYMENT,QUARANTINED_UNPROVEN,Quarantined by Rule Engine: QUARANTINED_UNPROVEN. Strictly prohibited from retail sale.,Promotion Retail Aug 2026.xlsx, 14 Aug -16 Aug,33,,Verify formula in source Excel workbook or wait for branch supervisor confirmation
RET- 14 Au-R33-STUDENT,"Galaxy A57 5G 
(ไม่สามารถใช้ร่วมกับ SF+ ได้)
ตั้งแต่ 3-16 สิงหาคม",N/A,STANDARD_SM,STUDENT,QUARANTINED_UNPROVEN,Quarantined by Rule Engine: QUARANTINED_UNPROVEN. Strictly prohibited from retail sale.,Promotion Retail Aug 2026.xlsx, 14 Aug -16 Aug,33,,Verify formula in source Excel workbook or wait for branch supervisor confirmation
RET- 14 Au-R34-STANDARD_PAYMENT,"Galaxy A57 5G 
(ไม่สามารถใช้ร่วมกับ SF+ ได้)
ตั้งแต่ 3-16 สิงหาคม",N/A,STANDARD_SM,STANDARD_PAYMENT,QUARANTINED_UNPROVEN,Quarantined by Rule Engine: QUARANTINED_UNPROVEN. Strictly prohibited from retail sale.,Promotion Retail Aug 2026.xlsx, 14 Aug -16 Aug,34,,Verify formula in source Excel workbook or wait for branch supervisor confirmation
RET- 14 Au-R34-STUDENT,"Galaxy A57 5G 
(ไม่สามารถใช้ร่วมกับ SF+ ได้)
ตั้งแต่ 3-16 สิงหาคม",N/A,STANDARD_SM,STUDENT,QUARANTINED_UNPROVEN,Quarantined by Rule Engine: QUARANTINED_UNPROVEN. Strictly prohibited from retail sale.,Promotion Retail Aug 2026.xlsx, 14 Aug -16 Aug,34,,Verify formula in source Excel workbook or wait for branch supervisor confirmation
RET- 14 Au-R35-SF_PLUS,"Galaxy A37 5G
ตั้งแต่ 3-16 สิงหาคม",N/A,STANDARD_SM,SF_PLUS,QUARANTINED_UNPROVEN,Quarantined by Rule Engine: QUARANTINED_UNPROVEN. Strictly prohibited from retail sale.,Promotion Retail Aug 2026.xlsx, 14 Aug -16 Aug,35,,Verify formula in source Excel workbook or wait for branch supervisor confirmation
RET- 14 Au-R35-STUDENT,"Galaxy A37 5G
ตั้งแต่ 3-16 สิงหาคม",N/A,STANDARD_SM,STUDENT,QUARANTINED_UNPROVEN,Quarantined by Rule Engine: QUARANTINED_UNPROVEN. Strictly prohibited from retail sale.,Promotion Retail Aug 2026.xlsx, 14 Aug -16 Aug,35,,Verify formula in source Excel workbook or wait for branch supervisor confirmation
RET- 14 Au-R36-SF_PLUS,"Galaxy A27 5G
ตั้งแต่ 3-16 สิงหาคม",N/A,STANDARD_SM,SF_PLUS,QUARANTINED_UNPROVEN,Quarantined by Rule Engine: QUARANTINED_UNPROVEN. Strictly prohibited from retail sale.,Promotion Retail Aug 2026.xlsx, 14 Aug -16 Aug,36,,Verify formula in source Excel workbook or wait for branch supervisor confirmation
RET- 14 Au-R37-SF_PLUS,"Galaxy A17 5G
ตั้งแต่ 3-16 สิงหาคม",N/A,STANDARD_SM,SF_PLUS,QUARANTINED_UNPROVEN,Quarantined by Rule Engine: QUARANTINED_UNPROVEN. Strictly prohibited from retail sale.,Promotion Retail Aug 2026.xlsx, 14 Aug -16 Aug,37,,Verify formula in source Excel workbook or wait for branch supervisor confirmation
RET- 14 Au-R37-STUDENT,"Galaxy A17 5G
ตั้งแต่ 3-16 สิงหาคม",N/A,STANDARD_SM,STUDENT,QUARANTINED_UNPROVEN,Quarantined by Rule Engine: QUARANTINED_UNPROVEN. Strictly prohibited from retail sale.,Promotion Retail Aug 2026.xlsx, 14 Aug -16 Aug,37,,Verify formula in source Excel workbook or wait for branch supervisor confirmation
RET- 14 Au-R37-FLASHSALE,"Galaxy A17 5G
ตั้งแต่ 3-16 สิงหาคม",N/A,STANDARD_SM,STANDARD_PAYMENT,QUARANTINED_UNPROVEN,Quarantined by Rule Engine: QUARANTINED_UNPROVEN. Strictly prohibited from retail sale.,Promotion Retail Aug 2026.xlsx, 14 Aug -16 Aug,37,,Verify formula in source Excel workbook or wait for branch supervisor confirmation
RET- 14 Au-R38-SF_PLUS,"Galaxy A17 5G
ตั้งแต่ 3-16 สิงหาคม",N/A,STANDARD_SM,SF_PLUS,QUARANTINED_UNPROVEN,Quarantined by Rule Engine: QUARANTINED_UNPROVEN. Strictly prohibited from retail sale.,Promotion Retail Aug 2026.xlsx, 14 Aug -16 Aug,38,,Verify formula in source Excel workbook or wait for branch supervisor confirmation
RET- 14 Au-R39-SF_PLUS,"Galaxy A17 LTE
ตั้งแต่ 3-16 สิงหาคม",N/A,STANDARD_SM,SF_PLUS,QUARANTINED_UNPROVEN,Quarantined by Rule Engine: QUARANTINED_UNPROVEN. Strictly prohibited from retail sale.,Promotion Retail Aug 2026.xlsx, 14 Aug -16 Aug,39,,Verify formula in source Excel workbook or wait for branch supervisor confirmation
RET- 14 Au-R40-SF_PLUS,"Galaxy A07 5G
ตั้งแต่ 3-16 สิงหาคม",N/A,STANDARD_SM,SF_PLUS,QUARANTINED_UNPROVEN,Quarantined by Rule Engine: QUARANTINED_UNPROVEN. Strictly prohibited from retail sale.,Promotion Retail Aug 2026.xlsx, 14 Aug -16 Aug,40,,Verify formula in source Excel workbook or wait for branch supervisor confirmation
RET- 14 Au-R40-STUDENT,"Galaxy A07 5G
ตั้งแต่ 3-16 สิงหาคม",N/A,STANDARD_SM,STUDENT,QUARANTINED_UNPROVEN,Quarantined by Rule Engine: QUARANTINED_UNPROVEN. Strictly prohibited from retail sale.,Promotion Retail Aug 2026.xlsx, 14 Aug -16 Aug,40,,Verify formula in source Excel workbook or wait for branch supervisor confirmation
RET- 14 Au-R41-SF_PLUS,"Galaxy A07 LTE
6-19 July",N/A,STANDARD_SM,SF_PLUS,QUARANTINED_UNPROVEN,Quarantined by Rule Engine: QUARANTINED_UNPROVEN. Strictly prohibited from retail sale.,Promotion Retail Aug 2026.xlsx, 14 Aug -16 Aug,41,,Verify formula in source Excel workbook or wait for branch supervisor confirmation
RET- 14 Au-R42-SF_PLUS,"Galaxy A07 LTE
6-19 July",N/A,STANDARD_SM,SF_PLUS,QUARANTINED_UNPROVEN,Quarantined by Rule Engine: QUARANTINED_UNPROVEN. Strictly prohibited from retail sale.,Promotion Retail Aug 2026.xlsx, 14 Aug -16 Aug,42,,Verify formula in source Excel workbook or wait for branch supervisor confirmation
RET- 14 Au-R43-SF_PLUS,"Galaxy A07 LTE
6-19 July",N/A,STANDARD_SM,SF_PLUS,QUARANTINED_UNPROVEN,Quarantined by Rule Engine: QUARANTINED_UNPROVEN. Strictly prohibited from retail sale.,Promotion Retail Aug 2026.xlsx, 14 Aug -16 Aug,43,,Verify formula in source Excel workbook or wait for branch supervisor confirmation
RET- 7 Aug-R4-SF_PLUS,Galaxy S26 Ultra,N/A,STANDARD_SM,SF_PLUS,QUARANTINED_UNPROVEN,Quarantined by Rule Engine: QUARANTINED_UNPROVEN. Strictly prohibited from retail sale.,Promotion Retail Aug 2026.xlsx, 7 Aug - 12 Aug,4,,Verify formula in source Excel workbook or wait for branch supervisor confirmation
RET- 7 Aug-R4-TRADEUP,Galaxy S26 Ultra,N/A,STANDARD_SM,TRADE_UP,QUARANTINED_UNPROVEN,Quarantined by Rule Engine: QUARANTINED_UNPROVEN. Strictly prohibited from retail sale.,Promotion Retail Aug 2026.xlsx, 7 Aug - 12 Aug,4,,Verify formula in source Excel workbook or wait for branch supervisor confirmation
RET- 7 Aug-R4-FLASHSALE,Galaxy S26 Ultra,N/A,STANDARD_SM,STANDARD_PAYMENT,QUARANTINED_UNPROVEN,Quarantined by Rule Engine: QUARANTINED_UNPROVEN. Strictly prohibited from retail sale.,Promotion Retail Aug 2026.xlsx, 7 Aug - 12 Aug,4,,Verify formula in source Excel workbook or wait for branch supervisor confirmation
RET- 7 Aug-R5-SF_PLUS,Galaxy S26 Ultra,N/A,STANDARD_SM,SF_PLUS,QUARANTINED_UNPROVEN,Quarantined by Rule Engine: QUARANTINED_UNPROVEN. Strictly prohibited from retail sale.,Promotion Retail Aug 2026.xlsx, 7 Aug - 12 Aug,5,,Verify formula in source Excel workbook or wait for branch supervisor confirmation
RET- 7 Aug-R5-TRADEUP,Galaxy S26 Ultra,N/A,STANDARD_SM,TRADE_UP,QUARANTINED_UNPROVEN,Quarantined by Rule Engine: QUARANTINED_UNPROVEN. Strictly prohibited from retail sale.,Promotion Retail Aug 2026.xlsx, 7 Aug - 12 Aug,5,,Verify formula in source Excel workbook or wait for branch supervisor confirmation
RET- 7 Aug-R5-STUDENT,Galaxy S26 Ultra,N/A,STANDARD_SM,STUDENT,QUARANTINED_UNPROVEN,Quarantined by Rule Engine: QUARANTINED_UNPROVEN. Strictly prohibited from retail sale.,Promotion Retail Aug 2026.xlsx, 7 Aug - 12 Aug,5,,Verify formula in source Excel workbook or wait for branch supervisor confirmation
RET- 7 Aug-R5-FLASHSALE,Galaxy S26 Ultra,N/A,STANDARD_SM,STANDARD_PAYMENT,QUARANTINED_UNPROVEN,Quarantined by Rule Engine: QUARANTINED_UNPROVEN. Strictly prohibited from retail sale.,Promotion Retail Aug 2026.xlsx, 7 Aug - 12 Aug,5,,Verify formula in source Excel workbook or wait for branch supervisor confirmation
RET- 7 Aug-R6-SF_PLUS,Galaxy S26 Ultra,N/A,STANDARD_SM,SF_PLUS,QUARANTINED_UNPROVEN,Quarantined by Rule Engine: QUARANTINED_UNPROVEN. Strictly prohibited from retail sale.,Promotion Retail Aug 2026.xlsx, 7 Aug - 12 Aug,6,,Verify formula in source Excel workbook or wait for branch supervisor confirmation
RET- 7 Aug-R6-TRADEUP,Galaxy S26 Ultra,N/A,STANDARD_SM,TRADE_UP,QUARANTINED_UNPROVEN,Quarantined by Rule Engine: QUARANTINED_UNPROVEN. Strictly prohibited from retail sale.,Promotion Retail Aug 2026.xlsx, 7 Aug - 12 Aug,6,,Verify formula in source Excel workbook or wait for branch supervisor confirmation
RET- 7 Aug-R6-STUDENT,Galaxy S26 Ultra,N/A,STANDARD_SM,STUDENT,QUARANTINED_UNPROVEN,Quarantined by Rule Engine: QUARANTINED_UNPROVEN. Strictly prohibited from retail sale.,Promotion Retail Aug 2026.xlsx, 7 Aug - 12 Aug,6,,Verify formula in source Excel workbook or wait for branch supervisor confirmation
RET- 7 Aug-R6-FLASHSALE,Galaxy S26 Ultra,N/A,STANDARD_SM,STANDARD_PAYMENT,QUARANTINED_UNPROVEN,Quarantined by Rule Engine: QUARANTINED_UNPROVEN. Strictly prohibited from retail sale.,Promotion Retail Aug 2026.xlsx, 7 Aug - 12 Aug,6,,Verify formula in source Excel workbook or wait for branch supervisor confirmation
RET- 7 Aug-R7-SF_PLUS,Galaxy S26+,N/A,STANDARD_SM,SF_PLUS,QUARANTINED_UNPROVEN,Quarantined by Rule Engine: QUARANTINED_UNPROVEN. Strictly prohibited from retail sale.,Promotion Retail Aug 2026.xlsx, 7 Aug - 12 Aug,7,,Verify formula in source Excel workbook or wait for branch supervisor confirmation
RET- 7 Aug-R8-SF_PLUS,Galaxy S26+,N/A,STANDARD_SM,SF_PLUS,QUARANTINED_UNPROVEN,Quarantined by Rule Engine: QUARANTINED_UNPROVEN. Strictly prohibited from retail sale.,Promotion Retail Aug 2026.xlsx, 7 Aug - 12 Aug,8,,Verify formula in source Excel workbook or wait for branch supervisor confirmation
RET- 7 Aug-R9-SF_PLUS,Galaxy S26,N/A,STANDARD_SM,SF_PLUS,QUARANTINED_UNPROVEN,Quarantined by Rule Engine: QUARANTINED_UNPROVEN. Strictly prohibited from retail sale.,Promotion Retail Aug 2026.xlsx, 7 Aug - 12 Aug,9,,Verify formula in source Excel workbook or wait for branch supervisor confirmation
RET- 7 Aug-R10-SF_PLUS,Galaxy S26,N/A,STANDARD_SM,SF_PLUS,QUARANTINED_UNPROVEN,Quarantined by Rule Engine: QUARANTINED_UNPROVEN. Strictly prohibited from retail sale.,Promotion Retail Aug 2026.xlsx, 7 Aug - 12 Aug,10,,Verify formula in source Excel workbook or wait for branch supervisor confirmation
RET- 7 Aug-R11-SF_PLUS,Galaxy S25 Ultra,N/A,PASS_F,SF_PLUS,QUARANTINED_UNPROVEN,Quarantined by Rule Engine: QUARANTINED_UNPROVEN. Strictly prohibited from retail sale.,Promotion Retail Aug 2026.xlsx, 7 Aug - 12 Aug,11,,Verify formula in source Excel workbook or wait for branch supervisor confirmation
RET- 7 Aug-R12-SF_PLUS,"Galaxy S25 FE
(ร่วม SF+)",N/A,STANDARD_SM,SF_PLUS,QUARANTINED_UNPROVEN,Quarantined by Rule Engine: QUARANTINED_UNPROVEN. Strictly prohibited from retail sale.,Promotion Retail Aug 2026.xlsx, 7 Aug - 12 Aug,12,,Verify formula in source Excel workbook or wait for branch supervisor confirmation
RET- 7 Aug-R12-STUDENT,"Galaxy S25 FE
(ร่วม SF+)",N/A,STANDARD_SM,STUDENT,QUARANTINED_UNPROVEN,Quarantined by Rule Engine: QUARANTINED_UNPROVEN. Strictly prohibited from retail sale.,Promotion Retail Aug 2026.xlsx, 7 Aug - 12 Aug,12,,Verify formula in source Excel workbook or wait for branch supervisor confirmation
RET- 7 Aug-R13-SF_PLUS,"Galaxy S25 FE
(ร่วม SF+)",N/A,STANDARD_SM,SF_PLUS,QUARANTINED_UNPROVEN,Quarantined by Rule Engine: QUARANTINED_UNPROVEN. Strictly prohibited from retail sale.,Promotion Retail Aug 2026.xlsx, 7 Aug - 12 Aug,13,,Verify formula in source Excel workbook or wait for branch supervisor confirmation
RET- 7 Aug-R13-STUDENT,"Galaxy S25 FE
(ร่วม SF+)",N/A,STANDARD_SM,STUDENT,QUARANTINED_UNPROVEN,Quarantined by Rule Engine: QUARANTINED_UNPROVEN. Strictly prohibited from retail sale.,Promotion Retail Aug 2026.xlsx, 7 Aug - 12 Aug,13,,Verify formula in source Excel workbook or wait for branch supervisor confirmation
RET- 7 Aug-R14-STANDARD_PAYMENT,"Galaxy S25 FE
(ไม่ร่วม SF+)",N/A,STANDARD_SM,STANDARD_PAYMENT,QUARANTINED_UNPROVEN,Quarantined by Rule Engine: QUARANTINED_UNPROVEN. Strictly prohibited from retail sale.,Promotion Retail Aug 2026.xlsx, 7 Aug - 12 Aug,14,,Verify formula in source Excel workbook or wait for branch supervisor confirmation
RET- 7 Aug-R15-STANDARD_PAYMENT,"Galaxy S25 FE
(ไม่ร่วม SF+)",N/A,STANDARD_SM,STANDARD_PAYMENT,QUARANTINED_UNPROVEN,Quarantined by Rule Engine: QUARANTINED_UNPROVEN. Strictly prohibited from retail sale.,Promotion Retail Aug 2026.xlsx, 7 Aug - 12 Aug,15,,Verify formula in source Excel workbook or wait for branch supervisor confirmation
RET- 7 Aug-R16-TRADEUP,Galaxy Z Fold8 Ultra,N/A,STANDARD_SM,TRADE_UP,MISSING_NET_PRICE,Quarantined by Rule Engine: MISSING_NET_PRICE. Strictly prohibited from retail sale.,Promotion Retail Aug 2026.xlsx, 7 Aug - 12 Aug,16,,Verify formula in source Excel workbook or wait for branch supervisor confirmation
RET- 7 Aug-R17-TRADEUP,Galaxy Z Fold8 Ultra,N/A,STANDARD_SM,TRADE_UP,MISSING_NET_PRICE,Quarantined by Rule Engine: MISSING_NET_PRICE. Strictly prohibited from retail sale.,Promotion Retail Aug 2026.xlsx, 7 Aug - 12 Aug,17,,Verify formula in source Excel workbook or wait for branch supervisor confirmation
RET- 7 Aug-R18-TRADEUP,Galaxy Z Fold8 Ultra,N/A,STANDARD_SM,TRADE_UP,MISSING_NET_PRICE,Quarantined by Rule Engine: MISSING_NET_PRICE. Strictly prohibited from retail sale.,Promotion Retail Aug 2026.xlsx, 7 Aug - 12 Aug,18,,Verify formula in source Excel workbook or wait for branch supervisor confirmation
RET- 7 Aug-R19-TRADEUP,Galaxy Z Fold8,N/A,STANDARD_SM,TRADE_UP,MISSING_NET_PRICE,Quarantined by Rule Engine: MISSING_NET_PRICE. Strictly prohibited from retail sale.,Promotion Retail Aug 2026.xlsx, 7 Aug - 12 Aug,19,,Verify formula in source Excel workbook or wait for branch supervisor confirmation
RET- 7 Aug-R20-TRADEUP,Galaxy Z Fold8,N/A,STANDARD_SM,TRADE_UP,MISSING_NET_PRICE,Quarantined by Rule Engine: MISSING_NET_PRICE. Strictly prohibited from retail sale.,Promotion Retail Aug 2026.xlsx, 7 Aug - 12 Aug,20,,Verify formula in source Excel workbook or wait for branch supervisor confirmation
RET- 7 Aug-R21-TRADEUP,Galaxy Z Fold8,N/A,STANDARD_SM,TRADE_UP,MISSING_NET_PRICE,Quarantined by Rule Engine: MISSING_NET_PRICE. Strictly prohibited from retail sale.,Promotion Retail Aug 2026.xlsx, 7 Aug - 12 Aug,21,,Verify formula in source Excel workbook or wait for branch supervisor confirmation
RET- 7 Aug-R22-TRADEUP,Galaxy Z Flip8,N/A,STANDARD_SM,TRADE_UP,MISSING_NET_PRICE,Quarantined by Rule Engine: MISSING_NET_PRICE. Strictly prohibited from retail sale.,Promotion Retail Aug 2026.xlsx, 7 Aug - 12 Aug,22,,Verify formula in source Excel workbook or wait for branch supervisor confirmation
RET- 7 Aug-R23-TRADEUP,Galaxy Z Flip8,N/A,STANDARD_SM,TRADE_UP,MISSING_NET_PRICE,Quarantined by Rule Engine: MISSING_NET_PRICE. Strictly prohibited from retail sale.,Promotion Retail Aug 2026.xlsx, 7 Aug - 12 Aug,23,,Verify formula in source Excel workbook or wait for branch supervisor confirmation
RET- 7 Aug-R24-SF_PLUS,Galaxy Z Fold 7,N/A,STANDARD_SM,SF_PLUS,QUARANTINED_UNPROVEN,Quarantined by Rule Engine: QUARANTINED_UNPROVEN. Strictly prohibited from retail sale.,Promotion Retail Aug 2026.xlsx, 7 Aug - 12 Aug,24,,Verify formula in source Excel workbook or wait for branch supervisor confirmation
RET- 7 Aug-R25-SF_PLUS,Galaxy Z Fold 7,N/A,STANDARD_SM,SF_PLUS,QUARANTINED_UNPROVEN,Quarantined by Rule Engine: QUARANTINED_UNPROVEN. Strictly prohibited from retail sale.,Promotion Retail Aug 2026.xlsx, 7 Aug - 12 Aug,25,,Verify formula in source Excel workbook or wait for branch supervisor confirmation
RET- 7 Aug-R26-SF_PLUS,Galaxy Z Fold 7,N/A,STANDARD_SM,SF_PLUS,QUARANTINED_UNPROVEN,Quarantined by Rule Engine: QUARANTINED_UNPROVEN. Strictly prohibited from retail sale.,Promotion Retail Aug 2026.xlsx, 7 Aug - 12 Aug,26,,Verify formula in source Excel workbook or wait for branch supervisor confirmation
RET- 7 Aug-R27-SF_PLUS,Galaxy Z Flip7,N/A,STANDARD_SM,SF_PLUS,QUARANTINED_UNPROVEN,Quarantined by Rule Engine: QUARANTINED_UNPROVEN. Strictly prohibited from retail sale.,Promotion Retail Aug 2026.xlsx, 7 Aug - 12 Aug,27,,Verify formula in source Excel workbook or wait for branch supervisor confirmation
RET- 7 Aug-R28-SF_PLUS,Galaxy Z Flip7,N/A,STANDARD_SM,SF_PLUS,QUARANTINED_UNPROVEN,Quarantined by Rule Engine: QUARANTINED_UNPROVEN. Strictly prohibited from retail sale.,Promotion Retail Aug 2026.xlsx, 7 Aug - 12 Aug,28,,Verify formula in source Excel workbook or wait for branch supervisor confirmation
RET- 7 Aug-R29-SF_PLUS,"Galaxy A57 5G
 ตั้งแต่ 3-16 สิงหาคม",N/A,STANDARD_SM,SF_PLUS,QUARANTINED_UNPROVEN,Quarantined by Rule Engine: QUARANTINED_UNPROVEN. Strictly prohibited from retail sale.,Promotion Retail Aug 2026.xlsx, 7 Aug - 12 Aug,29,,Verify formula in source Excel workbook or wait for branch supervisor confirmation
RET- 7 Aug-R29-STUDENT,"Galaxy A57 5G
 ตั้งแต่ 3-16 สิงหาคม",N/A,STANDARD_SM,STUDENT,QUARANTINED_UNPROVEN,Quarantined by Rule Engine: QUARANTINED_UNPROVEN. Strictly prohibited from retail sale.,Promotion Retail Aug 2026.xlsx, 7 Aug - 12 Aug,29,,Verify formula in source Excel workbook or wait for branch supervisor confirmation
RET- 7 Aug-R30-SF_PLUS,"Galaxy A57 5G
 ตั้งแต่ 3-16 สิงหาคม",N/A,STANDARD_SM,SF_PLUS,QUARANTINED_UNPROVEN,Quarantined by Rule Engine: QUARANTINED_UNPROVEN. Strictly prohibited from retail sale.,Promotion Retail Aug 2026.xlsx, 7 Aug - 12 Aug,30,,Verify formula in source Excel workbook or wait for branch supervisor confirmation
RET- 7 Aug-R30-STUDENT,"Galaxy A57 5G
 ตั้งแต่ 3-16 สิงหาคม",N/A,STANDARD_SM,STUDENT,QUARANTINED_UNPROVEN,Quarantined by Rule Engine: QUARANTINED_UNPROVEN. Strictly prohibited from retail sale.,Promotion Retail Aug 2026.xlsx, 7 Aug - 12 Aug,30,,Verify formula in source Excel workbook or wait for branch supervisor confirmation
RET- 7 Aug-R31-SF_PLUS,"Galaxy A57 5G
 ตั้งแต่ 3-16 สิงหาคม",N/A,STANDARD_SM,SF_PLUS,QUARANTINED_UNPROVEN,Quarantined by Rule Engine: QUARANTINED_UNPROVEN. Strictly prohibited from retail sale.,Promotion Retail Aug 2026.xlsx, 7 Aug - 12 Aug,31,,Verify formula in source Excel workbook or wait for branch supervisor confirmation
RET- 7 Aug-R31-STUDENT,"Galaxy A57 5G
 ตั้งแต่ 3-16 สิงหาคม",N/A,STANDARD_SM,STUDENT,QUARANTINED_UNPROVEN,Quarantined by Rule Engine: QUARANTINED_UNPROVEN. Strictly prohibited from retail sale.,Promotion Retail Aug 2026.xlsx, 7 Aug - 12 Aug,31,,Verify formula in source Excel workbook or wait for branch supervisor confirmation
RET- 7 Aug-R32-STANDARD_PAYMENT,"Galaxy A57 5G 
(ไม่สามารถใช้ร่วมกับ SF+ ได้)
ตั้งแต่ 3-16 สิงหาคม",N/A,STANDARD_SM,STANDARD_PAYMENT,QUARANTINED_UNPROVEN,Quarantined by Rule Engine: QUARANTINED_UNPROVEN. Strictly prohibited from retail sale.,Promotion Retail Aug 2026.xlsx, 7 Aug - 12 Aug,32,,Verify formula in source Excel workbook or wait for branch supervisor confirmation
RET- 7 Aug-R32-STUDENT,"Galaxy A57 5G 
(ไม่สามารถใช้ร่วมกับ SF+ ได้)
ตั้งแต่ 3-16 สิงหาคม",N/A,STANDARD_SM,STUDENT,QUARANTINED_UNPROVEN,Quarantined by Rule Engine: QUARANTINED_UNPROVEN. Strictly prohibited from retail sale.,Promotion Retail Aug 2026.xlsx, 7 Aug - 12 Aug,32,,Verify formula in source Excel workbook or wait for branch supervisor confirmation
RET- 7 Aug-R33-STANDARD_PAYMENT,"Galaxy A57 5G 
(ไม่สามารถใช้ร่วมกับ SF+ ได้)
ตั้งแต่ 3-16 สิงหาคม",N/A,STANDARD_SM,STANDARD_PAYMENT,QUARANTINED_UNPROVEN,Quarantined by Rule Engine: QUARANTINED_UNPROVEN. Strictly prohibited from retail sale.,Promotion Retail Aug 2026.xlsx, 7 Aug - 12 Aug,33,,Verify formula in source Excel workbook or wait for branch supervisor confirmation
RET- 7 Aug-R33-STUDENT,"Galaxy A57 5G 
(ไม่สามารถใช้ร่วมกับ SF+ ได้)
ตั้งแต่ 3-16 สิงหาคม",N/A,STANDARD_SM,STUDENT,QUARANTINED_UNPROVEN,Quarantined by Rule Engine: QUARANTINED_UNPROVEN. Strictly prohibited from retail sale.,Promotion Retail Aug 2026.xlsx, 7 Aug - 12 Aug,33,,Verify formula in source Excel workbook or wait for branch supervisor confirmation
RET- 7 Aug-R34-STANDARD_PAYMENT,"Galaxy A57 5G 
(ไม่สามารถใช้ร่วมกับ SF+ ได้)
ตั้งแต่ 3-16 สิงหาคม",N/A,STANDARD_SM,STANDARD_PAYMENT,QUARANTINED_UNPROVEN,Quarantined by Rule Engine: QUARANTINED_UNPROVEN. Strictly prohibited from retail sale.,Promotion Retail Aug 2026.xlsx, 7 Aug - 12 Aug,34,,Verify formula in source Excel workbook or wait for branch supervisor confirmation
RET- 7 Aug-R34-STUDENT,"Galaxy A57 5G 
(ไม่สามารถใช้ร่วมกับ SF+ ได้)
ตั้งแต่ 3-16 สิงหาคม",N/A,STANDARD_SM,STUDENT,QUARANTINED_UNPROVEN,Quarantined by Rule Engine: QUARANTINED_UNPROVEN. Strictly prohibited from retail sale.,Promotion Retail Aug 2026.xlsx, 7 Aug - 12 Aug,34,,Verify formula in source Excel workbook or wait for branch supervisor confirmation
RET- 7 Aug-R35-SF_PLUS,"Galaxy A37 5G
ตั้งแต่ 3-16 สิงหาคม",N/A,STANDARD_SM,SF_PLUS,QUARANTINED_UNPROVEN,Quarantined by Rule Engine: QUARANTINED_UNPROVEN. Strictly prohibited from retail sale.,Promotion Retail Aug 2026.xlsx, 7 Aug - 12 Aug,35,,Verify formula in source Excel workbook or wait for branch supervisor confirmation
RET- 7 Aug-R35-STUDENT,"Galaxy A37 5G
ตั้งแต่ 3-16 สิงหาคม",N/A,STANDARD_SM,STUDENT,QUARANTINED_UNPROVEN,Quarantined by Rule Engine: QUARANTINED_UNPROVEN. Strictly prohibited from retail sale.,Promotion Retail Aug 2026.xlsx, 7 Aug - 12 Aug,35,,Verify formula in source Excel workbook or wait for branch supervisor confirmation
RET- 7 Aug-R36-SF_PLUS,"Galaxy A27 5G
ตั้งแต่ 3-16 สิงหาคม",N/A,STANDARD_SM,SF_PLUS,QUARANTINED_UNPROVEN,Quarantined by Rule Engine: QUARANTINED_UNPROVEN. Strictly prohibited from retail sale.,Promotion Retail Aug 2026.xlsx, 7 Aug - 12 Aug,36,,Verify formula in source Excel workbook or wait for branch supervisor confirmation
RET- 7 Aug-R37-SF_PLUS,"Galaxy A17 5G
ตั้งแต่ 3-16 สิงหาคม",N/A,STANDARD_SM,SF_PLUS,QUARANTINED_UNPROVEN,Quarantined by Rule Engine: QUARANTINED_UNPROVEN. Strictly prohibited from retail sale.,Promotion Retail Aug 2026.xlsx, 7 Aug - 12 Aug,37,,Verify formula in source Excel workbook or wait for branch supervisor confirmation
RET- 7 Aug-R37-STUDENT,"Galaxy A17 5G
ตั้งแต่ 3-16 สิงหาคม",N/A,STANDARD_SM,STUDENT,QUARANTINED_UNPROVEN,Quarantined by Rule Engine: QUARANTINED_UNPROVEN. Strictly prohibited from retail sale.,Promotion Retail Aug 2026.xlsx, 7 Aug - 12 Aug,37,,Verify formula in source Excel workbook or wait for branch supervisor confirmation
RET- 7 Aug-R37-FLASHSALE,"Galaxy A17 5G
ตั้งแต่ 3-16 สิงหาคม",N/A,STANDARD_SM,STANDARD_PAYMENT,QUARANTINED_UNPROVEN,Quarantined by Rule Engine: QUARANTINED_UNPROVEN. Strictly prohibited from retail sale.,Promotion Retail Aug 2026.xlsx, 7 Aug - 12 Aug,37,,Verify formula in source Excel workbook or wait for branch supervisor confirmation
RET- 7 Aug-R38-SF_PLUS,"Galaxy A17 5G
ตั้งแต่ 3-16 สิงหาคม",N/A,STANDARD_SM,SF_PLUS,QUARANTINED_UNPROVEN,Quarantined by Rule Engine: QUARANTINED_UNPROVEN. Strictly prohibited from retail sale.,Promotion Retail Aug 2026.xlsx, 7 Aug - 12 Aug,38,,Verify formula in source Excel workbook or wait for branch supervisor confirmation
RET- 7 Aug-R39-SF_PLUS,"Galaxy A17 LTE
ตั้งแต่ 3-16 สิงหาคม",N/A,STANDARD_SM,SF_PLUS,QUARANTINED_UNPROVEN,Quarantined by Rule Engine: QUARANTINED_UNPROVEN. Strictly prohibited from retail sale.,Promotion Retail Aug 2026.xlsx, 7 Aug - 12 Aug,39,,Verify formula in source Excel workbook or wait for branch supervisor confirmation
RET- 7 Aug-R40-SF_PLUS,"Galaxy A07 5G
ตั้งแต่ 3-16 สิงหาคม",N/A,STANDARD_SM,SF_PLUS,QUARANTINED_UNPROVEN,Quarantined by Rule Engine: QUARANTINED_UNPROVEN. Strictly prohibited from retail sale.,Promotion Retail Aug 2026.xlsx, 7 Aug - 12 Aug,40,,Verify formula in source Excel workbook or wait for branch supervisor confirmation
RET- 7 Aug-R40-STUDENT,"Galaxy A07 5G
ตั้งแต่ 3-16 สิงหาคม",N/A,STANDARD_SM,STUDENT,QUARANTINED_UNPROVEN,Quarantined by Rule Engine: QUARANTINED_UNPROVEN. Strictly prohibited from retail sale.,Promotion Retail Aug 2026.xlsx, 7 Aug - 12 Aug,40,,Verify formula in source Excel workbook or wait for branch supervisor confirmation
RET- 7 Aug-R41-SF_PLUS,"Galaxy A07 LTE
6-19 July",N/A,STANDARD_SM,SF_PLUS,QUARANTINED_UNPROVEN,Quarantined by Rule Engine: QUARANTINED_UNPROVEN. Strictly prohibited from retail sale.,Promotion Retail Aug 2026.xlsx, 7 Aug - 12 Aug,41,,Verify formula in source Excel workbook or wait for branch supervisor confirmation
RET- 7 Aug-R42-SF_PLUS,"Galaxy A07 LTE
6-19 July",N/A,STANDARD_SM,SF_PLUS,QUARANTINED_UNPROVEN,Quarantined by Rule Engine: QUARANTINED_UNPROVEN. Strictly prohibited from retail sale.,Promotion Retail Aug 2026.xlsx, 7 Aug - 12 Aug,42,,Verify formula in source Excel workbook or wait for branch supervisor confirmation
RET- 7 Aug-R43-SF_PLUS,"Galaxy A07 LTE
6-19 July",N/A,STANDARD_SM,SF_PLUS,QUARANTINED_UNPROVEN,Quarantined by Rule Engine: QUARANTINED_UNPROVEN. Strictly prohibited from retail sale.,Promotion Retail Aug 2026.xlsx, 7 Aug - 12 Aug,43,,Verify formula in source Excel workbook or wait for branch supervisor confirmation
RET- 3 -6 -R4-SF_PLUS,Galaxy S26 Ultra,N/A,STANDARD_SM,SF_PLUS,QUARANTINED_UNPROVEN,Quarantined by Rule Engine: QUARANTINED_UNPROVEN. Strictly prohibited from retail sale.,Promotion Retail Aug 2026.xlsx, 3 -6 Aug ,4,,Verify formula in source Excel workbook or wait for branch supervisor confirmation
RET- 3 -6 -R4-TRADEUP,Galaxy S26 Ultra,N/A,STANDARD_SM,TRADE_UP,QUARANTINED_UNPROVEN,Quarantined by Rule Engine: QUARANTINED_UNPROVEN. Strictly prohibited from retail sale.,Promotion Retail Aug 2026.xlsx, 3 -6 Aug ,4,,Verify formula in source Excel workbook or wait for branch supervisor confirmation
RET- 3 -6 -R5-SF_PLUS,Galaxy S26 Ultra,N/A,STANDARD_SM,SF_PLUS,QUARANTINED_UNPROVEN,Quarantined by Rule Engine: QUARANTINED_UNPROVEN. Strictly prohibited from retail sale.,Promotion Retail Aug 2026.xlsx, 3 -6 Aug ,5,,Verify formula in source Excel workbook or wait for branch supervisor confirmation
RET- 3 -6 -R5-TRADEUP,Galaxy S26 Ultra,N/A,STANDARD_SM,TRADE_UP,QUARANTINED_UNPROVEN,Quarantined by Rule Engine: QUARANTINED_UNPROVEN. Strictly prohibited from retail sale.,Promotion Retail Aug 2026.xlsx, 3 -6 Aug ,5,,Verify formula in source Excel workbook or wait for branch supervisor confirmation
RET- 3 -6 -R5-STUDENT,Galaxy S26 Ultra,N/A,STANDARD_SM,STUDENT,QUARANTINED_UNPROVEN,Quarantined by Rule Engine: QUARANTINED_UNPROVEN. Strictly prohibited from retail sale.,Promotion Retail Aug 2026.xlsx, 3 -6 Aug ,5,,Verify formula in source Excel workbook or wait for branch supervisor confirmation
RET- 3 -6 -R6-SF_PLUS,Galaxy S26 Ultra,N/A,STANDARD_SM,SF_PLUS,QUARANTINED_UNPROVEN,Quarantined by Rule Engine: QUARANTINED_UNPROVEN. Strictly prohibited from retail sale.,Promotion Retail Aug 2026.xlsx, 3 -6 Aug ,6,,Verify formula in source Excel workbook or wait for branch supervisor confirmation
RET- 3 -6 -R6-TRADEUP,Galaxy S26 Ultra,N/A,STANDARD_SM,TRADE_UP,QUARANTINED_UNPROVEN,Quarantined by Rule Engine: QUARANTINED_UNPROVEN. Strictly prohibited from retail sale.,Promotion Retail Aug 2026.xlsx, 3 -6 Aug ,6,,Verify formula in source Excel workbook or wait for branch supervisor confirmation
RET- 3 -6 -R6-STUDENT,Galaxy S26 Ultra,N/A,STANDARD_SM,STUDENT,QUARANTINED_UNPROVEN,Quarantined by Rule Engine: QUARANTINED_UNPROVEN. Strictly prohibited from retail sale.,Promotion Retail Aug 2026.xlsx, 3 -6 Aug ,6,,Verify formula in source Excel workbook or wait for branch supervisor confirmation
RET- 3 -6 -R7-SF_PLUS,Galaxy S26+,N/A,STANDARD_SM,SF_PLUS,QUARANTINED_UNPROVEN,Quarantined by Rule Engine: QUARANTINED_UNPROVEN. Strictly prohibited from retail sale.,Promotion Retail Aug 2026.xlsx, 3 -6 Aug ,7,,Verify formula in source Excel workbook or wait for branch supervisor confirmation
RET- 3 -6 -R8-SF_PLUS,Galaxy S26+,N/A,STANDARD_SM,SF_PLUS,QUARANTINED_UNPROVEN,Quarantined by Rule Engine: QUARANTINED_UNPROVEN. Strictly prohibited from retail sale.,Promotion Retail Aug 2026.xlsx, 3 -6 Aug ,8,,Verify formula in source Excel workbook or wait for branch supervisor confirmation
RET- 3 -6 -R9-SF_PLUS,Galaxy S26,N/A,STANDARD_SM,SF_PLUS,QUARANTINED_UNPROVEN,Quarantined by Rule Engine: QUARANTINED_UNPROVEN. Strictly prohibited from retail sale.,Promotion Retail Aug 2026.xlsx, 3 -6 Aug ,9,,Verify formula in source Excel workbook or wait for branch supervisor confirmation
RET- 3 -6 -R10-SF_PLUS,Galaxy S26,N/A,STANDARD_SM,SF_PLUS,QUARANTINED_UNPROVEN,Quarantined by Rule Engine: QUARANTINED_UNPROVEN. Strictly prohibited from retail sale.,Promotion Retail Aug 2026.xlsx, 3 -6 Aug ,10,,Verify formula in source Excel workbook or wait for branch supervisor confirmation
RET- 3 -6 -R11-SF_PLUS,Galaxy S25 Ultra,N/A,STANDARD_SM,SF_PLUS,QUARANTINED_UNPROVEN,Quarantined by Rule Engine: QUARANTINED_UNPROVEN. Strictly prohibited from retail sale.,Promotion Retail Aug 2026.xlsx, 3 -6 Aug ,11,,Verify formula in source Excel workbook or wait for branch supervisor confirmation
RET- 3 -6 -R12-SF_PLUS,"Galaxy S25 FE
(ร่วม SF+)",N/A,STANDARD_SM,SF_PLUS,QUARANTINED_UNPROVEN,Quarantined by Rule Engine: QUARANTINED_UNPROVEN. Strictly prohibited from retail sale.,Promotion Retail Aug 2026.xlsx, 3 -6 Aug ,12,,Verify formula in source Excel workbook or wait for branch supervisor confirmation
RET- 3 -6 -R12-STUDENT,"Galaxy S25 FE
(ร่วม SF+)",N/A,STANDARD_SM,STUDENT,QUARANTINED_UNPROVEN,Quarantined by Rule Engine: QUARANTINED_UNPROVEN. Strictly prohibited from retail sale.,Promotion Retail Aug 2026.xlsx, 3 -6 Aug ,12,,Verify formula in source Excel workbook or wait for branch supervisor confirmation
RET- 3 -6 -R13-SF_PLUS,"Galaxy S25 FE
(ร่วม SF+)",N/A,STANDARD_SM,SF_PLUS,QUARANTINED_UNPROVEN,Quarantined by Rule Engine: QUARANTINED_UNPROVEN. Strictly prohibited from retail sale.,Promotion Retail Aug 2026.xlsx, 3 -6 Aug ,13,,Verify formula in source Excel workbook or wait for branch supervisor confirmation
RET- 3 -6 -R13-STUDENT,"Galaxy S25 FE
(ร่วม SF+)",N/A,STANDARD_SM,STUDENT,QUARANTINED_UNPROVEN,Quarantined by Rule Engine: QUARANTINED_UNPROVEN. Strictly prohibited from retail sale.,Promotion Retail Aug 2026.xlsx, 3 -6 Aug ,13,,Verify formula in source Excel workbook or wait for branch supervisor confirmation
RET- 3 -6 -R14-STANDARD_PAYMENT,"Galaxy S25 FE
(ไม่ร่วม SF+)",N/A,STANDARD_SM,STANDARD_PAYMENT,QUARANTINED_UNPROVEN,Quarantined by Rule Engine: QUARANTINED_UNPROVEN. Strictly prohibited from retail sale.,Promotion Retail Aug 2026.xlsx, 3 -6 Aug ,14,,Verify formula in source Excel workbook or wait for branch supervisor confirmation
RET- 3 -6 -R15-STANDARD_PAYMENT,"Galaxy S25 FE
(ไม่ร่วม SF+)",N/A,STANDARD_SM,STANDARD_PAYMENT,QUARANTINED_UNPROVEN,Quarantined by Rule Engine: QUARANTINED_UNPROVEN. Strictly prohibited from retail sale.,Promotion Retail Aug 2026.xlsx, 3 -6 Aug ,15,,Verify formula in source Excel workbook or wait for branch supervisor confirmation
RET- 3 -6 -R16-TRADEUP,Galaxy Z Fold8 Ultra,N/A,STANDARD_SM,TRADE_UP,MISSING_NET_PRICE,Quarantined by Rule Engine: MISSING_NET_PRICE. Strictly prohibited from retail sale.,Promotion Retail Aug 2026.xlsx, 3 -6 Aug ,16,,Verify formula in source Excel workbook or wait for branch supervisor confirmation
RET- 3 -6 -R17-TRADEUP,Galaxy Z Fold8 Ultra,N/A,STANDARD_SM,TRADE_UP,MISSING_NET_PRICE,Quarantined by Rule Engine: MISSING_NET_PRICE. Strictly prohibited from retail sale.,Promotion Retail Aug 2026.xlsx, 3 -6 Aug ,17,,Verify formula in source Excel workbook or wait for branch supervisor confirmation
RET- 3 -6 -R18-TRADEUP,Galaxy Z Fold8 Ultra,N/A,STANDARD_SM,TRADE_UP,MISSING_NET_PRICE,Quarantined by Rule Engine: MISSING_NET_PRICE. Strictly prohibited from retail sale.,Promotion Retail Aug 2026.xlsx, 3 -6 Aug ,18,,Verify formula in source Excel workbook or wait for branch supervisor confirmation
RET- 3 -6 -R19-TRADEUP,Galaxy Z Fold8,N/A,STANDARD_SM,TRADE_UP,MISSING_NET_PRICE,Quarantined by Rule Engine: MISSING_NET_PRICE. Strictly prohibited from retail sale.,Promotion Retail Aug 2026.xlsx, 3 -6 Aug ,19,,Verify formula in source Excel workbook or wait for branch supervisor confirmation
RET- 3 -6 -R20-TRADEUP,Galaxy Z Fold8,N/A,STANDARD_SM,TRADE_UP,MISSING_NET_PRICE,Quarantined by Rule Engine: MISSING_NET_PRICE. Strictly prohibited from retail sale.,Promotion Retail Aug 2026.xlsx, 3 -6 Aug ,20,,Verify formula in source Excel workbook or wait for branch supervisor confirmation
RET- 3 -6 -R21-TRADEUP,Galaxy Z Fold8,N/A,STANDARD_SM,TRADE_UP,MISSING_NET_PRICE,Quarantined by Rule Engine: MISSING_NET_PRICE. Strictly prohibited from retail sale.,Promotion Retail Aug 2026.xlsx, 3 -6 Aug ,21,,Verify formula in source Excel workbook or wait for branch supervisor confirmation
RET- 3 -6 -R22-TRADEUP,Galaxy Z Flip8,N/A,STANDARD_SM,TRADE_UP,MISSING_NET_PRICE,Quarantined by Rule Engine: MISSING_NET_PRICE. Strictly prohibited from retail sale.,Promotion Retail Aug 2026.xlsx, 3 -6 Aug ,22,,Verify formula in source Excel workbook or wait for branch supervisor confirmation
RET- 3 -6 -R23-TRADEUP,Galaxy Z Flip8,N/A,STANDARD_SM,TRADE_UP,MISSING_NET_PRICE,Quarantined by Rule Engine: MISSING_NET_PRICE. Strictly prohibited from retail sale.,Promotion Retail Aug 2026.xlsx, 3 -6 Aug ,23,,Verify formula in source Excel workbook or wait for branch supervisor confirmation
RET- 3 -6 -R24-SF_PLUS,Galaxy Z Fold 7,N/A,STANDARD_SM,SF_PLUS,QUARANTINED_UNPROVEN,Quarantined by Rule Engine: QUARANTINED_UNPROVEN. Strictly prohibited from retail sale.,Promotion Retail Aug 2026.xlsx, 3 -6 Aug ,24,,Verify formula in source Excel workbook or wait for branch supervisor confirmation
RET- 3 -6 -R25-SF_PLUS,Galaxy Z Fold 7,N/A,STANDARD_SM,SF_PLUS,QUARANTINED_UNPROVEN,Quarantined by Rule Engine: QUARANTINED_UNPROVEN. Strictly prohibited from retail sale.,Promotion Retail Aug 2026.xlsx, 3 -6 Aug ,25,,Verify formula in source Excel workbook or wait for branch supervisor confirmation
RET- 3 -6 -R26-SF_PLUS,Galaxy Z Fold 7,N/A,STANDARD_SM,SF_PLUS,QUARANTINED_UNPROVEN,Quarantined by Rule Engine: QUARANTINED_UNPROVEN. Strictly prohibited from retail sale.,Promotion Retail Aug 2026.xlsx, 3 -6 Aug ,26,,Verify formula in source Excel workbook or wait for branch supervisor confirmation
RET- 3 -6 -R27-SF_PLUS,Galaxy Z Flip7,N/A,STANDARD_SM,SF_PLUS,QUARANTINED_UNPROVEN,Quarantined by Rule Engine: QUARANTINED_UNPROVEN. Strictly prohibited from retail sale.,Promotion Retail Aug 2026.xlsx, 3 -6 Aug ,27,,Verify formula in source Excel workbook or wait for branch supervisor confirmation
RET- 3 -6 -R28-SF_PLUS,Galaxy Z Flip7,N/A,STANDARD_SM,SF_PLUS,QUARANTINED_UNPROVEN,Quarantined by Rule Engine: QUARANTINED_UNPROVEN. Strictly prohibited from retail sale.,Promotion Retail Aug 2026.xlsx, 3 -6 Aug ,28,,Verify formula in source Excel workbook or wait for branch supervisor confirmation
RET- 3 -6 -R29-SF_PLUS,"Galaxy A57 5G
 ตั้งแต่ 3-16 สิงหาคม",N/A,STANDARD_SM,SF_PLUS,QUARANTINED_UNPROVEN,Quarantined by Rule Engine: QUARANTINED_UNPROVEN. Strictly prohibited from retail sale.,Promotion Retail Aug 2026.xlsx, 3 -6 Aug ,29,,Verify formula in source Excel workbook or wait for branch supervisor confirmation
RET- 3 -6 -R29-STUDENT,"Galaxy A57 5G
 ตั้งแต่ 3-16 สิงหาคม",N/A,STANDARD_SM,STUDENT,QUARANTINED_UNPROVEN,Quarantined by Rule Engine: QUARANTINED_UNPROVEN. Strictly prohibited from retail sale.,Promotion Retail Aug 2026.xlsx, 3 -6 Aug ,29,,Verify formula in source Excel workbook or wait for branch supervisor confirmation
RET- 3 -6 -R30-SF_PLUS,"Galaxy A57 5G
 ตั้งแต่ 3-16 สิงหาคม",N/A,STANDARD_SM,SF_PLUS,QUARANTINED_UNPROVEN,Quarantined by Rule Engine: QUARANTINED_UNPROVEN. Strictly prohibited from retail sale.,Promotion Retail Aug 2026.xlsx, 3 -6 Aug ,30,,Verify formula in source Excel workbook or wait for branch supervisor confirmation
RET- 3 -6 -R30-STUDENT,"Galaxy A57 5G
 ตั้งแต่ 3-16 สิงหาคม",N/A,STANDARD_SM,STUDENT,QUARANTINED_UNPROVEN,Quarantined by Rule Engine: QUARANTINED_UNPROVEN. Strictly prohibited from retail sale.,Promotion Retail Aug 2026.xlsx, 3 -6 Aug ,30,,Verify formula in source Excel workbook or wait for branch supervisor confirmation
RET- 3 -6 -R31-SF_PLUS,"Galaxy A57 5G
 ตั้งแต่ 3-16 สิงหาคม",N/A,STANDARD_SM,SF_PLUS,QUARANTINED_UNPROVEN,Quarantined by Rule Engine: QUARANTINED_UNPROVEN. Strictly prohibited from retail sale.,Promotion Retail Aug 2026.xlsx, 3 -6 Aug ,31,,Verify formula in source Excel workbook or wait for branch supervisor confirmation
RET- 3 -6 -R31-STUDENT,"Galaxy A57 5G
 ตั้งแต่ 3-16 สิงหาคม",N/A,STANDARD_SM,STUDENT,QUARANTINED_UNPROVEN,Quarantined by Rule Engine: QUARANTINED_UNPROVEN. Strictly prohibited from retail sale.,Promotion Retail Aug 2026.xlsx, 3 -6 Aug ,31,,Verify formula in source Excel workbook or wait for branch supervisor confirmation
RET- 3 -6 -R32-STANDARD_PAYMENT,"Galaxy A57 5G 
(ไม่สามารถใช้ร่วมกับ SF+ ได้)
ตั้งแต่ 3-16 สิงหาคม",N/A,STANDARD_SM,STANDARD_PAYMENT,QUARANTINED_UNPROVEN,Quarantined by Rule Engine: QUARANTINED_UNPROVEN. Strictly prohibited from retail sale.,Promotion Retail Aug 2026.xlsx, 3 -6 Aug ,32,,Verify formula in source Excel workbook or wait for branch supervisor confirmation
RET- 3 -6 -R32-STUDENT,"Galaxy A57 5G 
(ไม่สามารถใช้ร่วมกับ SF+ ได้)
ตั้งแต่ 3-16 สิงหาคม",N/A,STANDARD_SM,STUDENT,QUARANTINED_UNPROVEN,Quarantined by Rule Engine: QUARANTINED_UNPROVEN. Strictly prohibited from retail sale.,Promotion Retail Aug 2026.xlsx, 3 -6 Aug ,32,,Verify formula in source Excel workbook or wait for branch supervisor confirmation
RET- 3 -6 -R33-STANDARD_PAYMENT,"Galaxy A57 5G 
(ไม่สามารถใช้ร่วมกับ SF+ ได้)
ตั้งแต่ 3-16 สิงหาคม",N/A,STANDARD_SM,STANDARD_PAYMENT,QUARANTINED_UNPROVEN,Quarantined by Rule Engine: QUARANTINED_UNPROVEN. Strictly prohibited from retail sale.,Promotion Retail Aug 2026.xlsx, 3 -6 Aug ,33,,Verify formula in source Excel workbook or wait for branch supervisor confirmation
RET- 3 -6 -R33-STUDENT,"Galaxy A57 5G 
(ไม่สามารถใช้ร่วมกับ SF+ ได้)
ตั้งแต่ 3-16 สิงหาคม",N/A,STANDARD_SM,STUDENT,QUARANTINED_UNPROVEN,Quarantined by Rule Engine: QUARANTINED_UNPROVEN. Strictly prohibited from retail sale.,Promotion Retail Aug 2026.xlsx, 3 -6 Aug ,33,,Verify formula in source Excel workbook or wait for branch supervisor confirmation
RET- 3 -6 -R34-STANDARD_PAYMENT,"Galaxy A57 5G 
(ไม่สามารถใช้ร่วมกับ SF+ ได้)
ตั้งแต่ 3-16 สิงหาคม",N/A,STANDARD_SM,STANDARD_PAYMENT,QUARANTINED_UNPROVEN,Quarantined by Rule Engine: QUARANTINED_UNPROVEN. Strictly prohibited from retail sale.,Promotion Retail Aug 2026.xlsx, 3 -6 Aug ,34,,Verify formula in source Excel workbook or wait for branch supervisor confirmation
RET- 3 -6 -R34-STUDENT,"Galaxy A57 5G 
(ไม่สามารถใช้ร่วมกับ SF+ ได้)
ตั้งแต่ 3-16 สิงหาคม",N/A,STANDARD_SM,STUDENT,QUARANTINED_UNPROVEN,Quarantined by Rule Engine: QUARANTINED_UNPROVEN. Strictly prohibited from retail sale.,Promotion Retail Aug 2026.xlsx, 3 -6 Aug ,34,,Verify formula in source Excel workbook or wait for branch supervisor confirmation
RET- 3 -6 -R35-SF_PLUS,"Galaxy A37 5G
ตั้งแต่ 3-16 สิงหาคม",N/A,STANDARD_SM,SF_PLUS,QUARANTINED_UNPROVEN,Quarantined by Rule Engine: QUARANTINED_UNPROVEN. Strictly prohibited from retail sale.,Promotion Retail Aug 2026.xlsx, 3 -6 Aug ,35,,Verify formula in source Excel workbook or wait for branch supervisor confirmation
RET- 3 -6 -R35-STUDENT,"Galaxy A37 5G
ตั้งแต่ 3-16 สิงหาคม",N/A,STANDARD_SM,STUDENT,QUARANTINED_UNPROVEN,Quarantined by Rule Engine: QUARANTINED_UNPROVEN. Strictly prohibited from retail sale.,Promotion Retail Aug 2026.xlsx, 3 -6 Aug ,35,,Verify formula in source Excel workbook or wait for branch supervisor confirmation
RET- 3 -6 -R36-SF_PLUS,"Galaxy A27 5G
ตั้งแต่ 3-16 สิงหาคม",N/A,STANDARD_SM,SF_PLUS,QUARANTINED_UNPROVEN,Quarantined by Rule Engine: QUARANTINED_UNPROVEN. Strictly prohibited from retail sale.,Promotion Retail Aug 2026.xlsx, 3 -6 Aug ,36,,Verify formula in source Excel workbook or wait for branch supervisor confirmation
RET- 3 -6 -R37-SF_PLUS,"Galaxy A17 5G
ตั้งแต่ 3-16 สิงหาคม",N/A,STANDARD_SM,SF_PLUS,QUARANTINED_UNPROVEN,Quarantined by Rule Engine: QUARANTINED_UNPROVEN. Strictly prohibited from retail sale.,Promotion Retail Aug 2026.xlsx, 3 -6 Aug ,37,,Verify formula in source Excel workbook or wait for branch supervisor confirmation
RET- 3 -6 -R37-STUDENT,"Galaxy A17 5G
ตั้งแต่ 3-16 สิงหาคม",N/A,STANDARD_SM,STUDENT,QUARANTINED_UNPROVEN,Quarantined by Rule Engine: QUARANTINED_UNPROVEN. Strictly prohibited from retail sale.,Promotion Retail Aug 2026.xlsx, 3 -6 Aug ,37,,Verify formula in source Excel workbook or wait for branch supervisor confirmation
RET- 3 -6 -R38-SF_PLUS,"Galaxy A17 5G
ตั้งแต่ 3-16 สิงหาคม",N/A,STANDARD_SM,SF_PLUS,QUARANTINED_UNPROVEN,Quarantined by Rule Engine: QUARANTINED_UNPROVEN. Strictly prohibited from retail sale.,Promotion Retail Aug 2026.xlsx, 3 -6 Aug ,38,,Verify formula in source Excel workbook or wait for branch supervisor confirmation
RET- 3 -6 -R39-SF_PLUS,"Galaxy A17 LTE
ตั้งแต่ 3-16 สิงหาคม",N/A,STANDARD_SM,SF_PLUS,QUARANTINED_UNPROVEN,Quarantined by Rule Engine: QUARANTINED_UNPROVEN. Strictly prohibited from retail sale.,Promotion Retail Aug 2026.xlsx, 3 -6 Aug ,39,,Verify formula in source Excel workbook or wait for branch supervisor confirmation
RET- 3 -6 -R40-SF_PLUS,"Galaxy A07 5G
ตั้งแต่ 3-16 สิงหาคม",N/A,STANDARD_SM,SF_PLUS,QUARANTINED_UNPROVEN,Quarantined by Rule Engine: QUARANTINED_UNPROVEN. Strictly prohibited from retail sale.,Promotion Retail Aug 2026.xlsx, 3 -6 Aug ,40,,Verify formula in source Excel workbook or wait for branch supervisor confirmation
RET- 3 -6 -R40-STUDENT,"Galaxy A07 5G
ตั้งแต่ 3-16 สิงหาคม",N/A,STANDARD_SM,STUDENT,QUARANTINED_UNPROVEN,Quarantined by Rule Engine: QUARANTINED_UNPROVEN. Strictly prohibited from retail sale.,Promotion Retail Aug 2026.xlsx, 3 -6 Aug ,40,,Verify formula in source Excel workbook or wait for branch supervisor confirmation
RET- 3 -6 -R41-SF_PLUS,"Galaxy A07 LTE
6-19 July",N/A,STANDARD_SM,SF_PLUS,QUARANTINED_UNPROVEN,Quarantined by Rule Engine: QUARANTINED_UNPROVEN. Strictly prohibited from retail sale.,Promotion Retail Aug 2026.xlsx, 3 -6 Aug ,41,,Verify formula in source Excel workbook or wait for branch supervisor confirmation
RET- 3 -6 -R42-SF_PLUS,"Galaxy A07 LTE
6-19 July",N/A,STANDARD_SM,SF_PLUS,QUARANTINED_UNPROVEN,Quarantined by Rule Engine: QUARANTINED_UNPROVEN. Strictly prohibited from retail sale.,Promotion Retail Aug 2026.xlsx, 3 -6 Aug ,42,,Verify formula in source Excel workbook or wait for branch supervisor confirmation
RET- 3 -6 -R43-SF_PLUS,"Galaxy A07 LTE
6-19 July",N/A,STANDARD_SM,SF_PLUS,QUARANTINED_UNPROVEN,Quarantined by Rule Engine: QUARANTINED_UNPROVEN. Strictly prohibited from retail sale.,Promotion Retail Aug 2026.xlsx, 3 -6 Aug ,43,,Verify formula in source Excel workbook or wait for branch supervisor confirmation
TAB-R4-ADDON-KEYBOARD,Galaxy Tab S11  Ultra 5G,N/A,STANDARD_SM,ADD_ON_PURCHASE,PRICE_EQUATION_MISMATCH,Quarantined by Rule Engine: PRICE_EQUATION_MISMATCH. Strictly prohibited from retail sale.,Promotion Tablet Sep 2026.xlsx,โปร และ เงื่อนไขการตัดขาย,4,,Verify formula in source Excel workbook or wait for branch supervisor confirmation
TAB-R5-ADDON-KEYBOARD,Galaxy Tab S11 (5G),N/A,STANDARD_SM,ADD_ON_PURCHASE,PRICE_EQUATION_MISMATCH,Quarantined by Rule Engine: PRICE_EQUATION_MISMATCH. Strictly prohibited from retail sale.,Promotion Tablet Sep 2026.xlsx,โปร และ เงื่อนไขการตัดขาย,5,,Verify formula in source Excel workbook or wait for branch supervisor confirmation
TAB-R6-ADDON-KEYBOARD,Galaxy Tab S11  (WiFi),N/A,STANDARD_SM,ADD_ON_PURCHASE,PRICE_EQUATION_MISMATCH,Quarantined by Rule Engine: PRICE_EQUATION_MISMATCH. Strictly prohibited from retail sale.,Promotion Tablet Sep 2026.xlsx,โปร และ เงื่อนไขการตัดขาย,6,,Verify formula in source Excel workbook or wait for branch supervisor confirmation
TAB-R9-ADDON-KEYBOARD,Galaxy Tab S10 FE+ 5G,N/A,STANDARD_SM,ADD_ON_PURCHASE,PRICE_EQUATION_MISMATCH,Quarantined by Rule Engine: PRICE_EQUATION_MISMATCH. Strictly prohibited from retail sale.,Promotion Tablet Sep 2026.xlsx,โปร และ เงื่อนไขการตัดขาย,9,,Verify formula in source Excel workbook or wait for branch supervisor confirmation
TAB-R10-ADDON-KEYBOARD,Galaxy Tab S10 FE+ WiFi,N/A,STANDARD_SM,ADD_ON_PURCHASE,PRICE_EQUATION_MISMATCH,Quarantined by Rule Engine: PRICE_EQUATION_MISMATCH. Strictly prohibited from retail sale.,Promotion Tablet Sep 2026.xlsx,โปร และ เงื่อนไขการตัดขาย,10,,Verify formula in source Excel workbook or wait for branch supervisor confirmation
TAB-R11-ADDON-KEYBOARD,Galaxy Tab S10 FE 5G,N/A,STANDARD_SM,ADD_ON_PURCHASE,PRICE_EQUATION_MISMATCH,Quarantined by Rule Engine: PRICE_EQUATION_MISMATCH. Strictly prohibited from retail sale.,Promotion Tablet Sep 2026.xlsx,โปร และ เงื่อนไขการตัดขาย,11,,Verify formula in source Excel workbook or wait for branch supervisor confirmation
TAB-R12-ADDON-KEYBOARD,Galaxy Tab S10 FE WiFi,N/A,STANDARD_SM,ADD_ON_PURCHASE,PRICE_EQUATION_MISMATCH,Quarantined by Rule Engine: PRICE_EQUATION_MISMATCH. Strictly prohibited from retail sale.,Promotion Tablet Sep 2026.xlsx,โปร และ เงื่อนไขการตัดขาย,12,,Verify formula in source Excel workbook or wait for branch supervisor confirmation
TAB-R20-ADDON-KEYBOARD,"Galaxy Tab A11+  5G  (NEW)
(ไม่สามารถใช้ร่วมกับ SF+ ได้)",N/A,STANDARD_SM,ADD_ON_PURCHASE,PRICE_EQUATION_MISMATCH,Quarantined by Rule Engine: PRICE_EQUATION_MISMATCH. Strictly prohibited from retail sale.,Promotion Tablet Sep 2026.xlsx,โปร และ เงื่อนไขการตัดขาย,20,,Verify formula in source Excel workbook or wait for branch supervisor confirmation
TAB-R21-ADDON-KEYBOARD,"Galaxy Tab A11+  WiFi  (NEW)
(ไม่สามารถใช้ร่วมกับ SF+ ได้)",N/A,STANDARD_SM,ADD_ON_PURCHASE,PRICE_EQUATION_MISMATCH,Quarantined by Rule Engine: PRICE_EQUATION_MISMATCH. Strictly prohibited from retail sale.,Promotion Tablet Sep 2026.xlsx,โปร และ เงื่อนไขการตัดขาย,21,,Verify formula in source Excel workbook or wait for branch supervisor confirmation
TAB-R22-ADDON-KEYBOARD,"Galaxy Tab A11+  5G  (NEW)
(ใช้ร่วมกับ SF+ ได้)",N/A,STANDARD_SM,ADD_ON_PURCHASE,PRICE_EQUATION_MISMATCH,Quarantined by Rule Engine: PRICE_EQUATION_MISMATCH. Strictly prohibited from retail sale.,Promotion Tablet Sep 2026.xlsx,โปร และ เงื่อนไขการตัดขาย,22,,Verify formula in source Excel workbook or wait for branch supervisor confirmation
TAB-R23-ADDON-KEYBOARD,"Galaxy Tab A11+  WiFi  (NEW)
(ใช้ร่วมกับ SF+ ได้)",N/A,STANDARD_SM,ADD_ON_PURCHASE,PRICE_EQUATION_MISMATCH,Quarantined by Rule Engine: PRICE_EQUATION_MISMATCH. Strictly prohibited from retail sale.,Promotion Tablet Sep 2026.xlsx,โปร และ เงื่อนไขการตัดขาย,23,,Verify formula in source Excel workbook or wait for branch supervisor confirmation
TAB-R24-ADDON-KEYBOARD,"Galaxy Tab A11 LTE  (NEW)
(ไม่สามารถใช้ร่วมกับ SF+ ได้)",N/A,STANDARD_SM,ADD_ON_PURCHASE,PRICE_EQUATION_MISMATCH,Quarantined by Rule Engine: PRICE_EQUATION_MISMATCH. Strictly prohibited from retail sale.,Promotion Tablet Sep 2026.xlsx,โปร และ เงื่อนไขการตัดขาย,24,,Verify formula in source Excel workbook or wait for branch supervisor confirmation
TAB-R25-ADDON-KEYBOARD,"Galaxy Tab A11 LTE  (NEW)
(ใช้ร่วมกับ SF+ ได้)",N/A,STANDARD_SM,ADD_ON_PURCHASE,PRICE_EQUATION_MISMATCH,Quarantined by Rule Engine: PRICE_EQUATION_MISMATCH. Strictly prohibited from retail sale.,Promotion Tablet Sep 2026.xlsx,โปร และ เงื่อนไขการตัดขาย,25,,Verify formula in source Excel workbook or wait for branch supervisor confirmation
TAB-R26-STANDARD_PAYMENT,Watch Ultra 2,N/A,STANDARD_SM,STANDARD_PAYMENT,PRICE_EQUATION_MISMATCH,Quarantined by Rule Engine: PRICE_EQUATION_MISMATCH. Strictly prohibited from retail sale.,Promotion Tablet Sep 2026.xlsx,โปร และ เงื่อนไขการตัดขาย,26,,Verify formula in source Excel workbook or wait for branch supervisor confirmation
TAB-R27-STANDARD_PAYMENT,Watch Ultra (64GB),N/A,STANDARD_SM,STANDARD_PAYMENT,PRICE_EQUATION_MISMATCH,Quarantined by Rule Engine: PRICE_EQUATION_MISMATCH. Strictly prohibited from retail sale.,Promotion Tablet Sep 2026.xlsx,โปร และ เงื่อนไขการตัดขาย,27,,Verify formula in source Excel workbook or wait for branch supervisor confirmation
TAB-R28-STANDARD_PAYMENT,Watch Ultra (32GB),N/A,STANDARD_SM,STANDARD_PAYMENT,PRICE_EQUATION_MISMATCH,Quarantined by Rule Engine: PRICE_EQUATION_MISMATCH. Strictly prohibited from retail sale.,Promotion Tablet Sep 2026.xlsx,โปร และ เงื่อนไขการตัดขาย,28,,Verify formula in source Excel workbook or wait for branch supervisor confirmation
TAB-R29-STANDARD_PAYMENT,Watch8 Classic - LTE,N/A,STANDARD_SM,STANDARD_PAYMENT,PRICE_EQUATION_MISMATCH,Quarantined by Rule Engine: PRICE_EQUATION_MISMATCH. Strictly prohibited from retail sale.,Promotion Tablet Sep 2026.xlsx,โปร และ เงื่อนไขการตัดขาย,29,,Verify formula in source Excel workbook or wait for branch supervisor confirmation
TAB-R30-STANDARD_PAYMENT,Watch8 Classic - BT,N/A,STANDARD_SM,STANDARD_PAYMENT,PRICE_EQUATION_MISMATCH,Quarantined by Rule Engine: PRICE_EQUATION_MISMATCH. Strictly prohibited from retail sale.,Promotion Tablet Sep 2026.xlsx,โปร และ เงื่อนไขการตัดขาย,30,,Verify formula in source Excel workbook or wait for branch supervisor confirmation
TAB-R31-STANDARD_PAYMENT,Watch9 44mm,N/A,STANDARD_SM,STANDARD_PAYMENT,PRICE_EQUATION_MISMATCH,Quarantined by Rule Engine: PRICE_EQUATION_MISMATCH. Strictly prohibited from retail sale.,Promotion Tablet Sep 2026.xlsx,โปร และ เงื่อนไขการตัดขาย,31,,Verify formula in source Excel workbook or wait for branch supervisor confirmation
TAB-R32-STANDARD_PAYMENT,Watch9 40mm,N/A,STANDARD_SM,STANDARD_PAYMENT,PRICE_EQUATION_MISMATCH,Quarantined by Rule Engine: PRICE_EQUATION_MISMATCH. Strictly prohibited from retail sale.,Promotion Tablet Sep 2026.xlsx,โปร และ เงื่อนไขการตัดขาย,32,,Verify formula in source Excel workbook or wait for branch supervisor confirmation
TAB-R33-STANDARD_PAYMENT,Watch8 44mm,N/A,STANDARD_SM,STANDARD_PAYMENT,PRICE_EQUATION_MISMATCH,Quarantined by Rule Engine: PRICE_EQUATION_MISMATCH. Strictly prohibited from retail sale.,Promotion Tablet Sep 2026.xlsx,โปร และ เงื่อนไขการตัดขาย,33,,Verify formula in source Excel workbook or wait for branch supervisor confirmation
TAB-R34-STANDARD_PAYMENT,Watch8 40mm,N/A,STANDARD_SM,STANDARD_PAYMENT,PRICE_EQUATION_MISMATCH,Quarantined by Rule Engine: PRICE_EQUATION_MISMATCH. Strictly prohibited from retail sale.,Promotion Tablet Sep 2026.xlsx,โปร และ เงื่อนไขการตัดขาย,34,,Verify formula in source Excel workbook or wait for branch supervisor confirmation
TAB-R35-STANDARD_PAYMENT,Buds4 Pro Black,N/A,STANDARD_SM,STANDARD_PAYMENT,PRICE_EQUATION_MISMATCH,Quarantined by Rule Engine: PRICE_EQUATION_MISMATCH. Strictly prohibited from retail sale.,Promotion Tablet Sep 2026.xlsx,โปร และ เงื่อนไขการตัดขาย,35,,Verify formula in source Excel workbook or wait for branch supervisor confirmation
TAB-R36-STANDARD_PAYMENT,Buds4 Pro White,N/A,STANDARD_SM,STANDARD_PAYMENT,PRICE_EQUATION_MISMATCH,Quarantined by Rule Engine: PRICE_EQUATION_MISMATCH. Strictly prohibited from retail sale.,Promotion Tablet Sep 2026.xlsx,โปร และ เงื่อนไขการตัดขาย,36,,Verify formula in source Excel workbook or wait for branch supervisor confirmation
TAB-R37-STANDARD_PAYMENT,Buds4 Pro Pink,N/A,STANDARD_SM,STANDARD_PAYMENT,PRICE_EQUATION_MISMATCH,Quarantined by Rule Engine: PRICE_EQUATION_MISMATCH. Strictly prohibited from retail sale.,Promotion Tablet Sep 2026.xlsx,โปร และ เงื่อนไขการตัดขาย,37,,Verify formula in source Excel workbook or wait for branch supervisor confirmation
TAB-R38-STANDARD_PAYMENT,Buds4  Black,N/A,STANDARD_SM,STANDARD_PAYMENT,PRICE_EQUATION_MISMATCH,Quarantined by Rule Engine: PRICE_EQUATION_MISMATCH. Strictly prohibited from retail sale.,Promotion Tablet Sep 2026.xlsx,โปร และ เงื่อนไขการตัดขาย,38,,Verify formula in source Excel workbook or wait for branch supervisor confirmation
TAB-R39-STANDARD_PAYMENT,Buds4  White,N/A,STANDARD_SM,STANDARD_PAYMENT,PRICE_EQUATION_MISMATCH,Quarantined by Rule Engine: PRICE_EQUATION_MISMATCH. Strictly prohibited from retail sale.,Promotion Tablet Sep 2026.xlsx,โปร และ เงื่อนไขการตัดขาย,39,,Verify formula in source Excel workbook or wait for branch supervisor confirmation
TAB-R40-STANDARD_PAYMENT,Buds3 FE,N/A,STANDARD_SM,STANDARD_PAYMENT,PRICE_EQUATION_MISMATCH,Quarantined by Rule Engine: PRICE_EQUATION_MISMATCH. Strictly prohibited from retail sale.,Promotion Tablet Sep 2026.xlsx,โปร และ เงื่อนไขการตัดขาย,40,,Verify formula in source Excel workbook or wait for branch supervisor confirmation
TAB-R42-STANDARD_PAYMENT,Ring,N/A,STANDARD_SM,STANDARD_PAYMENT,PRICE_EQUATION_MISMATCH,Quarantined by Rule Engine: PRICE_EQUATION_MISMATCH. Strictly prohibited from retail sale.,Promotion Tablet Sep 2026.xlsx,โปร และ เงื่อนไขการตัดขาย,42,,Verify formula in source Excel workbook or wait for branch supervisor confirmation
TAB-R44-STANDARD_PAYMENT,SmartTag2,N/A,STANDARD_SM,STANDARD_PAYMENT,MISSING_NET_PRICE,Quarantined by Rule Engine: MISSING_NET_PRICE. Strictly prohibited from retail sale.,Promotion Tablet Sep 2026.xlsx,โปร และ เงื่อนไขการตัดขาย,44,,Verify formula in source Excel workbook or wait for branch supervisor confirmation
TAB-R45-STANDARD_PAYMENT,Flip7 / Fold7,N/A,STANDARD_SM,STANDARD_PAYMENT,MISSING_RRP,Quarantined by Rule Engine: MISSING_RRP. Strictly prohibited from retail sale.,Promotion Tablet Sep 2026.xlsx,โปร และ เงื่อนไขการตัดขาย,45,,Verify formula in source Excel workbook or wait for branch supervisor confirmation
TAB-R46-STANDARD_PAYMENT,S25 / S25+,N/A,STANDARD_SM,STANDARD_PAYMENT,MISSING_RRP,Quarantined by Rule Engine: MISSING_RRP. Strictly prohibited from retail sale.,Promotion Tablet Sep 2026.xlsx,โปร และ เงื่อนไขการตัดขาย,46,,Verify formula in source Excel workbook or wait for branch supervisor confirmation
TAB-R47-STANDARD_PAYMENT,A56 / A36,N/A,STANDARD_SM,STANDARD_PAYMENT,MISSING_RRP,Quarantined by Rule Engine: MISSING_RRP. Strictly prohibited from retail sale.,Promotion Tablet Sep 2026.xlsx,โปร และ เงื่อนไขการตัดขาย,47,,Verify formula in source Excel workbook or wait for branch supervisor confirmation
TAB-R48-STANDARD_PAYMENT,S25 FE,N/A,STANDARD_SM,STANDARD_PAYMENT,MISSING_RRP,Quarantined by Rule Engine: MISSING_RRP. Strictly prohibited from retail sale.,Promotion Tablet Sep 2026.xlsx,โปร และ เงื่อนไขการตัดขาย,48,,Verify formula in source Excel workbook or wait for branch supervisor confirmation
TAB-R49-STANDARD_PAYMENT,S25 Ultra,N/A,STANDARD_SM,STANDARD_PAYMENT,MISSING_RRP,Quarantined by Rule Engine: MISSING_RRP. Strictly prohibited from retail sale.,Promotion Tablet Sep 2026.xlsx,โปร และ เงื่อนไขการตัดขาย,49,,Verify formula in source Excel workbook or wait for branch supervisor confirmation
TAB-R50-STANDARD_PAYMENT,S26 Series,N/A,STANDARD_SM,STANDARD_PAYMENT,MISSING_RRP,Quarantined by Rule Engine: MISSING_RRP. Strictly prohibited from retail sale.,Promotion Tablet Sep 2026.xlsx,โปร และ เงื่อนไขการตัดขาย,50,,Verify formula in source Excel workbook or wait for branch supervisor confirmation
TAB-R51-STANDARD_PAYMENT,A57 / A37,N/A,STANDARD_SM,STANDARD_PAYMENT,MISSING_RRP,Quarantined by Rule Engine: MISSING_RRP. Strictly prohibited from retail sale.,Promotion Tablet Sep 2026.xlsx,โปร และ เงื่อนไขการตัดขาย,51,,Verify formula in source Excel workbook or wait for branch supervisor confirmation
TAB-R52-STANDARD_PAYMENT,"Watch Band and Buds Case
(Watch Ultra Band & Watch7 Band & Oder model / Buds3 Case",N/A,STANDARD_SM,STANDARD_PAYMENT,MISSING_RRP,Quarantined by Rule Engine: MISSING_RRP. Strictly prohibited from retail sale.,Promotion Tablet Sep 2026.xlsx,โปร และ เงื่อนไขการตัดขาย,52,,Verify formula in source Excel workbook or wait for branch supervisor confirmation
TAB-R53-STANDARD_PAYMENT,Watch8 Band,N/A,STANDARD_SM,STANDARD_PAYMENT,MISSING_RRP,Quarantined by Rule Engine: MISSING_RRP. Strictly prohibited from retail sale.,Promotion Tablet Sep 2026.xlsx,โปร และ เงื่อนไขการตัดขาย,53,,Verify formula in source Excel workbook or wait for branch supervisor confirmation
ACC-ERR-R70,,N/A,STANDARD_ACCESSORY,STANDARD_PAYMENT,FORMULA_CALCULATION_FAILURE,Quarantined by Rule Engine: FORMULA_CALCULATION_FAILURE. Strictly prohibited from retail sale.,Promotion Tablet Sep 2026.xlsx,โปร และ เงื่อนไขการตัดขาย,70,#ERROR!,Verify formula in source Excel workbook or wait for branch supervisor confirmation
ACC-ERR-R71,,N/A,STANDARD_ACCESSORY,STANDARD_PAYMENT,FORMULA_CALCULATION_FAILURE,Quarantined by Rule Engine: FORMULA_CALCULATION_FAILURE. Strictly prohibited from retail sale.,Promotion Tablet Sep 2026.xlsx,โปร และ เงื่อนไขการตัดขาย,71,#ERROR!,Verify formula in source Excel workbook or wait for branch supervisor confirmation
ACC-ERR-R72,,N/A,STANDARD_ACCESSORY,STANDARD_PAYMENT,FORMULA_CALCULATION_FAILURE,Quarantined by Rule Engine: FORMULA_CALCULATION_FAILURE. Strictly prohibited from retail sale.,Promotion Tablet Sep 2026.xlsx,โปร และ เงื่อนไขการตัดขาย,72,#ERROR!,Verify formula in source Excel workbook or wait for branch supervisor confirmation
ACC-ERR-R73,,N/A,STANDARD_ACCESSORY,STANDARD_PAYMENT,FORMULA_CALCULATION_FAILURE,Quarantined by Rule Engine: FORMULA_CALCULATION_FAILURE. Strictly prohibited from retail sale.,Promotion Tablet Sep 2026.xlsx,โปร และ เงื่อนไขการตัดขาย,73,#ERROR!,Verify formula in source Excel workbook or wait for branch supervisor confirmation
ACC-ERR-R74,,N/A,STANDARD_ACCESSORY,STANDARD_PAYMENT,FORMULA_CALCULATION_FAILURE,Quarantined by Rule Engine: FORMULA_CALCULATION_FAILURE. Strictly prohibited from retail sale.,Promotion Tablet Sep 2026.xlsx,โปร และ เงื่อนไขการตัดขาย,74,#ERROR!,Verify formula in source Excel workbook or wait for branch supervisor confirmation
ACC-ERR-R75,,N/A,STANDARD_ACCESSORY,STANDARD_PAYMENT,FORMULA_CALCULATION_FAILURE,Quarantined by Rule Engine: FORMULA_CALCULATION_FAILURE. Strictly prohibited from retail sale.,Promotion Tablet Sep 2026.xlsx,โปร และ เงื่อนไขการตัดขาย,75,#ERROR!,Verify formula in source Excel workbook or wait for branch supervisor confirmation
ACC-ERR-R76,,N/A,STANDARD_ACCESSORY,STANDARD_PAYMENT,FORMULA_CALCULATION_FAILURE,Quarantined by Rule Engine: FORMULA_CALCULATION_FAILURE. Strictly prohibited from retail sale.,Promotion Tablet Sep 2026.xlsx,โปร และ เงื่อนไขการตัดขาย,76,#ERROR!,Verify formula in source Excel workbook or wait for branch supervisor confirmation
ACC-ERR-R77,,N/A,STANDARD_ACCESSORY,STANDARD_PAYMENT,FORMULA_CALCULATION_FAILURE,Quarantined by Rule Engine: FORMULA_CALCULATION_FAILURE. Strictly prohibited from retail sale.,Promotion Tablet Sep 2026.xlsx,โปร และ เงื่อนไขการตัดขาย,77,#ERROR!,Verify formula in source Excel workbook or wait for branch supervisor confirmation
ACC-ERR-R78,,N/A,STANDARD_ACCESSORY,STANDARD_PAYMENT,FORMULA_CALCULATION_FAILURE,Quarantined by Rule Engine: FORMULA_CALCULATION_FAILURE. Strictly prohibited from retail sale.,Promotion Tablet Sep 2026.xlsx,โปร และ เงื่อนไขการตัดขาย,78,#ERROR!,Verify formula in source Excel workbook or wait for branch supervisor confirmation
ACC-ERR-R79,,N/A,STANDARD_ACCESSORY,STANDARD_PAYMENT,FORMULA_CALCULATION_FAILURE,Quarantined by Rule Engine: FORMULA_CALCULATION_FAILURE. Strictly prohibited from retail sale.,Promotion Tablet Sep 2026.xlsx,โปร และ เงื่อนไขการตัดขาย,79,#ERROR!,Verify formula in source Excel workbook or wait for branch supervisor confirmation
ACC-ERR-R80,,N/A,STANDARD_ACCESSORY,STANDARD_PAYMENT,FORMULA_CALCULATION_FAILURE,Quarantined by Rule Engine: FORMULA_CALCULATION_FAILURE. Strictly prohibited from retail sale.,Promotion Tablet Sep 2026.xlsx,โปร และ เงื่อนไขการตัดขาย,80,#ERROR!,Verify formula in source Excel workbook or wait for branch supervisor confirmation
ACC-ERR-R81,,N/A,STANDARD_ACCESSORY,STANDARD_PAYMENT,FORMULA_CALCULATION_FAILURE,Quarantined by Rule Engine: FORMULA_CALCULATION_FAILURE. Strictly prohibited from retail sale.,Promotion Tablet Sep 2026.xlsx,โปร และ เงื่อนไขการตัดขาย,81,#ERROR!,Verify formula in source Excel workbook or wait for branch supervisor confirmation
ACC-ERR-R82,,N/A,STANDARD_ACCESSORY,STANDARD_PAYMENT,FORMULA_CALCULATION_FAILURE,Quarantined by Rule Engine: FORMULA_CALCULATION_FAILURE. Strictly prohibited from retail sale.,Promotion Tablet Sep 2026.xlsx,โปร และ เงื่อนไขการตัดขาย,82,#ERROR!,Verify formula in source Excel workbook or wait for branch supervisor confirmation
ACC-ERR-R83,,N/A,STANDARD_ACCESSORY,STANDARD_PAYMENT,FORMULA_CALCULATION_FAILURE,Quarantined by Rule Engine: FORMULA_CALCULATION_FAILURE. Strictly prohibited from retail sale.,Promotion Tablet Sep 2026.xlsx,โปร และ เงื่อนไขการตัดขาย,83,#ERROR!,Verify formula in source Excel workbook or wait for branch supervisor confirmation
ACC-ERR-R84,,N/A,STANDARD_ACCESSORY,STANDARD_PAYMENT,FORMULA_CALCULATION_FAILURE,Quarantined by Rule Engine: FORMULA_CALCULATION_FAILURE. Strictly prohibited from retail sale.,Promotion Tablet Sep 2026.xlsx,โปร และ เงื่อนไขการตัดขาย,84,#ERROR!,Verify formula in source Excel workbook or wait for branch supervisor confirmation
ACC-ERR-R85,,N/A,STANDARD_ACCESSORY,STANDARD_PAYMENT,FORMULA_CALCULATION_FAILURE,Quarantined by Rule Engine: FORMULA_CALCULATION_FAILURE. Strictly prohibited from retail sale.,Promotion Tablet Sep 2026.xlsx,โปร และ เงื่อนไขการตัดขาย,85,#ERROR!,Verify formula in source Excel workbook or wait for branch supervisor confirmation
ACC-ERR-R86,,N/A,STANDARD_ACCESSORY,STANDARD_PAYMENT,FORMULA_CALCULATION_FAILURE,Quarantined by Rule Engine: FORMULA_CALCULATION_FAILURE. Strictly prohibited from retail sale.,Promotion Tablet Sep 2026.xlsx,โปร และ เงื่อนไขการตัดขาย,86,#ERROR!,Verify formula in source Excel workbook or wait for branch supervisor confirmation
ACC-ERR-R87,,N/A,STANDARD_ACCESSORY,STANDARD_PAYMENT,FORMULA_CALCULATION_FAILURE,Quarantined by Rule Engine: FORMULA_CALCULATION_FAILURE. Strictly prohibited from retail sale.,Promotion Tablet Sep 2026.xlsx,โปร และ เงื่อนไขการตัดขาย,87,#ERROR!,Verify formula in source Excel workbook or wait for branch supervisor confirmation
ACC-ERR-R88,,N/A,STANDARD_ACCESSORY,STANDARD_PAYMENT,FORMULA_CALCULATION_FAILURE,Quarantined by Rule Engine: FORMULA_CALCULATION_FAILURE. Strictly prohibited from retail sale.,Promotion Tablet Sep 2026.xlsx,โปร และ เงื่อนไขการตัดขาย,88,#ERROR!,Verify formula in source Excel workbook or wait for branch supervisor confirmation
ACC-ERR-R89,,N/A,STANDARD_ACCESSORY,STANDARD_PAYMENT,FORMULA_CALCULATION_FAILURE,Quarantined by Rule Engine: FORMULA_CALCULATION_FAILURE. Strictly prohibited from retail sale.,Promotion Tablet Sep 2026.xlsx,โปร และ เงื่อนไขการตัดขาย,89,#ERROR!,Verify formula in source Excel workbook or wait for branch supervisor confirmation
ACC-ERR-R90,,N/A,STANDARD_ACCESSORY,STANDARD_PAYMENT,FORMULA_CALCULATION_FAILURE,Quarantined by Rule Engine: FORMULA_CALCULATION_FAILURE. Strictly prohibited from retail sale.,Promotion Tablet Sep 2026.xlsx,โปร และ เงื่อนไขการตัดขาย,90,#ERROR!,Verify formula in source Excel workbook or wait for branch supervisor confirmation
ACC-ERR-R91,,N/A,STANDARD_ACCESSORY,STANDARD_PAYMENT,FORMULA_CALCULATION_FAILURE,Quarantined by Rule Engine: FORMULA_CALCULATION_FAILURE. Strictly prohibited from retail sale.,Promotion Tablet Sep 2026.xlsx,โปร และ เงื่อนไขการตัดขาย,91,#ERROR!,Verify formula in source Excel workbook or wait for branch supervisor confirmation
ACC-ERR-R92,,N/A,STANDARD_ACCESSORY,STANDARD_PAYMENT,FORMULA_CALCULATION_FAILURE,Quarantined by Rule Engine: FORMULA_CALCULATION_FAILURE. Strictly prohibited from retail sale.,Promotion Tablet Sep 2026.xlsx,โปร และ เงื่อนไขการตัดขาย,92,#ERROR!,Verify formula in source Excel workbook or wait for branch supervisor confirmation
ACC-ERR-R93,,N/A,STANDARD_ACCESSORY,STANDARD_PAYMENT,FORMULA_CALCULATION_FAILURE,Quarantined by Rule Engine: FORMULA_CALCULATION_FAILURE. Strictly prohibited from retail sale.,Promotion Tablet Sep 2026.xlsx,โปร และ เงื่อนไขการตัดขาย,93,#ERROR!,Verify formula in source Excel workbook or wait for branch supervisor confirmation
ACC-ERR-R94,,N/A,STANDARD_ACCESSORY,STANDARD_PAYMENT,FORMULA_CALCULATION_FAILURE,Quarantined by Rule Engine: FORMULA_CALCULATION_FAILURE. Strictly prohibited from retail sale.,Promotion Tablet Sep 2026.xlsx,โปร และ เงื่อนไขการตัดขาย,94,#ERROR!,Verify formula in source Excel workbook or wait for branch supervisor confirmation
ACC-ERR-R95,,N/A,STANDARD_ACCESSORY,STANDARD_PAYMENT,FORMULA_CALCULATION_FAILURE,Quarantined by Rule Engine: FORMULA_CALCULATION_FAILURE. Strictly prohibited from retail sale.,Promotion Tablet Sep 2026.xlsx,โปร และ เงื่อนไขการตัดขาย,95,#ERROR!,Verify formula in source Excel workbook or wait for branch supervisor confirmation
ACC-ERR-R96,,N/A,STANDARD_ACCESSORY,STANDARD_PAYMENT,FORMULA_CALCULATION_FAILURE,Quarantined by Rule Engine: FORMULA_CALCULATION_FAILURE. Strictly prohibited from retail sale.,Promotion Tablet Sep 2026.xlsx,โปร และ เงื่อนไขการตัดขาย,96,#ERROR!,Verify formula in source Excel workbook or wait for branch supervisor confirmation
ACC-ERR-R97,,N/A,STANDARD_ACCESSORY,STANDARD_PAYMENT,FORMULA_CALCULATION_FAILURE,Quarantined by Rule Engine: FORMULA_CALCULATION_FAILURE. Strictly prohibited from retail sale.,Promotion Tablet Sep 2026.xlsx,โปร และ เงื่อนไขการตัดขาย,97,#ERROR!,Verify formula in source Excel workbook or wait for branch supervisor confirmation
ACC-ERR-R98,,N/A,STANDARD_ACCESSORY,STANDARD_PAYMENT,FORMULA_CALCULATION_FAILURE,Quarantined by Rule Engine: FORMULA_CALCULATION_FAILURE. Strictly prohibited from retail sale.,Promotion Tablet Sep 2026.xlsx,โปร และ เงื่อนไขการตัดขาย,98,#ERROR!,Verify formula in source Excel workbook or wait for branch supervisor confirmation
ACC-ERR-R99,,N/A,STANDARD_ACCESSORY,STANDARD_PAYMENT,FORMULA_CALCULATION_FAILURE,Quarantined by Rule Engine: FORMULA_CALCULATION_FAILURE. Strictly prohibited from retail sale.,Promotion Tablet Sep 2026.xlsx,โปร และ เงื่อนไขการตัดขาย,99,#ERROR!,Verify formula in source Excel workbook or wait for branch supervisor confirmation
ACC-ERR-R100,,N/A,STANDARD_ACCESSORY,STANDARD_PAYMENT,FORMULA_CALCULATION_FAILURE,Quarantined by Rule Engine: FORMULA_CALCULATION_FAILURE. Strictly prohibited from retail sale.,Promotion Tablet Sep 2026.xlsx,โปร และ เงื่อนไขการตัดขาย,100,#ERROR!,Verify formula in source Excel workbook or wait for branch supervisor confirmation
ACC-ERR-R101,,N/A,STANDARD_ACCESSORY,STANDARD_PAYMENT,FORMULA_CALCULATION_FAILURE,Quarantined by Rule Engine: FORMULA_CALCULATION_FAILURE. Strictly prohibited from retail sale.,Promotion Tablet Sep 2026.xlsx,โปร และ เงื่อนไขการตัดขาย,101,#ERROR!,Verify formula in source Excel workbook or wait for branch supervisor confirmation
ACC-ERR-R102,,N/A,STANDARD_ACCESSORY,STANDARD_PAYMENT,FORMULA_CALCULATION_FAILURE,Quarantined by Rule Engine: FORMULA_CALCULATION_FAILURE. Strictly prohibited from retail sale.,Promotion Tablet Sep 2026.xlsx,โปร และ เงื่อนไขการตัดขาย,102,#ERROR!,Verify formula in source Excel workbook or wait for branch supervisor confirmation
ACC-ERR-R103,,N/A,STANDARD_ACCESSORY,STANDARD_PAYMENT,FORMULA_CALCULATION_FAILURE,Quarantined by Rule Engine: FORMULA_CALCULATION_FAILURE. Strictly prohibited from retail sale.,Promotion Tablet Sep 2026.xlsx,โปร และ เงื่อนไขการตัดขาย,103,#ERROR!,Verify formula in source Excel workbook or wait for branch supervisor confirmation
ACC-ERR-R104,,N/A,STANDARD_ACCESSORY,STANDARD_PAYMENT,FORMULA_CALCULATION_FAILURE,Quarantined by Rule Engine: FORMULA_CALCULATION_FAILURE. Strictly prohibited from retail sale.,Promotion Tablet Sep 2026.xlsx,โปร และ เงื่อนไขการตัดขาย,104,#ERROR!,Verify formula in source Excel workbook or wait for branch supervisor confirmation
ACC-ERR-R105,,N/A,STANDARD_ACCESSORY,STANDARD_PAYMENT,FORMULA_CALCULATION_FAILURE,Quarantined by Rule Engine: FORMULA_CALCULATION_FAILURE. Strictly prohibited from retail sale.,Promotion Tablet Sep 2026.xlsx,โปร และ เงื่อนไขการตัดขาย,105,#ERROR!,Verify formula in source Excel workbook or wait for branch supervisor confirmation
ACC-ERR-R106,,N/A,STANDARD_ACCESSORY,STANDARD_PAYMENT,FORMULA_CALCULATION_FAILURE,Quarantined by Rule Engine: FORMULA_CALCULATION_FAILURE. Strictly prohibited from retail sale.,Promotion Tablet Sep 2026.xlsx,โปร และ เงื่อนไขการตัดขาย,106,#ERROR!,Verify formula in source Excel workbook or wait for branch supervisor confirmation
ACC-ERR-R107,,N/A,STANDARD_ACCESSORY,STANDARD_PAYMENT,FORMULA_CALCULATION_FAILURE,Quarantined by Rule Engine: FORMULA_CALCULATION_FAILURE. Strictly prohibited from retail sale.,Promotion Tablet Sep 2026.xlsx,โปร และ เงื่อนไขการตัดขาย,107,#ERROR!,Verify formula in source Excel workbook or wait for branch supervisor confirmation
ACC-ERR-R108,,N/A,STANDARD_ACCESSORY,STANDARD_PAYMENT,FORMULA_CALCULATION_FAILURE,Quarantined by Rule Engine: FORMULA_CALCULATION_FAILURE. Strictly prohibited from retail sale.,Promotion Tablet Sep 2026.xlsx,โปร และ เงื่อนไขการตัดขาย,108,#ERROR!,Verify formula in source Excel workbook or wait for branch supervisor confirmation
ACC-ERR-R109,,N/A,STANDARD_ACCESSORY,STANDARD_PAYMENT,FORMULA_CALCULATION_FAILURE,Quarantined by Rule Engine: FORMULA_CALCULATION_FAILURE. Strictly prohibited from retail sale.,Promotion Tablet Sep 2026.xlsx,โปร และ เงื่อนไขการตัดขาย,109,#ERROR!,Verify formula in source Excel workbook or wait for branch supervisor confirmation
ACC-ERR-R110,,N/A,STANDARD_ACCESSORY,STANDARD_PAYMENT,FORMULA_CALCULATION_FAILURE,Quarantined by Rule Engine: FORMULA_CALCULATION_FAILURE. Strictly prohibited from retail sale.,Promotion Tablet Sep 2026.xlsx,โปร และ เงื่อนไขการตัดขาย,110,#ERROR!,Verify formula in source Excel workbook or wait for branch supervisor confirmation
ACC-ERR-R111,,N/A,STANDARD_ACCESSORY,STANDARD_PAYMENT,FORMULA_CALCULATION_FAILURE,Quarantined by Rule Engine: FORMULA_CALCULATION_FAILURE. Strictly prohibited from retail sale.,Promotion Tablet Sep 2026.xlsx,โปร และ เงื่อนไขการตัดขาย,111,#ERROR!,Verify formula in source Excel workbook or wait for branch supervisor confirmation
ACC-ERR-R112,,N/A,STANDARD_ACCESSORY,STANDARD_PAYMENT,FORMULA_CALCULATION_FAILURE,Quarantined by Rule Engine: FORMULA_CALCULATION_FAILURE. Strictly prohibited from retail sale.,Promotion Tablet Sep 2026.xlsx,โปร และ เงื่อนไขการตัดขาย,112,#ERROR!,Verify formula in source Excel workbook or wait for branch supervisor confirmation
ACC-ERR-R113,,N/A,STANDARD_ACCESSORY,STANDARD_PAYMENT,FORMULA_CALCULATION_FAILURE,Quarantined by Rule Engine: FORMULA_CALCULATION_FAILURE. Strictly prohibited from retail sale.,Promotion Tablet Sep 2026.xlsx,โปร และ เงื่อนไขการตัดขาย,113,#ERROR!,Verify formula in source Excel workbook or wait for branch supervisor confirmation
ACC-ERR-R114,,N/A,STANDARD_ACCESSORY,STANDARD_PAYMENT,FORMULA_CALCULATION_FAILURE,Quarantined by Rule Engine: FORMULA_CALCULATION_FAILURE. Strictly prohibited from retail sale.,Promotion Tablet Sep 2026.xlsx,โปร และ เงื่อนไขการตัดขาย,114,#ERROR!,Verify formula in source Excel workbook or wait for branch supervisor confirmation
ACC-ERR-R115,,N/A,STANDARD_ACCESSORY,STANDARD_PAYMENT,FORMULA_CALCULATION_FAILURE,Quarantined by Rule Engine: FORMULA_CALCULATION_FAILURE. Strictly prohibited from retail sale.,Promotion Tablet Sep 2026.xlsx,โปร และ เงื่อนไขการตัดขาย,115,#ERROR!,Verify formula in source Excel workbook or wait for branch supervisor confirmation
ACC-ERR-R116,,N/A,STANDARD_ACCESSORY,STANDARD_PAYMENT,FORMULA_CALCULATION_FAILURE,Quarantined by Rule Engine: FORMULA_CALCULATION_FAILURE. Strictly prohibited from retail sale.,Promotion Tablet Sep 2026.xlsx,โปร และ เงื่อนไขการตัดขาย,116,#ERROR!,Verify formula in source Excel workbook or wait for branch supervisor confirmation
ACC-ERR-R117,,N/A,STANDARD_ACCESSORY,STANDARD_PAYMENT,FORMULA_CALCULATION_FAILURE,Quarantined by Rule Engine: FORMULA_CALCULATION_FAILURE. Strictly prohibited from retail sale.,Promotion Tablet Sep 2026.xlsx,โปร และ เงื่อนไขการตัดขาย,117,#ERROR!,Verify formula in source Excel workbook or wait for branch supervisor confirmation
ACC-ERR-R118,,N/A,STANDARD_ACCESSORY,STANDARD_PAYMENT,FORMULA_CALCULATION_FAILURE,Quarantined by Rule Engine: FORMULA_CALCULATION_FAILURE. Strictly prohibited from retail sale.,Promotion Tablet Sep 2026.xlsx,โปร และ เงื่อนไขการตัดขาย,118,#ERROR!,Verify formula in source Excel workbook or wait for branch supervisor confirmation
ACC-ERR-R119,,N/A,STANDARD_ACCESSORY,STANDARD_PAYMENT,FORMULA_CALCULATION_FAILURE,Quarantined by Rule Engine: FORMULA_CALCULATION_FAILURE. Strictly prohibited from retail sale.,Promotion Tablet Sep 2026.xlsx,โปร และ เงื่อนไขการตัดขาย,119,#ERROR!,Verify formula in source Excel workbook or wait for branch supervisor confirmation
ACC-ERR-R120,,N/A,STANDARD_ACCESSORY,STANDARD_PAYMENT,FORMULA_CALCULATION_FAILURE,Quarantined by Rule Engine: FORMULA_CALCULATION_FAILURE. Strictly prohibited from retail sale.,Promotion Tablet Sep 2026.xlsx,โปร และ เงื่อนไขการตัดขาย,120,#ERROR!,Verify formula in source Excel workbook or wait for branch supervisor confirmation
ACC-ERR-R121,,N/A,STANDARD_ACCESSORY,STANDARD_PAYMENT,FORMULA_CALCULATION_FAILURE,Quarantined by Rule Engine: FORMULA_CALCULATION_FAILURE. Strictly prohibited from retail sale.,Promotion Tablet Sep 2026.xlsx,โปร และ เงื่อนไขการตัดขาย,121,#ERROR!,Verify formula in source Excel workbook or wait for branch supervisor confirmation
ACC-ERR-R122,,N/A,STANDARD_ACCESSORY,STANDARD_PAYMENT,FORMULA_CALCULATION_FAILURE,Quarantined by Rule Engine: FORMULA_CALCULATION_FAILURE. Strictly prohibited from retail sale.,Promotion Tablet Sep 2026.xlsx,โปร และ เงื่อนไขการตัดขาย,122,#ERROR!,Verify formula in source Excel workbook or wait for branch supervisor confirmation
ACC-ERR-R123,,N/A,STANDARD_ACCESSORY,STANDARD_PAYMENT,FORMULA_CALCULATION_FAILURE,Quarantined by Rule Engine: FORMULA_CALCULATION_FAILURE. Strictly prohibited from retail sale.,Promotion Tablet Sep 2026.xlsx,โปร และ เงื่อนไขการตัดขาย,123,#ERROR!,Verify formula in source Excel workbook or wait for branch supervisor confirmation
ACC-ERR-R124,,N/A,STANDARD_ACCESSORY,STANDARD_PAYMENT,FORMULA_CALCULATION_FAILURE,Quarantined by Rule Engine: FORMULA_CALCULATION_FAILURE. Strictly prohibited from retail sale.,Promotion Tablet Sep 2026.xlsx,โปร และ เงื่อนไขการตัดขาย,124,#ERROR!,Verify formula in source Excel workbook or wait for branch supervisor confirmation
ACC-ERR-R125,,N/A,STANDARD_ACCESSORY,STANDARD_PAYMENT,FORMULA_CALCULATION_FAILURE,Quarantined by Rule Engine: FORMULA_CALCULATION_FAILURE. Strictly prohibited from retail sale.,Promotion Tablet Sep 2026.xlsx,โปร และ เงื่อนไขการตัดขาย,125,#ERROR!,Verify formula in source Excel workbook or wait for branch supervisor confirmation
ACC-ERR-R126,,N/A,STANDARD_ACCESSORY,STANDARD_PAYMENT,FORMULA_CALCULATION_FAILURE,Quarantined by Rule Engine: FORMULA_CALCULATION_FAILURE. Strictly prohibited from retail sale.,Promotion Tablet Sep 2026.xlsx,โปร และ เงื่อนไขการตัดขาย,126,#ERROR!,Verify formula in source Excel workbook or wait for branch supervisor confirmation
ACC-ERR-R127,,N/A,STANDARD_ACCESSORY,STANDARD_PAYMENT,FORMULA_CALCULATION_FAILURE,Quarantined by Rule Engine: FORMULA_CALCULATION_FAILURE. Strictly prohibited from retail sale.,Promotion Tablet Sep 2026.xlsx,โปร และ เงื่อนไขการตัดขาย,127,#ERROR!,Verify formula in source Excel workbook or wait for branch supervisor confirmation
ACC-ERR-R128,,N/A,STANDARD_ACCESSORY,STANDARD_PAYMENT,FORMULA_CALCULATION_FAILURE,Quarantined by Rule Engine: FORMULA_CALCULATION_FAILURE. Strictly prohibited from retail sale.,Promotion Tablet Sep 2026.xlsx,โปร และ เงื่อนไขการตัดขาย,128,#ERROR!,Verify formula in source Excel workbook or wait for branch supervisor confirmation
ACC-ERR-R129,,N/A,STANDARD_ACCESSORY,STANDARD_PAYMENT,FORMULA_CALCULATION_FAILURE,Quarantined by Rule Engine: FORMULA_CALCULATION_FAILURE. Strictly prohibited from retail sale.,Promotion Tablet Sep 2026.xlsx,โปร และ เงื่อนไขการตัดขาย,129,#ERROR!,Verify formula in source Excel workbook or wait for branch supervisor confirmation
ACC-ERR-R130,,N/A,STANDARD_ACCESSORY,STANDARD_PAYMENT,FORMULA_CALCULATION_FAILURE,Quarantined by Rule Engine: FORMULA_CALCULATION_FAILURE. Strictly prohibited from retail sale.,Promotion Tablet Sep 2026.xlsx,โปร และ เงื่อนไขการตัดขาย,130,#ERROR!,Verify formula in source Excel workbook or wait for branch supervisor confirmation
ACC-ERR-R131,,N/A,STANDARD_ACCESSORY,STANDARD_PAYMENT,FORMULA_CALCULATION_FAILURE,Quarantined by Rule Engine: FORMULA_CALCULATION_FAILURE. Strictly prohibited from retail sale.,Promotion Tablet Sep 2026.xlsx,โปร และ เงื่อนไขการตัดขาย,131,#ERROR!,Verify formula in source Excel workbook or wait for branch supervisor confirmation
ACC-ERR-R132,,N/A,STANDARD_ACCESSORY,STANDARD_PAYMENT,FORMULA_CALCULATION_FAILURE,Quarantined by Rule Engine: FORMULA_CALCULATION_FAILURE. Strictly prohibited from retail sale.,Promotion Tablet Sep 2026.xlsx,โปร และ เงื่อนไขการตัดขาย,132,#ERROR!,Verify formula in source Excel workbook or wait for branch supervisor confirmation
ACC-ERR-R133,,N/A,STANDARD_ACCESSORY,STANDARD_PAYMENT,FORMULA_CALCULATION_FAILURE,Quarantined by Rule Engine: FORMULA_CALCULATION_FAILURE. Strictly prohibited from retail sale.,Promotion Tablet Sep 2026.xlsx,โปร และ เงื่อนไขการตัดขาย,133,#ERROR!,Verify formula in source Excel workbook or wait for branch supervisor confirmation
ACC-ERR-R134,,N/A,STANDARD_ACCESSORY,STANDARD_PAYMENT,FORMULA_CALCULATION_FAILURE,Quarantined by Rule Engine: FORMULA_CALCULATION_FAILURE. Strictly prohibited from retail sale.,Promotion Tablet Sep 2026.xlsx,โปร และ เงื่อนไขการตัดขาย,134,#ERROR!,Verify formula in source Excel workbook or wait for branch supervisor confirmation
ACC-ERR-R135,,N/A,STANDARD_ACCESSORY,STANDARD_PAYMENT,FORMULA_CALCULATION_FAILURE,Quarantined by Rule Engine: FORMULA_CALCULATION_FAILURE. Strictly prohibited from retail sale.,Promotion Tablet Sep 2026.xlsx,โปร และ เงื่อนไขการตัดขาย,135,#ERROR!,Verify formula in source Excel workbook or wait for branch supervisor confirmation
ACC-ERR-R136,,N/A,STANDARD_ACCESSORY,STANDARD_PAYMENT,FORMULA_CALCULATION_FAILURE,Quarantined by Rule Engine: FORMULA_CALCULATION_FAILURE. Strictly prohibited from retail sale.,Promotion Tablet Sep 2026.xlsx,โปร และ เงื่อนไขการตัดขาย,136,#ERROR!,Verify formula in source Excel workbook or wait for branch supervisor confirmation
ACC-ERR-R137,,N/A,STANDARD_ACCESSORY,STANDARD_PAYMENT,FORMULA_CALCULATION_FAILURE,Quarantined by Rule Engine: FORMULA_CALCULATION_FAILURE. Strictly prohibited from retail sale.,Promotion Tablet Sep 2026.xlsx,โปร และ เงื่อนไขการตัดขาย,137,#ERROR!,Verify formula in source Excel workbook or wait for branch supervisor confirmation
ACC-ERR-R138,,N/A,STANDARD_ACCESSORY,STANDARD_PAYMENT,FORMULA_CALCULATION_FAILURE,Quarantined by Rule Engine: FORMULA_CALCULATION_FAILURE. Strictly prohibited from retail sale.,Promotion Tablet Sep 2026.xlsx,โปร และ เงื่อนไขการตัดขาย,138,#ERROR!,Verify formula in source Excel workbook or wait for branch supervisor confirmation
ACC-ERR-R139,,N/A,STANDARD_ACCESSORY,STANDARD_PAYMENT,FORMULA_CALCULATION_FAILURE,Quarantined by Rule Engine: FORMULA_CALCULATION_FAILURE. Strictly prohibited from retail sale.,Promotion Tablet Sep 2026.xlsx,โปร และ เงื่อนไขการตัดขาย,139,#ERROR!,Verify formula in source Excel workbook or wait for branch supervisor confirmation
ACC-ERR-R140,,N/A,STANDARD_ACCESSORY,STANDARD_PAYMENT,FORMULA_CALCULATION_FAILURE,Quarantined by Rule Engine: FORMULA_CALCULATION_FAILURE. Strictly prohibited from retail sale.,Promotion Tablet Sep 2026.xlsx,โปร และ เงื่อนไขการตัดขาย,140,#ERROR!,Verify formula in source Excel workbook or wait for branch supervisor confirmation
ACC-ERR-R141,,N/A,STANDARD_ACCESSORY,STANDARD_PAYMENT,FORMULA_CALCULATION_FAILURE,Quarantined by Rule Engine: FORMULA_CALCULATION_FAILURE. Strictly prohibited from retail sale.,Promotion Tablet Sep 2026.xlsx,โปร และ เงื่อนไขการตัดขาย,141,#ERROR!,Verify formula in source Excel workbook or wait for branch supervisor confirmation
ACC-ERR-R142,,N/A,STANDARD_ACCESSORY,STANDARD_PAYMENT,FORMULA_CALCULATION_FAILURE,Quarantined by Rule Engine: FORMULA_CALCULATION_FAILURE. Strictly prohibited from retail sale.,Promotion Tablet Sep 2026.xlsx,โปร และ เงื่อนไขการตัดขาย,142,#ERROR!,Verify formula in source Excel workbook or wait for branch supervisor confirmation
ACC-ERR-R143,,N/A,STANDARD_ACCESSORY,STANDARD_PAYMENT,FORMULA_CALCULATION_FAILURE,Quarantined by Rule Engine: FORMULA_CALCULATION_FAILURE. Strictly prohibited from retail sale.,Promotion Tablet Sep 2026.xlsx,โปร และ เงื่อนไขการตัดขาย,143,#ERROR!,Verify formula in source Excel workbook or wait for branch supervisor confirmation
ACC-ERR-R144,,N/A,STANDARD_ACCESSORY,STANDARD_PAYMENT,FORMULA_CALCULATION_FAILURE,Quarantined by Rule Engine: FORMULA_CALCULATION_FAILURE. Strictly prohibited from retail sale.,Promotion Tablet Sep 2026.xlsx,โปร และ เงื่อนไขการตัดขาย,144,#ERROR!,Verify formula in source Excel workbook or wait for branch supervisor confirmation
PREM-2025-R6,,Premium*****,STANDARD_SM,STANDARD_PAYMENT,QUARANTINED_UNPROVEN,Quarantined by Rule Engine: QUARANTINED_UNPROVEN. Strictly prohibited from retail sale.,Promotion Retail Aug 2026.xlsx,Promotion Premium Q2.2026,6,,Verify formula in source Excel workbook or wait for branch supervisor confirmation
PREM-2025-R8,,Premium*****,STANDARD_SM,STANDARD_PAYMENT,QUARANTINED_UNPROVEN,Quarantined by Rule Engine: QUARANTINED_UNPROVEN. Strictly prohibited from retail sale.,Promotion Retail Aug 2026.xlsx,Promotion Premium Q2.2026,8,,Verify formula in source Excel workbook or wait for branch supervisor confirmation
PREM-2025-R13,,Premium*****,STANDARD_SM,STANDARD_PAYMENT,QUARANTINED_UNPROVEN,Quarantined by Rule Engine: QUARANTINED_UNPROVEN. Strictly prohibited from retail sale.,Promotion Retail Aug 2026.xlsx,Promotion Premium Q2.2026,13,,Verify formula in source Excel workbook or wait for branch supervisor confirmation
PREM-2025-R20,,Premium*****,STANDARD_SM,STANDARD_PAYMENT,QUARANTINED_UNPROVEN,Quarantined by Rule Engine: QUARANTINED_UNPROVEN. Strictly prohibited from retail sale.,Promotion Retail Aug 2026.xlsx,Promotion Premium Q2.2026,20,,Verify formula in source Excel workbook or wait for branch supervisor confirmation
PREM-2025-R21,,[PM]Jis*****,STANDARD_SM,STANDARD_PAYMENT,QUARANTINED_UNPROVEN,Quarantined by Rule Engine: QUARANTINED_UNPROVEN. Strictly prohibited from retail sale.,Promotion Retail Aug 2026.xlsx,Promotion Premium Q2.2026,21,,Verify formula in source Excel workbook or wait for branch supervisor confirmation
PREM-2025-R29,,[PM]Jis*****,STANDARD_SM,STANDARD_PAYMENT,QUARANTINED_UNPROVEN,Quarantined by Rule Engine: QUARANTINED_UNPROVEN. Strictly prohibited from retail sale.,Promotion Retail Aug 2026.xlsx,Promotion Premium Q2.2026,29,,Verify formula in source Excel workbook or wait for branch supervisor confirmation
BR-S26U-512-CONFLICT,Galaxy S26 Ultra 512GB,SM-S948*****,STANDARD_SM,TRADE_UP,PRICE_EQUATION_MISMATCH,Quarantined by Rule Engine: PRICE_EQUATION_MISMATCH. Strictly prohibited from retail sale.,Branch Confirmed Rules.json,BR-10-S26U,1,,Verify formula in source Excel workbook or wait for branch supervisor confirmation
